registro_id;produto_gtin;gtin;e_o_proprio;type_packaging;quantity_packaging;ballast;layer;fonte;pagina;coletado_em;responsavel
ncm:22029100|p0001|2026-09-16T00:44:14Z|01;7891149104932;7891149104932;sim;Unidade;1;;;ncm:22029100;1;2026-09-16T00:44:14Z;PILAR
ncm:22029100|p0001|2026-09-16T00:44:14Z|01;7891149104932;7891149104949;não;Caixa;12;13;22;ncm:22029100;1;2026-09-16T00:44:14Z;PILAR
ncm:22029100|p0001|2026-09-16T00:44:14Z|02;7896005302545;7896005302545;sim;Unidade;1;;;ncm:22029100;1;2026-09-16T00:44:14Z;PILAR
ncm:22029100|p0001|2026-09-16T00:44:14Z|03;7898303431989;7898303431989;sim;Unidade;1;;;ncm:22029100;1;2026-09-16T00:44:14Z;PILAR
ncm:22029100|p0001|2026-09-16T00:44:14Z|04;7897395040123;7897395040123;sim;Unidade;1;;;ncm:22029100;1;2026-09-16T00:44:14Z;PILAR
ncm:22029100|p0001|2026-09-16T00:44:14Z|05;78909205;78909205;sim;Unidade;1;;;ncm:22029100;1;2026-09-16T00:44:14Z;PILAR
ncm:22029100|p0001|2026-09-16T00:44:14Z|05;78909205;7891991003544;não;Unidade;6;0;;ncm:22029100;1;2026-09-16T00:44:14Z;PILAR
ncm:22029100|p0001|2026-09-16T00:44:14Z|05;78909205;7891991003728;não;Caixa;24;0;0;ncm:22029100;1;2026-09-16T00:44:14Z;PILAR
ncm:22029100|p0001|2026-09-16T00:44:14Z|06;7896052605415;7896052601431;não;Unidade;1;0;0;ncm:22029100;1;2026-09-16T00:44:14Z;PILAR
ncm:22029100|p0001|2026-09-16T00:44:14Z|06;7896052605415;7896052605415;sim;Unidade;1;;;ncm:22029100;1;2026-09-16T00:44:14Z;PILAR
ncm:22029100|p0001|2026-09-16T00:44:14Z|07;7898303430029;7898303430029;sim;Unidade;1;;;ncm:22029100;1;2026-09-16T00:44:14Z;PILAR
ncm:22029100|p0001|2026-09-16T00:44:14Z|08;7897395060398;7897395060398;sim;Unidade;1;;;ncm:22029100;1;2026-09-16T00:44:14Z;PILAR
ncm:22029100|p0001|2026-09-16T00:44:14Z|09;4066600061502;4066600011507;não;Unidade;1;0;0;ncm:22029100;1;2026-09-16T00:44:14Z;PILAR
ncm:22029100|p0001|2026-09-16T00:44:14Z|09;4066600061502;4066600061502;sim;Unidade;1;;;ncm:22029100;1;2026-09-16T00:44:14Z;PILAR
ncm:22029100|p0001|2026-09-16T00:44:14Z|10;7896005302507;7896005302507;sim;Unidade;1;;;ncm:22029100;1;2026-09-16T00:44:14Z;PILAR
ncm:22029100|p0001|2026-09-16T00:44:14Z|11;7898032910205;7898032910205;sim;Unidade;1;;;ncm:22029100;1;2026-09-16T00:44:14Z;PILAR
ncm:22029100|p0001|2026-09-16T00:44:14Z|11;7898032910205;17898032910202;não;Unidade;12;13;22;ncm:22029100;1;2026-09-16T00:44:14Z;PILAR
ncm:22029100|p0001|2026-09-16T00:44:14Z|12;7897001050041;7897001050041;sim;Unidade;1;;;ncm:22029100;1;2026-09-16T00:44:14Z;PILAR
ncm:22029100|p0001|2026-09-16T00:44:14Z|12;7897001050041;17897001050048;não;Unidade;27;0;0;ncm:22029100;1;2026-09-16T00:44:14Z;PILAR
ncm:22029100|p0001|2026-09-16T00:44:14Z|13;7896045504565;7896045504565;sim;Unidade;1;;;ncm:22029100;1;2026-09-16T00:44:14Z;PILAR
ncm:22029100|p0001|2026-09-16T00:44:14Z|13;7896045504565;7896045504589;não;Unidade;1;12;22;ncm:22029100;1;2026-09-16T00:44:14Z;PILAR
ncm:22029100|p0001|2026-09-16T00:44:14Z|14;8412598000447;8412598000447;sim;Unidade;1;;;ncm:22029100;1;2026-09-16T00:44:14Z;PILAR
ncm:22029100|p0001|2026-09-16T00:44:14Z|14;8412598000447;8412598001659;não;Unidade;6;0;0;ncm:22029100;1;2026-09-16T00:44:14Z;PILAR
ncm:22029100|p0001|2026-09-16T00:44:14Z|14;8412598000447;8412598001253;não;Caixa;24;0;0;ncm:22029100;1;2026-09-16T00:44:14Z;PILAR
ncm:22029100|p0001|2026-09-16T00:44:14Z|15;4102430315504;4102430315504;sim;Unidade;1;;;ncm:22029100;1;2026-09-16T00:44:14Z;PILAR
ncm:22029100|p0001|2026-09-16T00:44:14Z|16;33919000458;33919000458;sim;Unidade;1;;;ncm:22029100;1;2026-09-16T00:44:14Z;PILAR
ncm:22029100|p0001|2026-09-16T00:44:14Z|17;8412598001659;8412598001710;não;Unidade;1;0;0;ncm:22029100;1;2026-09-16T00:44:14Z;PILAR
ncm:22029100|p0001|2026-09-16T00:44:14Z|17;8412598001659;8412598001734;não;Unidade;1;7;13;ncm:22029100;1;2026-09-16T00:44:14Z;PILAR
ncm:22029100|p0001|2026-09-16T00:44:14Z|18;7896052603800;7896052603800;sim;Unidade;1;;;ncm:22029100;1;2026-09-16T00:44:14Z;PILAR
ncm:22029100|p0001|2026-09-16T00:44:14Z|18;7896052603800;7896052605422;não;Unidade;12;0;0;ncm:22029100;1;2026-09-16T00:44:14Z;PILAR
ncm:22029100|p0001|2026-09-16T00:44:14Z|19;7896052605439;7896052605439;sim;Unidade;1;;;ncm:22029100;1;2026-09-16T00:44:14Z;PILAR
ncm:22029100|p0001|2026-09-16T00:44:14Z|20;7897395040390;7897395040390;sim;Unidade;1;;;ncm:22029100;1;2026-09-16T00:44:14Z;PILAR
ncm:22029100|p0001|2026-09-16T00:44:14Z|20;7897395040390;7897395040406;não;Caixa;12;14;22;ncm:22029100;1;2026-09-16T00:44:14Z;PILAR
ncm:22029100|p0001|2026-09-16T00:44:14Z|21;7897395060350;7897395060350;sim;Unidade;1;;;ncm:22029100;1;2026-09-16T00:44:14Z;PILAR
ncm:22029100|p0001|2026-09-16T00:44:14Z|22;7897395040468;7897395040154;não;Unidade;1;0;0;ncm:22029100;1;2026-09-16T00:44:14Z;PILAR
ncm:22029100|p0001|2026-09-16T00:44:14Z|23;4002103249535;4002103249535;sim;Unidade;1;;;ncm:22029100;1;2026-09-16T00:44:14Z;PILAR
ncm:22029100|p0001|2026-09-16T00:44:14Z|24;8412598000478;8412598003387;não;Unidade;1;9;13;ncm:22029100;1;2026-09-16T00:44:14Z;PILAR
ncm:22029100|p0001|2026-09-16T00:44:14Z|24;8412598000478;8412598000478;sim;Unidade;1;;;ncm:22029100;1;2026-09-16T00:44:14Z;PILAR
ncm:22029100|p0001|2026-09-16T00:44:14Z|24;8412598000478;8412598003370;não;Caixa;6;12;27;ncm:22029100;1;2026-09-16T00:44:14Z;PILAR
ncm:22029100|p0001|2026-09-16T00:44:14Z|25;7897195931775;7897195931775;sim;Unidade;1;;;ncm:22029100;1;2026-09-16T00:44:14Z;PILAR
ncm:22029100|p0001|2026-09-16T00:44:14Z|26;7896760400661;7896760400661;sim;Unidade;1;;;ncm:22029100;1;2026-09-16T00:44:14Z;PILAR
ncm:22029100|p0001|2026-09-16T00:44:14Z|27;4008287058543;4008287058543;sim;Unidade;1;;;ncm:22029100;1;2026-09-16T00:44:14Z;PILAR
ncm:22029100|p0001|2026-09-16T00:44:14Z|28;4002103282044;4002103282044;sim;Unidade;1;;;ncm:22029100;1;2026-09-16T00:44:14Z;PILAR
ncm:22029100|p0001|2026-09-16T00:44:14Z|29;7896760400609;7896760400609;sim;Unidade;1;;;ncm:22029100;1;2026-09-16T00:44:14Z;PILAR
ncm:22029100|p0001|2026-09-16T00:44:14Z|30;7897395040703;7897395040468;não;Unidade;12;24;8;ncm:22029100;1;2026-09-16T00:44:14Z;PILAR
ncm:22029100|p0001|2026-09-16T00:44:14Z|30;7897395040703;7897395040475;não;Unidade;12;7;24;ncm:22029100;1;2026-09-16T00:44:14Z;PILAR
ncm:22029100|p0001|2026-09-16T00:44:14Z|30;7897395040703;7897395040703;sim;Unidade;1;;;ncm:22029100;1;2026-09-16T00:44:14Z;PILAR
ncm:22029100|p0001|2026-09-16T00:44:14Z|30;7897395040703;7897395000899;não;Unidade;12;7;24;ncm:22029100;1;2026-09-16T00:44:14Z;PILAR
ncm:22030000|p0001|2026-09-16T00:44:14Z|01;7896657720018;7896657720018;sim;Unidade;1;;;ncm:22030000;1;2026-09-16T00:44:14Z;PILAR
ncm:22030000|p0001|2026-09-16T00:44:14Z|01;7896657720018;7896657764050;não;Unidade;1;0;0;ncm:22030000;1;2026-09-16T00:44:14Z;PILAR
ncm:22030000|p0001|2026-09-16T00:44:14Z|02;5601164294400;5601164294400;sim;Unidade;1;;;ncm:22030000;1;2026-09-16T00:44:14Z;PILAR
ncm:22030000|p0001|2026-09-16T00:44:14Z|03;5601164284401;5601164284401;sim;Unidade;1;;;ncm:22030000;1;2026-09-16T00:44:14Z;PILAR
ncm:22030000|p0001|2026-09-16T00:44:14Z|04;7898947426211;7898947426211;sim;Unidade;1;;;ncm:22030000;1;2026-09-16T00:44:14Z;PILAR
ncm:22030000|p0001|2026-09-16T00:44:14Z|05;7898947426136;7898947426136;sim;Unidade;1;;;ncm:22030000;1;2026-09-16T00:44:14Z;PILAR
ncm:22030000|p0001|2026-09-16T00:44:14Z|06;7898947426204;7898947426204;sim;Unidade;1;;;ncm:22030000;1;2026-09-16T00:44:14Z;PILAR
ncm:22030000|p0001|2026-09-16T00:44:14Z|07;7898947426198;7898947426198;sim;Unidade;1;;;ncm:22030000;1;2026-09-16T00:44:14Z;PILAR
ncm:22030000|p0001|2026-09-16T00:44:14Z|08;7898947426174;7898947426174;sim;Unidade;1;;;ncm:22030000;1;2026-09-16T00:44:14Z;PILAR
ncm:22030000|p0001|2026-09-16T00:44:14Z|09;9125002135;9125002135;sim;Unidade;1;;;ncm:22030000;1;2026-09-16T00:44:14Z;PILAR
ncm:22030000|p0001|2026-09-16T00:44:14Z|10;7898230715466;7898230715466;sim;Unidade;1;;;ncm:22030000;1;2026-09-16T00:44:14Z;PILAR
ncm:22030000|p0001|2026-09-16T00:44:14Z|10;7898230715466;7898230715473;não;Caixa;12;15;4;ncm:22030000;1;2026-09-16T00:44:14Z;PILAR
ncm:22030000|p0001|2026-09-16T00:44:14Z|11;7898230710508;7898230710508;sim;Unidade;1;;;ncm:22030000;1;2026-09-16T00:44:14Z;PILAR
ncm:22030000|p0001|2026-09-16T00:44:14Z|11;7898230710508;7898230715251;não;Unidade;1;0;0;ncm:22030000;1;2026-09-16T00:44:14Z;PILAR
ncm:22030000|p0001|2026-09-16T00:44:14Z|12;7898932798057;7898932798057;sim;Unidade;1;;;ncm:22030000;1;2026-09-16T00:44:14Z;PILAR
ncm:22030000|p0001|2026-09-16T00:44:14Z|13;7898932798019;7898932798019;sim;Unidade;1;;;ncm:22030000;1;2026-09-16T00:44:14Z;PILAR
ncm:22030000|p0001|2026-09-16T00:44:14Z|14;7898932798033;7898932798033;sim;Unidade;1;;;ncm:22030000;1;2026-09-16T00:44:14Z;PILAR
ncm:22030000|p0001|2026-09-16T00:44:14Z|15;5701598033016;15701598033013;não;Caixa;24;0;0;ncm:22030000;1;2026-09-16T00:44:14Z;PILAR
ncm:22030000|p0001|2026-09-16T00:44:14Z|15;5701598033016;5701598035089;não;Caixa;24;0;0;ncm:22030000;1;2026-09-16T00:44:14Z;PILAR
ncm:22030000|p0001|2026-09-16T00:44:14Z|16;5701598034631;5701598034631;sim;Unidade;1;;;ncm:22030000;1;2026-09-16T00:44:14Z;PILAR
ncm:22030000|p0001|2026-09-16T00:44:14Z|17;41024355;4102430002404;não;Unidade;24;0;0;ncm:22030000;1;2026-09-16T00:44:14Z;PILAR
ncm:22030000|p0001|2026-09-16T00:44:14Z|17;41024355;41024355;sim;Unidade;1;;;ncm:22030000;1;2026-09-16T00:44:14Z;PILAR
ncm:22030000|p0001|2026-09-16T00:44:14Z|18;5411676800408;5411676800408;sim;Unidade;1;;;ncm:22030000;1;2026-09-16T00:44:14Z;PILAR
ncm:22030000|p0001|2026-09-16T00:44:14Z|19;5060154910216;5060154910216;sim;Unidade;1;;;ncm:22030000;1;2026-09-16T00:44:14Z;PILAR
ncm:22030000|p0001|2026-09-16T00:44:14Z|20;8594404110127;18594404110124;não;Caixa;20;;;ncm:22030000;1;2026-09-16T00:44:14Z;PILAR
ncm:22030000|p0001|2026-09-16T00:44:14Z|20;8594404110127;8594404110127;sim;Unidade;1;;;ncm:22030000;1;2026-09-16T00:44:14Z;PILAR
ncm:22030000|p0001|2026-09-16T00:44:14Z|21;8594403110111;18594403110118;não;Caixa;20;0;0;ncm:22030000;1;2026-09-16T00:44:14Z;PILAR
ncm:22030000|p0001|2026-09-16T00:44:14Z|21;8594403110111;8594403110111;sim;Unidade;1;;;ncm:22030000;1;2026-09-16T00:44:14Z;PILAR
ncm:22030000|p0001|2026-09-16T00:44:14Z|22;5601164162105;15601164162102;não;Caixa;6;0;0;ncm:22030000;1;2026-09-16T00:44:14Z;PILAR
ncm:22030000|p0001|2026-09-16T00:44:14Z|22;5601164162105;5601164162105;sim;Unidade;1;;;ncm:22030000;1;2026-09-16T00:44:14Z;PILAR
ncm:22030000|p0001|2026-09-16T00:44:14Z|23;7896388000021;7896388000021;sim;Unidade;1;;;ncm:22030000;1;2026-09-16T00:44:14Z;PILAR
ncm:22030000|p0001|2026-09-16T00:44:14Z|24;78929203;78929203;sim;Unidade;1;;;ncm:22030000;1;2026-09-16T00:44:14Z;PILAR
ncm:22030000|p0001|2026-09-16T00:44:14Z|24;78929203;7896388000595;não;Unidade;24;0;0;ncm:22030000;1;2026-09-16T00:44:14Z;PILAR
ncm:22030000|p0001|2026-09-16T00:44:14Z|24;78929203;7896388000588;não;Unidade;24;0;0;ncm:22030000;1;2026-09-16T00:44:14Z;PILAR
ncm:22030000|p0001|2026-09-16T00:44:14Z|25;5410908000036;15410908000033;não;Caixa;24;;;ncm:22030000;1;2026-09-16T00:44:14Z;PILAR
ncm:22030000|p0001|2026-09-16T00:44:14Z|25;5410908000036;5410908000036;sim;Unidade;1;;;ncm:22030000;1;2026-09-16T00:44:14Z;PILAR
ncm:22030000|p0001|2026-09-16T00:44:14Z|26;5410908000012;15410908000019;não;Caixa;24;;;ncm:22030000;1;2026-09-16T00:44:14Z;PILAR
ncm:22030000|p0001|2026-09-16T00:44:14Z|26;5410908000012;5410908000012;sim;Unidade;1;;;ncm:22030000;1;2026-09-16T00:44:14Z;PILAR
ncm:22030000|p0001|2026-09-16T00:44:14Z|27;5410908000029;15410908000026;não;Caixa;24;;;ncm:22030000;1;2026-09-16T00:44:14Z;PILAR
ncm:22030000|p0001|2026-09-16T00:44:14Z|27;5410908000029;5410908000029;sim;Unidade;1;;;ncm:22030000;1;2026-09-16T00:44:14Z;PILAR
ncm:22030000|p0001|2026-09-16T00:44:14Z|28;40534695;40534695;sim;Unidade;1;;;ncm:22030000;1;2026-09-16T00:44:14Z;PILAR
ncm:22030000|p0001|2026-09-16T00:44:14Z|29;7898925943877;7898925943877;sim;Unidade;1;;;ncm:22030000;1;2026-09-16T00:44:14Z;PILAR
ncm:22030000|p0001|2026-09-16T00:44:14Z|30;75032715;75032715;sim;Unidade;1;;;ncm:22030000;1;2026-09-16T00:44:14Z;PILAR
ncm:22030000|p0001|2026-09-16T00:44:14Z|30;75032715;7501064194177;não;Unidade;6;0;0;ncm:22030000;1;2026-09-16T00:44:14Z;PILAR
ncm:22030000|p0001|2026-09-16T00:44:14Z|30;75032715;7501064191299;não;Unidade;1;0;0;ncm:22030000;1;2026-09-16T00:44:14Z;PILAR
ncm:22041010|p0001|2026-09-16T00:44:15Z|01;3185370485095;3185370485095;sim;Unidade;1;;;ncm:22041010;1;2026-09-16T00:44:15Z;PILAR
ncm:22041010|p0001|2026-09-16T00:44:15Z|02;3256931113815;3256931113815;sim;Unidade;1;;;ncm:22041010;1;2026-09-16T00:44:15Z;PILAR
ncm:22041010|p0001|2026-09-16T00:44:15Z|03;3185370000335;3185370000335;sim;Unidade;1;;;ncm:22041010;1;2026-09-16T00:44:15Z;PILAR
ncm:22041010|p0001|2026-09-16T00:44:15Z|04;3185370074831;3185370074831;sim;Unidade;1;;;ncm:22041010;1;2026-09-16T00:44:15Z;PILAR
ncm:22041010|p0001|2026-09-16T00:44:15Z|04;3185370074831;3185370405307;não;Unidade;6;0;0;ncm:22041010;1;2026-09-16T00:44:15Z;PILAR
ncm:22041010|p0001|2026-09-16T00:44:15Z|05;3043700103814;3043700103814;sim;Unidade;1;;;ncm:22041010;1;2026-09-16T00:44:15Z;PILAR
ncm:22041010|p0001|2026-09-16T00:44:15Z|06;3049614113314;3049614113314;sim;Unidade;1;;;ncm:22041010;1;2026-09-16T00:44:15Z;PILAR
ncm:22041010|p0001|2026-09-16T00:44:15Z|07;3049614114670;3049614114670;sim;Unidade;1;;;ncm:22041010;1;2026-09-16T00:44:15Z;PILAR
ncm:22041010|p0001|2026-09-16T00:44:15Z|08;3049614126918;3049614126918;sim;Unidade;1;;;ncm:22041010;1;2026-09-16T00:44:15Z;PILAR
ncm:22041010|p0001|2026-09-16T00:44:15Z|09;3049614003417;3049614003417;sim;Unidade;1;;;ncm:22041010;1;2026-09-16T00:44:15Z;PILAR
ncm:22041010|p0001|2026-09-16T00:44:15Z|10;3049614108471;3049614108471;sim;Unidade;1;;;ncm:22041010;1;2026-09-16T00:44:15Z;PILAR
ncm:22041010|p0001|2026-09-16T00:44:15Z|11;3024480007578;3024480007578;sim;Unidade;1;;;ncm:22041010;1;2026-09-16T00:44:15Z;PILAR
ncm:22041010|p0001|2026-09-16T00:44:15Z|12;8411277400417;8411277203568;não;Caixa;6;0;0;ncm:22041010;1;2026-09-16T00:44:15Z;PILAR
ncm:22041010|p0001|2026-09-16T00:44:15Z|12;8411277400417;8411277400417;sim;Unidade;1;;;ncm:22041010;1;2026-09-16T00:44:15Z;PILAR
ncm:22041010|p0001|2026-09-16T00:44:15Z|12;8411277400417;8411277206729;não;Caixa;6;0;0;ncm:22041010;1;2026-09-16T00:44:15Z;PILAR
ncm:22041010|p0001|2026-09-16T00:44:15Z|13;7898276970867;7898276970867;sim;Unidade;1;;;ncm:22041010;1;2026-09-16T00:44:15Z;PILAR
ncm:22041010|p0001|2026-09-16T00:44:15Z|14;7898932685203;7898932685203;sim;Unidade;1;;;ncm:22041010;1;2026-09-16T00:44:15Z;PILAR
ncm:22041010|p0001|2026-09-16T00:44:15Z|15;7898276970072;7898276970072;sim;Unidade;1;;;ncm:22041010;1;2026-09-16T00:44:15Z;PILAR
ncm:22041010|p0001|2026-09-16T00:44:15Z|15;7898276970072;17898276970079;não;Caixa;6;0;0;ncm:22041010;1;2026-09-16T00:44:15Z;PILAR
ncm:22041010|p0001|2026-09-16T00:44:15Z|16;7898276971017;7898276971017;sim;Unidade;1;;;ncm:22041010;1;2026-09-16T00:44:15Z;PILAR
ncm:22041010|p0001|2026-09-16T00:44:15Z|17;7898276970164;7898276970164;sim;Unidade;1;;;ncm:22041010;1;2026-09-16T00:44:15Z;PILAR
ncm:22041010|p0001|2026-09-16T00:44:15Z|18;7891083611411;7891083241410;não;Caixa;24;;;ncm:22041010;1;2026-09-16T00:44:15Z;PILAR
ncm:22041010|p0001|2026-09-16T00:44:15Z|18;7891083611411;7891083611411;sim;Unidade;1;;;ncm:22041010;1;2026-09-16T00:44:15Z;PILAR
ncm:22041010|p0001|2026-09-16T00:44:15Z|19;7891083611435;7891083241434;não;Caixa;24;;;ncm:22041010;1;2026-09-16T00:44:15Z;PILAR
ncm:22041010|p0001|2026-09-16T00:44:15Z|19;7891083611435;7891083611435;sim;Unidade;1;;;ncm:22041010;1;2026-09-16T00:44:15Z;PILAR
ncm:22041010|p0001|2026-09-16T00:44:15Z|20;7891083611442;7891083611442;sim;Unidade;1;;;ncm:22041010;1;2026-09-16T00:44:15Z;PILAR
ncm:22041010|p0001|2026-09-16T00:44:15Z|21;7898266930529;7898266930529;sim;Unidade;1;;;ncm:22041010;1;2026-09-16T00:44:15Z;PILAR
ncm:22041010|p0001|2026-09-16T00:44:15Z|22;7898266930598;7898266930598;sim;Unidade;1;;;ncm:22041010;1;2026-09-16T00:44:15Z;PILAR
ncm:22041010|p0001|2026-09-16T00:44:15Z|22;7898266930598;17898266930595;não;Unidade;1;0;0;ncm:22041010;1;2026-09-16T00:44:15Z;PILAR
ncm:22041010|p0001|2026-09-16T00:44:15Z|23;7896034300253;7896034300253;sim;Unidade;1;;;ncm:22041010;1;2026-09-16T00:44:15Z;PILAR
ncm:22041010|p0001|2026-09-16T00:44:15Z|23;7896034300253;17896034300250;não;Caixa;6;5;28;ncm:22041010;1;2026-09-16T00:44:15Z;PILAR
ncm:22041010|p0001|2026-09-16T00:44:15Z|24;758442031761;60758442031770;não;Caixa;6;;;ncm:22041010;1;2026-09-16T00:44:15Z;PILAR
ncm:22041010|p0001|2026-09-16T00:44:15Z|24;758442031761;758442031761;sim;Unidade;1;;;ncm:22041010;1;2026-09-16T00:44:15Z;PILAR
ncm:22041010|p0001|2026-09-16T00:44:15Z|25;7898932685036;7898932685036;sim;Unidade;1;;;ncm:22041010;1;2026-09-16T00:44:15Z;PILAR
ncm:22041010|p0001|2026-09-16T00:44:15Z|25;7898932685036;17898932685033;não;Caixa;6;0;0;ncm:22041010;1;2026-09-16T00:44:15Z;PILAR
ncm:22041010|p0001|2026-09-16T00:44:15Z|26;7896034300208;7896034300208;sim;Unidade;1;;;ncm:22041010;1;2026-09-16T00:44:15Z;PILAR
ncm:22041010|p0001|2026-09-16T00:44:15Z|27;7896034301267;7896034301267;sim;Unidade;1;;;ncm:22041010;1;2026-09-16T00:44:15Z;PILAR
ncm:22041010|p0001|2026-09-16T00:44:15Z|28;7896028200217;7896028200217;sim;Unidade;1;;;ncm:22041010;1;2026-09-16T00:44:15Z;PILAR
ncm:22041010|p0001|2026-09-16T00:44:15Z|29;3185370473320;3185370473320;sim;Unidade;1;;;ncm:22041010;1;2026-09-16T00:44:15Z;PILAR
ncm:22041010|p0001|2026-09-16T00:44:15Z|30;9300727406453;19300727406047;não;Caixa;12;0;0;ncm:22041010;1;2026-09-16T00:44:15Z;PILAR
ncm:22041010|p0001|2026-09-16T00:44:15Z|30;9300727406453;9300727406453;sim;Unidade;1;;;ncm:22041010;1;2026-09-16T00:44:15Z;PILAR
ncm:22041010|p0001|2026-09-16T00:44:15Z|30;9300727406453;19300727406009;não;Caixa;12;0;0;ncm:22041010;1;2026-09-16T00:44:15Z;PILAR
ncm:22041090|p0001|2026-09-16T00:44:16Z|01;8410036009298;8410036009298;sim;Unidade;1;;;ncm:22041090;1;2026-09-16T00:44:16Z;PILAR
ncm:22041090|p0001|2026-09-16T00:44:16Z|01;8410036009298;90000215733;não;Unidade;24;0;0;ncm:22041090;1;2026-09-16T00:44:16Z;PILAR
ncm:22041090|p0001|2026-09-16T00:44:16Z|01;8410036009298;8410036109448;não;Unidade;24;0;0;ncm:22041090;1;2026-09-16T00:44:16Z;PILAR
ncm:22041090|p0001|2026-09-16T00:44:16Z|02;8410036006297;8410036006297;sim;Unidade;1;;;ncm:22041090;1;2026-09-16T00:44:16Z;PILAR
ncm:22041090|p0001|2026-09-16T00:44:16Z|02;8410036006297;8410036106591;não;Unidade;24;0;0;ncm:22041090;1;2026-09-16T00:44:16Z;PILAR
ncm:22041090|p0001|2026-09-16T00:44:16Z|03;7798078236317;7798078236317;sim;Unidade;1;;;ncm:22041090;1;2026-09-16T00:44:16Z;PILAR
ncm:22041090|p0001|2026-09-16T00:44:16Z|03;7798078236317;7798078236324;não;Caixa;6;;;ncm:22041090;1;2026-09-16T00:44:16Z;PILAR
ncm:22041090|p0001|2026-09-16T00:44:16Z|04;7790497690053;7790497690053;sim;Unidade;1;;;ncm:22041090;1;2026-09-16T00:44:16Z;PILAR
ncm:22041090|p0001|2026-09-16T00:44:16Z|05;7791560040058;7791560040058;sim;Unidade;1;;;ncm:22041090;1;2026-09-16T00:44:16Z;PILAR
ncm:22041090|p0001|2026-09-16T00:44:16Z|05;7791560040058;7791560640050;não;Unidade;1;4;22;ncm:22041090;1;2026-09-16T00:44:16Z;PILAR
ncm:22041090|p0001|2026-09-16T00:44:16Z|06;7792319969149;7792319969149;sim;Unidade;1;;;ncm:22041090;1;2026-09-16T00:44:16Z;PILAR
ncm:22041090|p0001|2026-09-16T00:44:16Z|07;7792319675804;7792319675804;sim;Unidade;1;;;ncm:22041090;1;2026-09-16T00:44:16Z;PILAR
ncm:22041090|p0001|2026-09-16T00:44:16Z|08;7791670015366;7791670003172;não;Caixa;6;;;ncm:22041090;1;2026-09-16T00:44:16Z;PILAR
ncm:22041090|p0001|2026-09-16T00:44:16Z|08;7791670015366;7791670015366;sim;Unidade;1;;;ncm:22041090;1;2026-09-16T00:44:16Z;PILAR
ncm:22041090|p0001|2026-09-16T00:44:16Z|09;7791670015052;7791670003158;não;Caixa;6;;;ncm:22041090;1;2026-09-16T00:44:16Z;PILAR
ncm:22041090|p0001|2026-09-16T00:44:16Z|09;7791670015052;7791670015052;sim;Unidade;1;;;ncm:22041090;1;2026-09-16T00:44:16Z;PILAR
ncm:22041090|p0001|2026-09-16T00:44:16Z|10;7791670023088;7791670023088;sim;Unidade;1;;;ncm:22041090;1;2026-09-16T00:44:16Z;PILAR
ncm:22041090|p0001|2026-09-16T00:44:16Z|11;7796626000946;7796626000946;sim;Unidade;1;;;ncm:22041090;1;2026-09-16T00:44:16Z;PILAR
ncm:22041090|p0001|2026-09-16T00:44:16Z|12;7790240041484;7790240041484;sim;Unidade;1;;;ncm:22041090;1;2026-09-16T00:44:16Z;PILAR
ncm:22041090|p0001|2026-09-16T00:44:16Z|12;7790240041484;7790240141481;não;Caixa;6;;;ncm:22041090;1;2026-09-16T00:44:16Z;PILAR
ncm:22041090|p0001|2026-09-16T00:44:16Z|13;7804320339320;7804320339320;sim;Unidade;1;;;ncm:22041090;1;2026-09-16T00:44:16Z;PILAR
ncm:22041090|p0001|2026-09-16T00:44:16Z|14;7804340500038;7804340500038;sim;Unidade;1;;;ncm:22041090;1;2026-09-16T00:44:16Z;PILAR
ncm:22041090|p0001|2026-09-16T00:44:16Z|15;8410013990571;8410013990571;sim;Unidade;1;;;ncm:22041090;1;2026-09-16T00:44:16Z;PILAR
ncm:22041090|p0001|2026-09-16T00:44:16Z|15;8410013990571;8410013990588;não;Caixa;6;;;ncm:22041090;1;2026-09-16T00:44:16Z;PILAR
ncm:22041090|p0001|2026-09-16T00:44:16Z|16;8410013993626;8410013993626;sim;Unidade;1;;;ncm:22041090;1;2026-09-16T00:44:16Z;PILAR
ncm:22041090|p0001|2026-09-16T00:44:16Z|16;8410013993626;8410013993633;não;Caixa;6;0;0;ncm:22041090;1;2026-09-16T00:44:16Z;PILAR
ncm:22041090|p0001|2026-09-16T00:44:16Z|17;8411277400318;8411277400318;sim;Unidade;1;;;ncm:22041090;1;2026-09-16T00:44:16Z;PILAR
ncm:22041090|p0001|2026-09-16T00:44:16Z|17;8411277400318;8411277206705;não;Caixa;6;0;0;ncm:22041090;1;2026-09-16T00:44:16Z;PILAR
ncm:22041090|p0001|2026-09-16T00:44:16Z|18;8410036001094;8410036001094;sim;Unidade;1;;;ncm:22041090;1;2026-09-16T00:44:16Z;PILAR
ncm:22041090|p0001|2026-09-16T00:44:16Z|18;8410036001094;8410036101206;não;Caixa;6;0;0;ncm:22041090;1;2026-09-16T00:44:16Z;PILAR
ncm:22041090|p0001|2026-09-16T00:44:16Z|19;8003295000245;8003295000245;sim;Unidade;1;;;ncm:22041090;1;2026-09-16T00:44:16Z;PILAR
ncm:22041090|p0001|2026-09-16T00:44:16Z|20;3035131780108;3035131112916;não;Caixa;6;;;ncm:22041090;1;2026-09-16T00:44:16Z;PILAR
ncm:22041090|p0001|2026-09-16T00:44:16Z|20;3035131780108;3035131780108;sim;Unidade;1;;;ncm:22041090;1;2026-09-16T00:44:16Z;PILAR
ncm:22041090|p0001|2026-09-16T00:44:16Z|21;7898235980104;57898235980109;não;Caixa;12;;;ncm:22041090;1;2026-09-16T00:44:16Z;PILAR
ncm:22041090|p0001|2026-09-16T00:44:16Z|21;7898235980104;7898235980104;sim;Unidade;1;;;ncm:22041090;1;2026-09-16T00:44:16Z;PILAR
ncm:22041090|p0001|2026-09-16T00:44:16Z|22;8000174207009;8000174207009;sim;Unidade;1;;;ncm:22041090;1;2026-09-16T00:44:16Z;PILAR
ncm:22041090|p0001|2026-09-16T00:44:16Z|23;8005400884542;8005400884542;sim;Unidade;1;;;ncm:22041090;1;2026-09-16T00:44:16Z;PILAR
ncm:22041090|p0001|2026-09-16T00:44:16Z|24;8005400884849;8005400884849;sim;Unidade;1;;;ncm:22041090;1;2026-09-16T00:44:16Z;PILAR
ncm:22041090|p0001|2026-09-16T00:44:16Z|25;8005400878244;8005400878244;sim;Unidade;1;;;ncm:22041090;1;2026-09-16T00:44:16Z;PILAR
ncm:22041090|p0001|2026-09-16T00:44:16Z|26;8005400544040;8005400544040;sim;Unidade;1;;;ncm:22041090;1;2026-09-16T00:44:16Z;PILAR
ncm:22041090|p0001|2026-09-16T00:44:16Z|27;7898927981020;7898927981020;sim;Unidade;1;;;ncm:22041090;1;2026-09-16T00:44:16Z;PILAR
ncm:22041090|p0001|2026-09-16T00:44:16Z|28;8005400713828;8005400713828;sim;Unidade;1;;;ncm:22041090;1;2026-09-16T00:44:16Z;PILAR
ncm:22041090|p0001|2026-09-16T00:44:16Z|29;8010391001137;8010391001137;sim;Unidade;1;;;ncm:22041090;1;2026-09-16T00:44:16Z;PILAR
ncm:22041090|p0001|2026-09-16T00:44:16Z|30;8003905095548;8003905095548;sim;Unidade;1;;;ncm:22041090;1;2026-09-16T00:44:16Z;PILAR
ncm:22042100|p0001|2026-09-16T00:44:17Z|01;3058080097547;3058080097547;sim;Unidade;1;;;ncm:22042100;1;2026-09-16T00:44:17Z;PILAR
ncm:22042100|p0001|2026-09-16T00:44:17Z|01;3058080097547;3058080097882;não;Unidade;6;4;20;ncm:22042100;1;2026-09-16T00:44:17Z;PILAR
ncm:22042100|p0001|2026-09-16T00:44:17Z|01;3058080097547;3058080137564;não;Unidade;6;4;20;ncm:22042100;1;2026-09-16T00:44:17Z;PILAR
ncm:22042100|p0001|2026-09-16T00:44:17Z|02;8005400514340;8005400514340;sim;Unidade;1;;;ncm:22042100;1;2026-09-16T00:44:17Z;PILAR
ncm:22042100|p0001|2026-09-16T00:44:17Z|02;8005400514340;18005400514347;não;Caixa;6;0;0;ncm:22042100;1;2026-09-16T00:44:17Z;PILAR
ncm:22042100|p0001|2026-09-16T00:44:17Z|03;8000428000424;8000428000424;sim;Unidade;1;;;ncm:22042100;1;2026-09-16T00:44:17Z;PILAR
ncm:22042100|p0001|2026-09-16T00:44:17Z|04;7804320080611;7804320080611;sim;Unidade;1;;;ncm:22042100;1;2026-09-16T00:44:17Z;PILAR
ncm:22042100|p0001|2026-09-16T00:44:17Z|05;27484310210;27484310210;sim;Unidade;1;;;ncm:22042100;1;2026-09-16T00:44:17Z;PILAR
ncm:22042100|p0001|2026-09-16T00:44:17Z|06;8000428015800;8000428015800;sim;Unidade;1;;;ncm:22042100;1;2026-09-16T00:44:17Z;PILAR
ncm:22042100|p0001|2026-09-16T00:44:17Z|07;8000428015602;8000428015602;sim;Unidade;1;;;ncm:22042100;1;2026-09-16T00:44:17Z;PILAR
ncm:22042100|p0001|2026-09-16T00:44:17Z|08;7896029250143;7896029250143;sim;Unidade;1;;;ncm:22042100;1;2026-09-16T00:44:17Z;PILAR
ncm:22042100|p0001|2026-09-16T00:44:17Z|09;4069600010303;4069600010303;sim;Unidade;1;;;ncm:22042100;1;2026-09-16T00:44:17Z;PILAR
ncm:22042100|p0001|2026-09-16T00:44:17Z|10;4003310654914;4003310654914;sim;Unidade;1;;;ncm:22042100;1;2026-09-16T00:44:17Z;PILAR
ncm:22042100|p0001|2026-09-16T00:44:17Z|11;88586000720;88586000720;sim;Unidade;1;;;ncm:22042100;1;2026-09-16T00:44:17Z;PILAR
ncm:22042100|p0001|2026-09-16T00:44:17Z|12;88586001109;88586001109;sim;Unidade;1;;;ncm:22042100;1;2026-09-16T00:44:17Z;PILAR
ncm:22042100|p0001|2026-09-16T00:44:17Z|13;89627126508;89627126508;sim;Unidade;1;;;ncm:22042100;1;2026-09-16T00:44:17Z;PILAR
ncm:22042100|p0001|2026-09-16T00:44:17Z|14;7798091110939;7798091110939;sim;Unidade;1;;;ncm:22042100;1;2026-09-16T00:44:17Z;PILAR
ncm:22042100|p0001|2026-09-16T00:44:17Z|15;7790975001470;7790975001470;sim;Unidade;1;;;ncm:22042100;1;2026-09-16T00:44:17Z;PILAR
ncm:22042100|p0001|2026-09-16T00:44:17Z|16;7794450090829;7794450090829;sim;Unidade;1;;;ncm:22042100;1;2026-09-16T00:44:17Z;PILAR
ncm:22042100|p0001|2026-09-16T00:44:17Z|17;7794450008077;7794450008077;sim;Unidade;1;;;ncm:22042100;1;2026-09-16T00:44:17Z;PILAR
ncm:22042100|p0001|2026-09-16T00:44:17Z|17;7794450008077;30707319195014;não;Caixa;12;4;14;ncm:22042100;1;2026-09-16T00:44:17Z;PILAR
ncm:22042100|p0001|2026-09-16T00:44:17Z|18;7794450088383;7794450088383;sim;Unidade;1;;;ncm:22042100;1;2026-09-16T00:44:17Z;PILAR
ncm:22042100|p0001|2026-09-16T00:44:17Z|18;7794450088383;37794450088384;não;Caixa;12;0;0;ncm:22042100;1;2026-09-16T00:44:17Z;PILAR
ncm:22042100|p0001|2026-09-16T00:44:17Z|19;7794450088703;7794450088703;sim;Unidade;1;;;ncm:22042100;1;2026-09-16T00:44:17Z;PILAR
ncm:22042100|p0001|2026-09-16T00:44:17Z|19;7794450088703;37794450088704;não;Caixa;12;3;14;ncm:22042100;1;2026-09-16T00:44:17Z;PILAR
ncm:22042100|p0001|2026-09-16T00:44:17Z|20;7794450091666;7794450091666;sim;Unidade;1;;;ncm:22042100;1;2026-09-16T00:44:17Z;PILAR
ncm:22042100|p0001|2026-09-16T00:44:17Z|20;7794450091666;37794450091667;não;Caixa;12;3;14;ncm:22042100;1;2026-09-16T00:44:17Z;PILAR
ncm:22042100|p0001|2026-09-16T00:44:17Z|21;7790607000376;7790607000376;sim;Unidade;1;;;ncm:22042100;1;2026-09-16T00:44:17Z;PILAR
ncm:22042100|p0001|2026-09-16T00:44:17Z|22;7798126080473;7798126080473;sim;Unidade;1;;;ncm:22042100;1;2026-09-16T00:44:17Z;PILAR
ncm:22042100|p0001|2026-09-16T00:44:17Z|22;7798126080473;17798126080470;não;Caixa;12;4;30;ncm:22042100;1;2026-09-16T00:44:17Z;PILAR
ncm:22042100|p0001|2026-09-16T00:44:17Z|23;7798126080015;7798126080015;sim;Unidade;1;;;ncm:22042100;1;2026-09-16T00:44:17Z;PILAR
ncm:22042100|p0001|2026-09-16T00:44:17Z|23;7798126080015;37798126080016;não;Caixa;12;4;14;ncm:22042100;1;2026-09-16T00:44:17Z;PILAR
ncm:22042100|p0001|2026-09-16T00:44:17Z|24;7798057480090;7798057480090;sim;Unidade;1;;;ncm:22042100;1;2026-09-16T00:44:17Z;PILAR
ncm:22042100|p0001|2026-09-16T00:44:17Z|25;7792756200324;7792756200324;sim;Unidade;1;;;ncm:22042100;1;2026-09-16T00:44:17Z;PILAR
ncm:22042100|p0001|2026-09-16T00:44:17Z|26;7798051950032;7798051950032;sim;Unidade;1;;;ncm:22042100;1;2026-09-16T00:44:17Z;PILAR
ncm:22042100|p0001|2026-09-16T00:44:17Z|26;7798051950032;17798051950039;não;Caixa;12;0;0;ncm:22042100;1;2026-09-16T00:44:17Z;PILAR
ncm:22042100|p0001|2026-09-16T00:44:17Z|27;7798051950025;7798051950025;sim;Unidade;1;;;ncm:22042100;1;2026-09-16T00:44:17Z;PILAR
ncm:22042100|p0001|2026-09-16T00:44:17Z|28;7798121460812;7798121460812;sim;Unidade;1;;;ncm:22042100;1;2026-09-16T00:44:17Z;PILAR
ncm:22042100|p0001|2026-09-16T00:44:17Z|29;7798081665401;7798081665401;sim;Unidade;1;;;ncm:22042100;1;2026-09-16T00:44:17Z;PILAR
ncm:22042100|p0001|2026-09-16T00:44:17Z|29;7798081665401;7798081665418;não;Caixa;24;;;ncm:22042100;1;2026-09-16T00:44:17Z;PILAR
ncm:22042100|p0001|2026-09-16T00:44:17Z|30;7798081665449;7798081665449;sim;Unidade;1;;;ncm:22042100;1;2026-09-16T00:44:17Z;PILAR
ncm:22042100|p0001|2026-09-16T00:44:17Z|30;7798081665449;7798081665456;não;Caixa;24;;;ncm:22042100;1;2026-09-16T00:44:17Z;PILAR
ncm:22042211|p0001|2026-09-16T00:44:17Z|01;7896741681034;7896741681034;sim;Unidade;1;;;ncm:22042211;1;2026-09-16T00:44:17Z;PILAR
ncm:22042211|p0001|2026-09-16T00:44:17Z|02;7896741646057;7896741646057;sim;Unidade;1;;;ncm:22042211;1;2026-09-16T00:44:17Z;PILAR
ncm:22042211|p0001|2026-09-16T00:44:17Z|02;7896741646057;17896741646054;não;Caixa;2;5;15;ncm:22042211;1;2026-09-16T00:44:17Z;PILAR
ncm:22042211|p0001|2026-09-16T00:44:17Z|03;7896923205010;7896923205010;sim;Unidade;1;;;ncm:22042211;1;2026-09-16T00:44:17Z;PILAR
ncm:22042211|p0001|2026-09-16T00:44:17Z|04;7896741646255;7896741646255;sim;Unidade;1;;;ncm:22042211;1;2026-09-16T00:44:17Z;PILAR
ncm:22042211|p0001|2026-09-16T00:44:17Z|05;7896321800688;7896321800688;sim;Unidade;1;;;ncm:22042211;1;2026-09-16T00:44:17Z;PILAR
ncm:22042211|p0001|2026-09-16T00:44:17Z|06;7896741646705;7896741646705;sim;Unidade;1;;;ncm:22042211;1;2026-09-16T00:44:17Z;PILAR
ncm:22042211|p0001|2026-09-16T00:44:17Z|07;7896780900011;7896780900011;sim;Unidade;1;;;ncm:22042211;1;2026-09-16T00:44:17Z;PILAR
ncm:22042211|p0001|2026-09-16T00:44:17Z|07;7896780900011;17896780900018;não;Caixa;2;0;0;ncm:22042211;1;2026-09-16T00:44:17Z;PILAR
ncm:22042211|p0001|2026-09-16T00:44:17Z|08;7896780900042;7896780900042;sim;Unidade;1;;;ncm:22042211;1;2026-09-16T00:44:17Z;PILAR
ncm:22042211|p0001|2026-09-16T00:44:17Z|08;7896780900042;17896780900049;não;Caixa;2;0;0;ncm:22042211;1;2026-09-16T00:44:17Z;PILAR
ncm:22042211|p0001|2026-09-16T00:44:17Z|09;7891141024313;7891141024313;sim;Unidade;1;;;ncm:22042211;1;2026-09-16T00:44:17Z;PILAR
ncm:22042211|p0001|2026-09-16T00:44:17Z|10;7897365300035;7897365300035;sim;Unidade;1;;;ncm:22042211;1;2026-09-16T00:44:17Z;PILAR
ncm:22042211|p0001|2026-09-16T00:44:17Z|11;7898307570028;7898307570028;sim;Unidade;1;;;ncm:22042211;1;2026-09-16T00:44:17Z;PILAR
ncm:22042211|p0001|2026-09-16T00:44:17Z|12;7896741646200;7896741646200;sim;Unidade;1;;;ncm:22042211;1;2026-09-16T00:44:17Z;PILAR
ncm:22042211|p0001|2026-09-16T00:44:17Z|13;7891141021091;7891141021091;sim;Unidade;1;;;ncm:22042211;1;2026-09-16T00:44:17Z;PILAR
ncm:22042211|p0001|2026-09-16T00:44:17Z|14;7897365300011;7897365300011;sim;Unidade;1;;;ncm:22042211;1;2026-09-16T00:44:17Z;PILAR
ncm:22042211|p0001|2026-09-16T00:44:17Z|15;7896741682307;7896741682307;sim;Unidade;1;;;ncm:22042211;1;2026-09-16T00:44:17Z;PILAR
ncm:22042211|p0001|2026-09-16T00:44:17Z|15;7896741682307;7896741649652;não;Unidade;2;10;10;ncm:22042211;1;2026-09-16T00:44:17Z;PILAR
ncm:22042211|p0001|2026-09-16T00:44:17Z|16;7896741646156;7896741646156;sim;Unidade;1;;;ncm:22042211;1;2026-09-16T00:44:17Z;PILAR
ncm:22042211|p0001|2026-09-16T00:44:17Z|17;7896514700153;7896514700153;sim;Unidade;1;;;ncm:22042211;1;2026-09-16T00:44:17Z;PILAR
ncm:22042211|p0001|2026-09-16T00:44:17Z|18;7896654400692;7896654400692;sim;Unidade;1;;;ncm:22042211;1;2026-09-16T00:44:17Z;PILAR
ncm:22042211|p0001|2026-09-16T00:44:17Z|19;7896731300044;7896731300044;sim;Unidade;1;;;ncm:22042211;1;2026-09-16T00:44:17Z;PILAR
ncm:22042211|p0001|2026-09-16T00:44:17Z|20;7896731300235;7896731300235;sim;Unidade;1;;;ncm:22042211;1;2026-09-16T00:44:17Z;PILAR
ncm:22042211|p0001|2026-09-16T00:44:17Z|21;7896780900066;7896780900066;sim;Unidade;1;;;ncm:22042211;1;2026-09-16T00:44:17Z;PILAR
ncm:22042211|p0001|2026-09-16T00:44:17Z|22;7896780902008;7896780902008;sim;Unidade;1;;;ncm:22042211;1;2026-09-16T00:44:17Z;PILAR
ncm:22042211|p0001|2026-09-16T00:44:17Z|23;7891141021640;7891141021640;sim;Unidade;1;;;ncm:22042211;1;2026-09-16T00:44:17Z;PILAR
ncm:22042211|p0001|2026-09-16T00:44:17Z|23;7891141021640;17891141021647;não;Caixa;2;0;0;ncm:22042211;1;2026-09-16T00:44:17Z;PILAR
ncm:22042211|p0001|2026-09-16T00:44:17Z|24;7896741649508;7896741649508;sim;Unidade;1;;;ncm:22042211;1;2026-09-16T00:44:17Z;PILAR
ncm:22042211|p0001|2026-09-16T00:44:17Z|26;7896741649669;7896741649669;sim;Unidade;1;;;ncm:22042211;1;2026-09-16T00:44:17Z;PILAR
ncm:22042211|p0001|2026-09-16T00:44:17Z|27;7896031000880;7896031000880;sim;Unidade;1;;;ncm:22042211;1;2026-09-16T00:44:17Z;PILAR
ncm:22042211|p0001|2026-09-16T00:44:17Z|28;7896589105020;7896589105020;sim;Unidade;1;;;ncm:22042211;1;2026-09-16T00:44:17Z;PILAR
ncm:22042211|p0001|2026-09-16T00:44:17Z|29;7896136921011;7896136921011;sim;Unidade;1;;;ncm:22042211;1;2026-09-16T00:44:17Z;PILAR
ncm:22042211|p0001|2026-09-16T00:44:17Z|30;7896136921202;7896136921202;sim;Unidade;1;;;ncm:22042211;1;2026-09-16T00:44:17Z;PILAR
ncm:22042910|p0001|2026-09-16T00:44:18Z|01;7897819893045;7897819893045;sim;Unidade;1;;;ncm:22042910;1;2026-09-16T00:44:18Z;PILAR
ncm:22042910|p0001|2026-09-16T00:44:18Z|02;7891700206983;7891700206983;sim;Unidade;1;;;ncm:22042910;1;2026-09-16T00:44:18Z;PILAR
ncm:22042910|p0001|2026-09-16T00:44:18Z|03;7897819893304;7897819893304;sim;Unidade;1;;;ncm:22042910;1;2026-09-16T00:44:18Z;PILAR
ncm:22042910|p0001|2026-09-16T00:44:18Z|04;7897779201195;7897779201195;sim;Unidade;1;;;ncm:22042910;1;2026-09-16T00:44:18Z;PILAR
ncm:22042910|p0001|2026-09-16T00:44:18Z|05;7898298540185;7898298540185;sim;Unidade;1;;;ncm:22042910;1;2026-09-16T00:44:18Z;PILAR
ncm:22042910|p0001|2026-09-16T00:44:18Z|06;7897779201096;7897779201096;sim;Unidade;1;;;ncm:22042910;1;2026-09-16T00:44:18Z;PILAR
ncm:22042910|p0001|2026-09-16T00:44:18Z|07;7896266100164;7896266100164;sim;Unidade;1;;;ncm:22042910;1;2026-09-16T00:44:18Z;PILAR
ncm:22042910|p0001|2026-09-16T00:44:18Z|08;7809503500535;7809503500535;sim;Unidade;1;;;ncm:22042910;1;2026-09-16T00:44:18Z;PILAR
ncm:22042910|p0001|2026-09-16T00:44:18Z|09;7897365300028;7897365300028;sim;Unidade;1;;;ncm:22042910;1;2026-09-16T00:44:18Z;PILAR
ncm:22042910|p0001|2026-09-16T00:44:18Z|10;81054594301;81054594301;sim;Unidade;1;;;ncm:22042910;1;2026-09-16T00:44:18Z;PILAR
ncm:22042910|p0001|2026-09-16T00:44:18Z|11;16697006669;16697006669;sim;Unidade;1;;;ncm:22042910;1;2026-09-16T00:44:18Z;PILAR
ncm:22042910|p0001|2026-09-16T00:44:18Z|12;81054594400;81054594400;sim;Unidade;1;;;ncm:22042910;1;2026-09-16T00:44:18Z;PILAR
ncm:22042910|p0001|2026-09-16T00:44:18Z|12;81054594400;10081054594407;não;Caixa;12;0;0;ncm:22042910;1;2026-09-16T00:44:18Z;PILAR
ncm:22042910|p0001|2026-09-16T00:44:18Z|13;16697000292;16697000292;sim;Unidade;1;;;ncm:22042910;1;2026-09-16T00:44:18Z;PILAR
ncm:22042910|p0001|2026-09-16T00:44:18Z|14;7896923205034;7896923205034;sim;Unidade;1;;;ncm:22042910;1;2026-09-16T00:44:18Z;PILAR
ncm:22042910|p0001|2026-09-16T00:44:18Z|15;7896780900318;7896780900318;sim;Unidade;1;;;ncm:22042910;1;2026-09-16T00:44:18Z;PILAR
ncm:22042910|p0001|2026-09-16T00:44:18Z|16;7896266100157;7896266100157;sim;Unidade;1;;;ncm:22042910;1;2026-09-16T00:44:18Z;PILAR
ncm:22042910|p0001|2026-09-16T00:44:18Z|17;7896696600364;7896696600364;sim;Unidade;1;;;ncm:22042910;1;2026-09-16T00:44:18Z;PILAR
ncm:22042910|p0001|2026-09-16T00:44:18Z|18;7896696600296;7896696600296;sim;Unidade;1;;;ncm:22042910;1;2026-09-16T00:44:18Z;PILAR
ncm:22042910|p0001|2026-09-16T00:44:18Z|19;7896266100140;7896266100140;sim;Unidade;1;;;ncm:22042910;1;2026-09-16T00:44:18Z;PILAR
ncm:22042910|p0001|2026-09-16T00:44:18Z|20;7897015209985;7897015209985;sim;Unidade;1;;;ncm:22042910;1;2026-09-16T00:44:18Z;PILAR
ncm:22042910|p0001|2026-09-16T00:44:18Z|20;7897015209985;17897015209982;não;Caixa;6;0;0;ncm:22042910;1;2026-09-16T00:44:18Z;PILAR
ncm:22042910|p0001|2026-09-16T00:44:18Z|20;7897015209985;17897015202037;não;Caixa;6;0;0;ncm:22042910;1;2026-09-16T00:44:18Z;PILAR
ncm:22042910|p0001|2026-09-16T00:44:18Z|21;7897015202061;7897015202061;sim;Unidade;1;;;ncm:22042910;1;2026-09-16T00:44:18Z;PILAR
ncm:22042910|p0001|2026-09-16T00:44:18Z|21;7897015202061;17897015202068;não;Caixa;6;0;0;ncm:22042910;1;2026-09-16T00:44:18Z;PILAR
ncm:22042910|p0001|2026-09-16T00:44:18Z|22;7897015202078;7897015202078;sim;Unidade;1;;;ncm:22042910;1;2026-09-16T00:44:18Z;PILAR
ncm:22042910|p0001|2026-09-16T00:44:18Z|22;7897015202078;17897015202075;não;Caixa;6;0;0;ncm:22042910;1;2026-09-16T00:44:18Z;PILAR
ncm:22042910|p0001|2026-09-16T00:44:18Z|23;7897507400036;7897507400036;sim;Unidade;1;;;ncm:22042910;1;2026-09-16T00:44:18Z;PILAR
ncm:22042910|p0001|2026-09-16T00:44:18Z|24;7896514701365;7896514701365;sim;Unidade;1;;;ncm:22042910;1;2026-09-16T00:44:18Z;PILAR
ncm:22042910|p0001|2026-09-16T00:44:18Z|25;8033210410255;8033210410255;sim;Unidade;1;;;ncm:22042910;1;2026-09-16T00:44:18Z;PILAR
ncm:22042910|p0001|2026-09-16T00:44:18Z|26;8008920850820;8008920850820;sim;Unidade;1;;;ncm:22042910;1;2026-09-16T00:44:18Z;PILAR
ncm:22042910|p0001|2026-09-16T00:44:18Z|27;7804426000247;7804426000247;sim;Unidade;1;;;ncm:22042910;1;2026-09-16T00:44:18Z;PILAR
ncm:22042910|p0001|2026-09-16T00:44:18Z|28;7899413373268;7899413373268;sim;Unidade;1;;;ncm:22042910;1;2026-09-16T00:44:18Z;PILAR
ncm:22042910|p0001|2026-09-16T00:44:18Z|29;7896589105068;7896589105068;sim;Unidade;1;;;ncm:22042910;1;2026-09-16T00:44:18Z;PILAR
ncm:22042910|p0001|2026-09-16T00:44:18Z|30;5602947002014;5602947002014;sim;Unidade;1;;;ncm:22042910;1;2026-09-16T00:44:18Z;PILAR
ncm:22051000|p0001|2026-09-16T00:44:18Z|01;7891125160303;7891125160303;sim;Unidade;1;;;ncm:22051000;1;2026-09-16T00:44:18Z;PILAR
ncm:22051000|p0001|2026-09-16T00:44:18Z|02;7896291600080;7896291600080;sim;Unidade;1;;;ncm:22051000;1;2026-09-16T00:44:18Z;PILAR
ncm:22051000|p0001|2026-09-16T00:44:18Z|03;7896100502185;7896100502185;sim;Unidade;1;;;ncm:22051000;1;2026-09-16T00:44:18Z;PILAR
ncm:22051000|p0001|2026-09-16T00:44:18Z|04;7896452100190;7896452100190;sim;Unidade;1;;;ncm:22051000;1;2026-09-16T00:44:18Z;PILAR
ncm:22051000|p0001|2026-09-16T00:44:18Z|05;7896452100237;7896452100237;sim;Unidade;1;;;ncm:22051000;1;2026-09-16T00:44:18Z;PILAR
ncm:22051000|p0001|2026-09-16T00:44:18Z|06;7896008100117;7896008100117;sim;Unidade;1;;;ncm:22051000;1;2026-09-16T00:44:18Z;PILAR
ncm:22051000|p0001|2026-09-16T00:44:18Z|07;7896008104917;7896008104917;sim;Unidade;1;;;ncm:22051000;1;2026-09-16T00:44:18Z;PILAR
ncm:22051000|p0001|2026-09-16T00:44:18Z|08;7790290007195;17790290007192;não;Caixa;6;;;ncm:22051000;1;2026-09-16T00:44:18Z;PILAR
ncm:22051000|p0001|2026-09-16T00:44:18Z|08;7790290007195;7790290007195;sim;Unidade;1;;;ncm:22051000;1;2026-09-16T00:44:18Z;PILAR
ncm:22051000|p0001|2026-09-16T00:44:18Z|09;7891125160440;57891125160445;não;Caixa;12;0;0;ncm:22051000;1;2026-09-16T00:44:18Z;PILAR
ncm:22051000|p0001|2026-09-16T00:44:18Z|09;7891125160440;7891125160440;sim;Unidade;1;;;ncm:22051000;1;2026-09-16T00:44:18Z;PILAR
ncm:22051000|p0001|2026-09-16T00:44:18Z|10;7891136058002;7891136058002;sim;Unidade;1;;;ncm:22051000;1;2026-09-16T00:44:18Z;PILAR
ncm:22051000|p0001|2026-09-16T00:44:18Z|10;7891136058002;17891136058009;não;Caixa;12;0;0;ncm:22051000;1;2026-09-16T00:44:18Z;PILAR
ncm:22051000|p0001|2026-09-16T00:44:18Z|11;7891125169276;7891125169276;sim;Unidade;1;;;ncm:22051000;1;2026-09-16T00:44:18Z;PILAR
ncm:22051000|p0001|2026-09-16T00:44:18Z|12;7896403900176;7896403900176;sim;Unidade;1;;;ncm:22051000;1;2026-09-16T00:44:18Z;PILAR
ncm:22051000|p0001|2026-09-16T00:44:18Z|13;7896008100063;7896008100063;sim;Unidade;1;;;ncm:22051000;1;2026-09-16T00:44:18Z;PILAR
ncm:22051000|p0001|2026-09-16T00:44:18Z|14;7896654401231;7896654401231;sim;Unidade;1;;;ncm:22051000;1;2026-09-16T00:44:18Z;PILAR
ncm:22051000|p0001|2026-09-16T00:44:18Z|15;7896008100223;7896008100223;sim;Unidade;1;;;ncm:22051000;1;2026-09-16T00:44:18Z;PILAR
ncm:22051000|p0001|2026-09-16T00:44:18Z|16;7891136058019;7891136058019;sim;Unidade;1;;;ncm:22051000;1;2026-09-16T00:44:18Z;PILAR
ncm:22051000|p0001|2026-09-16T00:44:18Z|16;7891136058019;17791200200559;não;Unidade;12;0;0;ncm:22051000;1;2026-09-16T00:44:18Z;PILAR
ncm:22051000|p0001|2026-09-16T00:44:18Z|17;7896072911121;7896072911121;sim;Unidade;1;;;ncm:22051000;1;2026-09-16T00:44:18Z;PILAR
ncm:22051000|p0001|2026-09-16T00:44:18Z|17;7896072911121;17896072910015;não;Caixa;12;4;14;ncm:22051000;1;2026-09-16T00:44:18Z;PILAR
ncm:22051000|p0001|2026-09-16T00:44:18Z|17;7896072911121;17896072911128;não;Caixa;12;4;14;ncm:22051000;1;2026-09-16T00:44:18Z;PILAR
ncm:22051000|p0001|2026-09-16T00:44:18Z|18;7896051229100;7896051229100;sim;Unidade;1;;;ncm:22051000;1;2026-09-16T00:44:18Z;PILAR
ncm:22051000|p0001|2026-09-16T00:44:18Z|19;7898043100138;7898043100138;sim;Unidade;1;;;ncm:22051000;1;2026-09-16T00:44:18Z;PILAR
ncm:22051000|p0001|2026-09-16T00:44:18Z|20;7896092500169;7896092500169;sim;Unidade;1;;;ncm:22051000;1;2026-09-16T00:44:18Z;PILAR
ncm:22051000|p0001|2026-09-16T00:44:18Z|20;7896092500169;17896092500166;não;Caixa;12;4;11;ncm:22051000;1;2026-09-16T00:44:18Z;PILAR
ncm:22051000|p0001|2026-09-16T00:44:18Z|21;7896291600073;7896291600073;sim;Unidade;1;;;ncm:22051000;1;2026-09-16T00:44:18Z;PILAR
ncm:22051000|p0001|2026-09-16T00:44:18Z|22;7896072911138;7896072911138;sim;Unidade;1;;;ncm:22051000;1;2026-09-16T00:44:18Z;PILAR
ncm:22051000|p0001|2026-09-16T00:44:18Z|22;7896072911138;17896072910022;não;Caixa;12;4;14;ncm:22051000;1;2026-09-16T00:44:18Z;PILAR
ncm:22051000|p0001|2026-09-16T00:44:18Z|22;7896072911138;17896072911135;não;Caixa;12;4;14;ncm:22051000;1;2026-09-16T00:44:18Z;PILAR
ncm:22051000|p0001|2026-09-16T00:44:18Z|23;7896008100315;7896008100315;sim;Unidade;1;;;ncm:22051000;1;2026-09-16T00:44:18Z;PILAR
ncm:22051000|p0001|2026-09-16T00:44:18Z|24;7891136060005;7891136060005;sim;Unidade;1;;;ncm:22051000;1;2026-09-16T00:44:18Z;PILAR
ncm:22051000|p0001|2026-09-16T00:44:18Z|24;7891136060005;17891136060002;não;Caixa;12;0;0;ncm:22051000;1;2026-09-16T00:44:18Z;PILAR
ncm:22051000|p0001|2026-09-16T00:44:18Z|26;7891125160105;7891125160105;sim;Unidade;1;;;ncm:22051000;1;2026-09-16T00:44:18Z;PILAR
ncm:22051000|p0001|2026-09-16T00:44:18Z|27;7804320753904;7804320753904;sim;Unidade;1;;;ncm:22051000;1;2026-09-16T00:44:18Z;PILAR
ncm:22051000|p0001|2026-09-16T00:44:18Z|28;3394150029965;3394150029965;sim;Unidade;1;;;ncm:22051000;1;2026-09-16T00:44:18Z;PILAR
ncm:22051000|p0001|2026-09-16T00:44:18Z|29;3760087760040;3760087760040;sim;Unidade;1;;;ncm:22051000;1;2026-09-16T00:44:18Z;PILAR
ncm:22051000|p0001|2026-09-16T00:44:18Z|30;6002269000238;6002269000238;sim;Unidade;1;;;ncm:22051000;1;2026-09-16T00:44:18Z;PILAR
ncm:22059000|p0001|2026-09-16T00:44:18Z|01;7896008104719;7896008104719;sim;Unidade;1;;;ncm:22059000;1;2026-09-16T00:44:18Z;PILAR
ncm:22059000|p0001|2026-09-16T00:44:18Z|02;5601332000109;5601332000109;sim;Unidade;1;;;ncm:22059000;1;2026-09-16T00:44:18Z;PILAR
ncm:22059000|p0001|2026-09-16T00:44:18Z|03;5601332006736;5601332006736;sim;Unidade;1;;;ncm:22059000;1;2026-09-16T00:44:18Z;PILAR
ncm:22059000|p0001|2026-09-16T00:44:18Z|04;5601989993649;5601989993649;sim;Unidade;1;;;ncm:22059000;1;2026-09-16T00:44:18Z;PILAR
ncm:22059000|p0001|2026-09-16T00:44:18Z|05;5601989996206;5601989996206;sim;Unidade;1;;;ncm:22059000;1;2026-09-16T00:44:18Z;PILAR
ncm:22059000|p0001|2026-09-16T00:44:18Z|06;7794450090850;7794450090850;sim;Unidade;1;;;ncm:22059000;1;2026-09-16T00:44:18Z;PILAR
ncm:22059000|p0001|2026-09-16T00:44:18Z|07;7798105520235;7798105520235;sim;Unidade;1;;;ncm:22059000;1;2026-09-16T00:44:18Z;PILAR
ncm:22059000|p0001|2026-09-16T00:44:18Z|08;3186127725723;3186127725723;sim;Unidade;1;;;ncm:22059000;1;2026-09-16T00:44:18Z;PILAR
ncm:22059000|p0001|2026-09-16T00:44:18Z|09;7804310544420;7804310544420;sim;Unidade;1;;;ncm:22059000;1;2026-09-16T00:44:18Z;PILAR
ncm:22059000|p0001|2026-09-16T00:44:18Z|10;7896086800046;7896086800046;sim;Unidade;1;;;ncm:22059000;1;2026-09-16T00:44:18Z;PILAR
ncm:22059000|p0001|2026-09-16T00:44:18Z|11;3262850034605;3262850034605;sim;Unidade;1;;;ncm:22059000;1;2026-09-16T00:44:18Z;PILAR
ncm:22059000|p0001|2026-09-16T00:44:18Z|12;7898927981051;7898927981051;sim;Unidade;1;;;ncm:22059000;1;2026-09-16T00:44:18Z;PILAR
ncm:22059000|p0001|2026-09-16T00:44:18Z|13;8008820103132;8008820103132;sim;Unidade;1;;;ncm:22059000;1;2026-09-16T00:44:18Z;PILAR
ncm:22059000|p0001|2026-09-16T00:44:18Z|14;3351650000818;3351650000818;sim;Unidade;1;;;ncm:22059000;1;2026-09-16T00:44:18Z;PILAR
ncm:22059000|p0001|2026-09-16T00:44:18Z|15;7804300120634;7804300120634;sim;Unidade;1;;;ncm:22059000;1;2026-09-16T00:44:18Z;PILAR
ncm:22059000|p0001|2026-09-16T00:44:18Z|16;7809591501087;7809591501087;sim;Unidade;1;;;ncm:22059000;1;2026-09-16T00:44:18Z;PILAR
ncm:22059000|p0001|2026-09-16T00:44:18Z|17;7809591500271;7809591500271;sim;Unidade;1;;;ncm:22059000;1;2026-09-16T00:44:18Z;PILAR
ncm:22059000|p0001|2026-09-16T00:44:18Z|18;8010462003336;8010462003336;sim;Unidade;1;;;ncm:22059000;1;2026-09-16T00:44:18Z;PILAR
ncm:22059000|p0001|2026-09-16T00:44:18Z|19;7794450091789;7794450091789;sim;Unidade;1;;;ncm:22059000;1;2026-09-16T00:44:18Z;PILAR
ncm:22059000|p0001|2026-09-16T00:44:18Z|20;8004300011386;8004300011386;sim;Unidade;1;;;ncm:22059000;1;2026-09-16T00:44:18Z;PILAR
ncm:22059000|p0001|2026-09-16T00:44:18Z|21;7896028251936;7896028251936;sim;Unidade;1;;;ncm:22059000;1;2026-09-16T00:44:18Z;PILAR
ncm:22059000|p0001|2026-09-16T00:44:18Z|22;3500610006821;3500610006821;sim;Unidade;1;;;ncm:22059000;1;2026-09-16T00:44:18Z;PILAR
ncm:22059000|p0001|2026-09-16T00:44:18Z|23;3500610006838;3500610006838;sim;Unidade;1;;;ncm:22059000;1;2026-09-16T00:44:18Z;PILAR
ncm:22059000|p0001|2026-09-16T00:44:18Z|24;5601292175183;5601292172182;não;Caixa;6;0;0;ncm:22059000;1;2026-09-16T00:44:18Z;PILAR
ncm:22059000|p0001|2026-09-16T00:44:18Z|24;5601292175183;5601292175183;sim;Unidade;1;;;ncm:22059000;1;2026-09-16T00:44:18Z;PILAR
ncm:22059000|p0001|2026-09-16T00:44:18Z|24;5601292175183;15601292175180;não;Caixa;6;0;0;ncm:22059000;1;2026-09-16T00:44:18Z;PILAR
ncm:22059000|p0001|2026-09-16T00:44:18Z|25;80516135342;80516135342;sim;Unidade;1;;;ncm:22059000;1;2026-09-16T00:44:18Z;PILAR
ncm:22059000|p0001|2026-09-16T00:44:18Z|26;7790314058264;7790314058264;sim;Unidade;1;;;ncm:22059000;1;2026-09-16T00:44:18Z;PILAR
ncm:22059000|p0001|2026-09-16T00:44:18Z|27;7897268833326;7897268833326;sim;Unidade;1;;;ncm:22059000;1;2026-09-16T00:44:18Z;PILAR
ncm:22059000|p0001|2026-09-16T00:44:18Z|28;7897268844421;7897268844421;sim;Unidade;1;;;ncm:22059000;1;2026-09-16T00:44:18Z;PILAR
ncm:22059000|p0001|2026-09-16T00:44:18Z|29;7802940730756;7802940730756;sim;Unidade;1;;;ncm:22059000;1;2026-09-16T00:44:18Z;PILAR
ncm:22059000|p0001|2026-09-16T00:44:18Z|30;5601193200014;5601193200014;sim;Unidade;1;;;ncm:22059000;1;2026-09-16T00:44:18Z;PILAR
ncm:22060010|p0001|2026-09-16T00:44:19Z|01;7896097722085;7896097722085;sim;Unidade;1;;;ncm:22060010;1;2026-09-16T00:44:19Z;PILAR
ncm:22060010|p0001|2026-09-16T00:44:19Z|01;7896097722085;47896097722083;não;Caixa;4;0;0;ncm:22060010;1;2026-09-16T00:44:19Z;PILAR
ncm:22060010|p0001|2026-09-16T00:44:19Z|02;7896031000613;7896031000613;sim;Unidade;1;;;ncm:22060010;1;2026-09-16T00:44:19Z;PILAR
ncm:22060010|p0001|2026-09-16T00:44:19Z|02;7896031000613;17896031000610;não;Unidade;1;0;0;ncm:22060010;1;2026-09-16T00:44:19Z;PILAR
ncm:22060010|p0001|2026-09-16T00:44:19Z|03;7896028866123;7896028866123;sim;Unidade;1;;;ncm:22060010;1;2026-09-16T00:44:19Z;PILAR
ncm:22060010|p0001|2026-09-16T00:44:19Z|04;7896028251226;7896028251226;sim;Unidade;1;;;ncm:22060010;1;2026-09-16T00:44:19Z;PILAR
ncm:22060010|p0001|2026-09-16T00:44:19Z|05;7896072902600;7896072902600;sim;Unidade;1;;;ncm:22060010;1;2026-09-16T00:44:19Z;PILAR
ncm:22060010|p0001|2026-09-16T00:44:19Z|05;7896072902600;17896072902607;não;Caixa;12;0;0;ncm:22060010;1;2026-09-16T00:44:19Z;PILAR
ncm:22060010|p0001|2026-09-16T00:44:19Z|05;7896072902600;17896072987512;não;Caixa;12;0;0;ncm:22060010;1;2026-09-16T00:44:19Z;PILAR
ncm:22060010|p0001|2026-09-16T00:44:19Z|06;7898280620024;7898280620024;sim;Unidade;1;;;ncm:22060010;1;2026-09-16T00:44:19Z;PILAR
ncm:22060010|p0001|2026-09-16T00:44:19Z|07;7898280620208;7898280620208;sim;Unidade;1;;;ncm:22060010;1;2026-09-16T00:44:19Z;PILAR
ncm:22060010|p0001|2026-09-16T00:44:19Z|07;7898280620208;17898280620205;não;Caixa;12;0;0;ncm:22060010;1;2026-09-16T00:44:19Z;PILAR
ncm:22060010|p0001|2026-09-16T00:44:19Z|08;7896072902822;7896072902822;sim;Unidade;1;;;ncm:22060010;1;2026-09-16T00:44:19Z;PILAR
ncm:22060010|p0001|2026-09-16T00:44:19Z|08;7896072902822;17896072902829;não;Unidade;1;4;14;ncm:22060010;1;2026-09-16T00:44:19Z;PILAR
ncm:22060010|p0001|2026-09-16T00:44:19Z|08;7896072902822;17896072988199;não;Unidade;1;0;0;ncm:22060010;1;2026-09-16T00:44:19Z;PILAR
ncm:22060010|p0001|2026-09-16T00:44:19Z|09;7896072902228;7896072902228;sim;Unidade;1;;;ncm:22060010;1;2026-09-16T00:44:19Z;PILAR
ncm:22060010|p0001|2026-09-16T00:44:19Z|09;7896072902228;17896072988137;não;Caixa;12;0;0;ncm:22060010;1;2026-09-16T00:44:19Z;PILAR
ncm:22060010|p0001|2026-09-16T00:44:19Z|10;7896072902877;7896072902877;sim;Unidade;1;;;ncm:22060010;1;2026-09-16T00:44:19Z;PILAR
ncm:22060010|p0001|2026-09-16T00:44:19Z|10;7896072902877;17896072902874;não;Unidade;1;4;14;ncm:22060010;1;2026-09-16T00:44:19Z;PILAR
ncm:22060010|p0001|2026-09-16T00:44:19Z|10;7896072902877;17896072906872;não;Unidade;1;0;0;ncm:22060010;1;2026-09-16T00:44:19Z;PILAR
ncm:22060010|p0001|2026-09-16T00:44:19Z|11;7896028250311;7896028250311;sim;Unidade;1;;;ncm:22060010;1;2026-09-16T00:44:19Z;PILAR
ncm:22060010|p0001|2026-09-16T00:44:19Z|12;7896031000507;7896031000507;sim;Unidade;1;;;ncm:22060010;1;2026-09-16T00:44:19Z;PILAR
ncm:22060010|p0001|2026-09-16T00:44:19Z|13;7896336800734;27896336800165;não;Caixa;12;;;ncm:22060010;1;2026-09-16T00:44:19Z;PILAR
ncm:22060010|p0001|2026-09-16T00:44:19Z|13;7896336800734;7896336800734;sim;Unidade;1;;;ncm:22060010;1;2026-09-16T00:44:19Z;PILAR
ncm:22060010|p0001|2026-09-16T00:44:19Z|14;7896336801052;27896336801056;não;Caixa;12;;;ncm:22060010;1;2026-09-16T00:44:19Z;PILAR
ncm:22060010|p0001|2026-09-16T00:44:19Z|14;7896336801052;7896336801052;sim;Unidade;1;;;ncm:22060010;1;2026-09-16T00:44:19Z;PILAR
ncm:22060010|p0001|2026-09-16T00:44:19Z|15;7896097727103;7896097727103;sim;Unidade;1;;;ncm:22060010;1;2026-09-16T00:44:19Z;PILAR
ncm:22060010|p0001|2026-09-16T00:44:19Z|16;7896097727097;7896097727097;sim;Unidade;1;;;ncm:22060010;1;2026-09-16T00:44:19Z;PILAR
ncm:22060010|p0001|2026-09-16T00:44:19Z|17;7896403971305;7896403971305;sim;Unidade;1;;;ncm:22060010;1;2026-09-16T00:44:19Z;PILAR
ncm:22060010|p0001|2026-09-16T00:44:19Z|17;7896403971305;7896403981304;não;Caixa;6;0;0;ncm:22060010;1;2026-09-16T00:44:19Z;PILAR
ncm:22060010|p0001|2026-09-16T00:44:19Z|18;7898280620307;7898280620307;sim;Unidade;1;;;ncm:22060010;1;2026-09-16T00:44:19Z;PILAR
ncm:22060010|p0001|2026-09-16T00:44:19Z|19;7897688504035;7897688504035;sim;Unidade;1;;;ncm:22060010;1;2026-09-16T00:44:19Z;PILAR
ncm:22060010|p0001|2026-09-16T00:44:19Z|19;7897688504035;17897688504032;não;Caixa;6;5;30;ncm:22060010;1;2026-09-16T00:44:19Z;PILAR
ncm:22060010|p0001|2026-09-16T00:44:19Z|20;7896072911145;7896072911145;sim;Unidade;1;;;ncm:22060010;1;2026-09-16T00:44:19Z;PILAR
ncm:22060010|p0001|2026-09-16T00:44:19Z|20;7896072911145;7896072913330;não;Unidade;12;4;14;ncm:22060010;1;2026-09-16T00:44:19Z;PILAR
ncm:22060010|p0001|2026-09-16T00:44:19Z|20;7896072911145;17896072911142;não;Unidade;12;4;14;ncm:22060010;1;2026-09-16T00:44:19Z;PILAR
ncm:22060010|p0001|2026-09-16T00:44:19Z|21;7898280620017;7898280620017;sim;Unidade;1;;;ncm:22060010;1;2026-09-16T00:44:19Z;PILAR
ncm:22060010|p0001|2026-09-16T00:44:19Z|21;7898280620017;17898280620212;não;Caixa;12;0;0;ncm:22060010;1;2026-09-16T00:44:19Z;PILAR
ncm:22060010|p0001|2026-09-16T00:44:19Z|22;7896028200316;7896028200316;sim;Unidade;1;;;ncm:22060010;1;2026-09-16T00:44:19Z;PILAR
ncm:22060010|p0001|2026-09-16T00:44:19Z|23;7896028251486;7896028251486;sim;Unidade;1;;;ncm:22060010;1;2026-09-16T00:44:19Z;PILAR
ncm:22060010|p0001|2026-09-16T00:44:19Z|24;7896028251509;7896028251509;sim;Unidade;1;;;ncm:22060010;1;2026-09-16T00:44:19Z;PILAR
ncm:22060010|p0001|2026-09-16T00:44:19Z|25;7896072901375;7896072901375;sim;Unidade;1;;;ncm:22060010;1;2026-09-16T00:44:19Z;PILAR
ncm:22060010|p0001|2026-09-16T00:44:19Z|26;7897688504011;7897688504011;sim;Unidade;1;;;ncm:22060010;1;2026-09-16T00:44:19Z;PILAR
ncm:22060010|p0001|2026-09-16T00:44:19Z|27;7898915125023;7898915125023;sim;Unidade;1;;;ncm:22060010;1;2026-09-16T00:44:19Z;PILAR
ncm:22060010|p0001|2026-09-16T00:44:19Z|28;7898915125047;7898915125047;sim;Unidade;1;;;ncm:22060010;1;2026-09-16T00:44:19Z;PILAR
ncm:22060010|p0001|2026-09-16T00:44:19Z|29;7896403901838;7896403901838;sim;Unidade;1;;;ncm:22060010;1;2026-09-16T00:44:19Z;PILAR
ncm:22060010|p0001|2026-09-16T00:44:19Z|29;7896403901838;7896403991839;não;Unidade;1;0;0;ncm:22060010;1;2026-09-16T00:44:19Z;PILAR
ncm:22060010|p0001|2026-09-16T00:44:19Z|30;7896031000552;7896031000552;sim;Unidade;1;;;ncm:22060010;1;2026-09-16T00:44:19Z;PILAR
ncm:22060010|p0001|2026-09-16T00:44:19Z|30;7896031000552;17896031000559;não;Caixa;12;0;0;ncm:22060010;1;2026-09-16T00:44:19Z;PILAR
ncm:22060090|p0001|2026-09-16T00:44:19Z|01;8006233108003;8006233108003;sim;Unidade;1;;;ncm:22060090;1;2026-09-16T00:44:19Z;PILAR
ncm:22060090|p0001|2026-09-16T00:44:19Z|02;7896718200398;7896718200398;sim;Unidade;1;;;ncm:22060090;1;2026-09-16T00:44:19Z;PILAR
ncm:22060090|p0001|2026-09-16T00:44:19Z|02;7896718200398;7896718200282;não;Unidade;12;0;0;ncm:22060090;1;2026-09-16T00:44:19Z;PILAR
ncm:22060090|p0001|2026-09-16T00:44:19Z|03;7898568810093;7898568810093;sim;Unidade;1;;;ncm:22060090;1;2026-09-16T00:44:19Z;PILAR
ncm:22060090|p0001|2026-09-16T00:44:19Z|04;7896266100485;7896266100485;sim;Unidade;1;;;ncm:22060090;1;2026-09-16T00:44:19Z;PILAR
ncm:22060090|p0001|2026-09-16T00:44:19Z|04;7896266100485;17896266100482;não;Unidade;1;0;0;ncm:22060090;1;2026-09-16T00:44:19Z;PILAR
ncm:22060090|p0001|2026-09-16T00:44:19Z|04;7896266100485;27896266101103;não;Caixa;12;4;15;ncm:22060090;1;2026-09-16T00:44:19Z;PILAR
ncm:22060090|p0001|2026-09-16T00:44:19Z|05;7896266100508;7896266100508;sim;Unidade;1;;;ncm:22060090;1;2026-09-16T00:44:19Z;PILAR
ncm:22060090|p0001|2026-09-16T00:44:19Z|06;7896711103290;7896711103290;sim;Unidade;1;;;ncm:22060090;1;2026-09-16T00:44:19Z;PILAR
ncm:22060090|p0001|2026-09-16T00:44:19Z|07;7896711103191;7896711103191;sim;Unidade;1;;;ncm:22060090;1;2026-09-16T00:44:19Z;PILAR
ncm:22060090|p0001|2026-09-16T00:44:19Z|08;7896711103276;7896711103276;sim;Unidade;1;;;ncm:22060090;1;2026-09-16T00:44:19Z;PILAR
ncm:22060090|p0001|2026-09-16T00:44:19Z|09;7896711103207;7896711103207;sim;Unidade;1;;;ncm:22060090;1;2026-09-16T00:44:19Z;PILAR
ncm:22060090|p0001|2026-09-16T00:44:19Z|10;7896711103184;7896711103184;sim;Unidade;1;;;ncm:22060090;1;2026-09-16T00:44:19Z;PILAR
ncm:22060090|p0001|2026-09-16T00:44:19Z|11;7896741650016;7896741650016;sim;Unidade;1;;;ncm:22060090;1;2026-09-16T00:44:19Z;PILAR
ncm:22060090|p0001|2026-09-16T00:44:19Z|11;7896741650016;7896741650405;não;Unidade;1;;;ncm:22060090;1;2026-09-16T00:44:19Z;PILAR
ncm:22060090|p0001|2026-09-16T00:44:19Z|12;7896514700641;7896514700641;sim;Unidade;1;;;ncm:22060090;1;2026-09-16T00:44:19Z;PILAR
ncm:22060090|p0001|2026-09-16T00:44:19Z|13;7896092500596;27896092500590;não;Unidade;1;0;0;ncm:22060090;1;2026-09-16T00:44:19Z;PILAR
ncm:22060090|p0001|2026-09-16T00:44:19Z|13;7896092500596;7896092500596;sim;Unidade;1;;;ncm:22060090;1;2026-09-16T00:44:19Z;PILAR
ncm:22060090|p0001|2026-09-16T00:44:19Z|14;7896741681027;7896741681027;sim;Unidade;1;;;ncm:22060090;1;2026-09-16T00:44:19Z;PILAR
ncm:22060090|p0001|2026-09-16T00:44:19Z|14;7896741681027;7896741690029;não;Caixa;12;0;0;ncm:22060090;1;2026-09-16T00:44:19Z;PILAR
ncm:22060090|p0001|2026-09-16T00:44:19Z|15;7896007831357;7896007831357;sim;Unidade;1;;;ncm:22060090;1;2026-09-16T00:44:19Z;PILAR
ncm:22060090|p0001|2026-09-16T00:44:19Z|15;7896007831357;17896007831354;não;Caixa;12;5;15;ncm:22060090;1;2026-09-16T00:44:19Z;PILAR
ncm:22060090|p0001|2026-09-16T00:44:19Z|16;7896299101107;7896299101107;sim;Unidade;1;;;ncm:22060090;1;2026-09-16T00:44:19Z;PILAR
ncm:22060090|p0001|2026-09-16T00:44:19Z|16;7896299101107;17896299101104;não;Unidade;12;0;0;ncm:22060090;1;2026-09-16T00:44:19Z;PILAR
ncm:22060090|p0001|2026-09-16T00:44:19Z|17;7898994017325;7898994017325;sim;Unidade;1;;;ncm:22060090;1;2026-09-16T00:44:19Z;PILAR
ncm:22060090|p0001|2026-09-16T00:44:19Z|17;7898994017325;17898994017322;não;Caixa;12;4;10;ncm:22060090;1;2026-09-16T00:44:19Z;PILAR
ncm:22060090|p0001|2026-09-16T00:44:19Z|18;7898280620215;7898280620215;sim;Unidade;1;;;ncm:22060090;1;2026-09-16T00:44:19Z;PILAR
ncm:22060090|p0001|2026-09-16T00:44:19Z|19;7896031000521;7896031000521;sim;Unidade;1;;;ncm:22060090;1;2026-09-16T00:44:19Z;PILAR
ncm:22060090|p0001|2026-09-16T00:44:19Z|19;7896031000521;17896031000528;não;Caixa;12;0;0;ncm:22060090;1;2026-09-16T00:44:19Z;PILAR
ncm:22060090|p0001|2026-09-16T00:44:19Z|20;7896741649041;7896741646996;não;Unidade;1;0;0;ncm:22060090;1;2026-09-16T00:44:19Z;PILAR
ncm:22060090|p0001|2026-09-16T00:44:19Z|20;7896741649041;7896741649041;sim;Unidade;1;;;ncm:22060090;1;2026-09-16T00:44:19Z;PILAR
ncm:22060090|p0001|2026-09-16T00:44:19Z|21;7896931611483;7896931611469;não;Caixa;12;0;0;ncm:22060090;1;2026-09-16T00:44:19Z;PILAR
ncm:22060090|p0001|2026-09-16T00:44:19Z|21;7896931611483;7896931611483;sim;Unidade;1;;;ncm:22060090;1;2026-09-16T00:44:19Z;PILAR
ncm:22060090|p0001|2026-09-16T00:44:19Z|22;7896718200817;7896718200817;sim;Unidade;1;;;ncm:22060090;1;2026-09-16T00:44:19Z;PILAR
ncm:22060090|p0001|2026-09-16T00:44:19Z|23;7896718201692;7896718201692;sim;Unidade;1;;;ncm:22060090;1;2026-09-16T00:44:19Z;PILAR
ncm:22060090|p0001|2026-09-16T00:44:19Z|24;7896718201524;7896718201524;sim;Unidade;1;;;ncm:22060090;1;2026-09-16T00:44:19Z;PILAR
ncm:22060090|p0001|2026-09-16T00:44:19Z|24;7896718201524;7896718201531;não;Unidade;12;0;0;ncm:22060090;1;2026-09-16T00:44:19Z;PILAR
ncm:22060090|p0001|2026-09-16T00:44:19Z|25;7896718201173;7896718201173;sim;Unidade;1;;;ncm:22060090;1;2026-09-16T00:44:19Z;PILAR
ncm:22060090|p0001|2026-09-16T00:44:19Z|25;7896718201173;17896896900148;não;Caixa;12;0;0;ncm:22060090;1;2026-09-16T00:44:19Z;PILAR
ncm:22060090|p0001|2026-09-16T00:44:19Z|25;7896718201173;17896514702017;não;Caixa;12;0;0;ncm:22060090;1;2026-09-16T00:44:19Z;PILAR
ncm:22060090|p0001|2026-09-16T00:44:19Z|26;7896718202620;7896718202620;sim;Unidade;1;;;ncm:22060090;1;2026-09-16T00:44:19Z;PILAR
ncm:22060090|p0001|2026-09-16T00:44:19Z|27;7896718200794;7896718200794;sim;Unidade;1;;;ncm:22060090;1;2026-09-16T00:44:19Z;PILAR
ncm:22060090|p0001|2026-09-16T00:44:19Z|27;7896718200794;7896718200800;não;Unidade;1;;;ncm:22060090;1;2026-09-16T00:44:19Z;PILAR
ncm:22060090|p0001|2026-09-16T00:44:19Z|27;7896718200794;7896718200855;não;Unidade;12;0;0;ncm:22060090;1;2026-09-16T00:44:19Z;PILAR
ncm:22060090|p0001|2026-09-16T00:44:19Z|28;7896299101169;7896299101169;sim;Unidade;1;;;ncm:22060090;1;2026-09-16T00:44:19Z;PILAR
ncm:22060090|p0001|2026-09-16T00:44:19Z|29;7893218002422;7893218002422;sim;Unidade;1;;;ncm:22060090;1;2026-09-16T00:44:19Z;PILAR
ncm:22060090|p0001|2026-09-16T00:44:19Z|30;7896007860500;7896007860500;sim;Unidade;1;;;ncm:22060090;1;2026-09-16T00:44:19Z;PILAR
ncm:22060090|p0001|2026-09-16T00:44:19Z|30;7896007860500;17896007860507;não;Caixa;12;0;0;ncm:22060090;1;2026-09-16T00:44:19Z;PILAR
ncm:22082000|p0001|2026-09-16T00:44:20Z|01;3269550712918;23269550712912;não;Caixa;12;;;ncm:22082000;1;2026-09-16T00:44:20Z;PILAR
ncm:22082000|p0001|2026-09-16T00:44:20Z|01;3269550712918;3269550712918;sim;Unidade;1;;;ncm:22082000;1;2026-09-16T00:44:20Z;PILAR
ncm:22082000|p0001|2026-09-16T00:44:20Z|02;3245990969402;3245990969402;sim;Unidade;1;;;ncm:22082000;1;2026-09-16T00:44:20Z;PILAR
ncm:22082000|p0001|2026-09-16T00:44:20Z|03;7898234630093;7898234630093;sim;Unidade;1;;;ncm:22082000;1;2026-09-16T00:44:20Z;PILAR
ncm:22082000|p0001|2026-09-16T00:44:20Z|04;8423360010052;28423360010056;não;Caixa;6;;;ncm:22082000;1;2026-09-16T00:44:20Z;PILAR
ncm:22082000|p0001|2026-09-16T00:44:20Z|04;8423360010052;8423360010052;sim;Unidade;1;;;ncm:22082000;1;2026-09-16T00:44:20Z;PILAR
ncm:22082000|p0001|2026-09-16T00:44:20Z|05;8001929214679;8001929214679;sim;Unidade;1;;;ncm:22082000;1;2026-09-16T00:44:20Z;PILAR
ncm:22082000|p0001|2026-09-16T00:44:20Z|06;5601193300127;25601193300121;não;Caixa;6;;;ncm:22082000;1;2026-09-16T00:44:20Z;PILAR
ncm:22082000|p0001|2026-09-16T00:44:20Z|06;5601193300127;5601193300127;sim;Unidade;1;;;ncm:22082000;1;2026-09-16T00:44:20Z;PILAR
ncm:22082000|p0001|2026-09-16T00:44:20Z|07;5601193300189;5601193300189;sim;Unidade;1;;;ncm:22082000;1;2026-09-16T00:44:20Z;PILAR
ncm:22082000|p0001|2026-09-16T00:44:20Z|09;5604422144202;45604422144200;não;Caixa;12;0;0;ncm:22082000;1;2026-09-16T00:44:20Z;PILAR
ncm:22082000|p0001|2026-09-16T00:44:20Z|09;5604422144202;5604422144202;sim;Unidade;1;;;ncm:22082000;1;2026-09-16T00:44:20Z;PILAR
ncm:22082000|p0001|2026-09-16T00:44:20Z|10;7896685200070;7896685200070;sim;Unidade;1;;;ncm:22082000;1;2026-09-16T00:44:20Z;PILAR
ncm:22082000|p0001|2026-09-16T00:44:20Z|10;7896685200070;17896685200077;não;Caixa;6;5;22;ncm:22082000;1;2026-09-16T00:44:20Z;PILAR
ncm:22082000|p0001|2026-09-16T00:44:20Z|11;7896756800215;7896756800215;sim;Unidade;1;;;ncm:22082000;1;2026-09-16T00:44:20Z;PILAR
ncm:22082000|p0001|2026-09-16T00:44:20Z|11;7896756800215;17896756800212;não;Caixa;6;0;0;ncm:22082000;1;2026-09-16T00:44:20Z;PILAR
ncm:22082000|p0001|2026-09-16T00:44:20Z|12;7896097720104;27896097720108;não;Unidade;1;0;0;ncm:22082000;1;2026-09-16T00:44:20Z;PILAR
ncm:22082000|p0001|2026-09-16T00:44:20Z|12;7896097720104;7896097720104;sim;Unidade;1;;;ncm:22082000;1;2026-09-16T00:44:20Z;PILAR
ncm:22082000|p0001|2026-09-16T00:44:20Z|13;7896008100292;7896008100292;sim;Unidade;1;;;ncm:22082000;1;2026-09-16T00:44:20Z;PILAR
ncm:22082000|p0001|2026-09-16T00:44:20Z|14;7897110000975;7897110000975;sim;Unidade;1;;;ncm:22082000;1;2026-09-16T00:44:20Z;PILAR
ncm:22082000|p0001|2026-09-16T00:44:20Z|15;7896020200017;7896020200017;sim;Unidade;1;;;ncm:22082000;1;2026-09-16T00:44:20Z;PILAR
ncm:22082000|p0001|2026-09-16T00:44:20Z|16;7896022610005;7896022610005;sim;Unidade;1;;;ncm:22082000;1;2026-09-16T00:44:20Z;PILAR
ncm:22082000|p0001|2026-09-16T00:44:20Z|16;7896022610005;27896022610009;não;Unidade;12;0;0;ncm:22082000;1;2026-09-16T00:44:20Z;PILAR
ncm:22082000|p0001|2026-09-16T00:44:20Z|17;7896072911176;7896072911176;sim;Unidade;1;;;ncm:22082000;1;2026-09-16T00:44:20Z;PILAR
ncm:22082000|p0001|2026-09-16T00:44:20Z|18;752183089166;752183089166;sim;Unidade;1;;;ncm:22082000;1;2026-09-16T00:44:20Z;PILAR
ncm:22082000|p0001|2026-09-16T00:44:20Z|19;7898298540574;7898298540574;sim;Unidade;1;;;ncm:22082000;1;2026-09-16T00:44:20Z;PILAR
ncm:22082000|p0001|2026-09-16T00:44:20Z|20;7896923201043;7896923201043;sim;Unidade;1;;;ncm:22082000;1;2026-09-16T00:44:20Z;PILAR
ncm:22082000|p0001|2026-09-16T00:44:20Z|21;7809585500454;7809585500454;sim;Unidade;1;;;ncm:22082000;1;2026-09-16T00:44:20Z;PILAR
ncm:22082000|p0001|2026-09-16T00:44:20Z|22;7898298540024;7898298540024;sim;Unidade;1;;;ncm:22082000;1;2026-09-16T00:44:20Z;PILAR
ncm:22082000|p0001|2026-09-16T00:44:20Z|23;7898298540192;7898298540192;sim;Unidade;1;;;ncm:22082000;1;2026-09-16T00:44:20Z;PILAR
ncm:22082000|p0001|2026-09-16T00:44:20Z|24;7898298540017;7898298540017;sim;Unidade;1;;;ncm:22082000;1;2026-09-16T00:44:20Z;PILAR
ncm:22082000|p0001|2026-09-16T00:44:20Z|25;7897200100127;7897200100127;sim;Unidade;1;;;ncm:22082000;1;2026-09-16T00:44:20Z;PILAR
ncm:22082000|p0001|2026-09-16T00:44:20Z|26;7897200100110;7897200100110;sim;Unidade;1;;;ncm:22082000;1;2026-09-16T00:44:20Z;PILAR
ncm:22082000|p0001|2026-09-16T00:44:20Z|27;7730429000376;7730429000376;sim;Unidade;1;;;ncm:22082000;1;2026-09-16T00:44:20Z;PILAR
ncm:22082000|p0001|2026-09-16T00:44:20Z|28;7898395720510;7898395720510;sim;Unidade;1;;;ncm:22082000;1;2026-09-16T00:44:20Z;PILAR
ncm:22082000|p0001|2026-09-16T00:44:20Z|29;7898395720039;7898395720039;sim;Unidade;1;;;ncm:22082000;1;2026-09-16T00:44:20Z;PILAR
ncm:22082000|p0001|2026-09-16T00:44:20Z|30;7896092501111;7896092501111;sim;Unidade;1;;;ncm:22082000;1;2026-09-16T00:44:20Z;PILAR
ncm:22083010|p0001|2026-09-16T00:44:20Z|01;7896189410012;7896189410012;sim;Unidade;1;;;ncm:22083010;1;2026-09-16T00:44:20Z;PILAR
ncm:22083010|p0001|2026-09-16T00:44:20Z|02;7896189410036;7896189410036;sim;Unidade;1;;;ncm:22083010;1;2026-09-16T00:44:20Z;PILAR
ncm:22083010|p0001|2026-09-16T00:44:20Z|03;7898138440569;7898138440569;sim;Unidade;1;;;ncm:22083010;1;2026-09-16T00:44:20Z;PILAR
ncm:22083020|p0001|2026-09-16T00:44:20Z|01;5010106110157;5010106110157;sim;Unidade;1;;;ncm:22083020;1;2026-09-16T00:44:20Z;PILAR
ncm:22083020|p0001|2026-09-16T00:44:20Z|02;7891050003072;7891050003072;sim;Unidade;1;;;ncm:22083020;1;2026-09-16T00:44:20Z;PILAR
ncm:22083020|p0001|2026-09-16T00:44:20Z|03;50196166;50196166;sim;Unidade;1;;;ncm:22083020;1;2026-09-16T00:44:20Z;PILAR
ncm:22083020|p0001|2026-09-16T00:44:20Z|04;7893218002651;7893218002651;sim;Unidade;1;;;ncm:22083020;1;2026-09-16T00:44:20Z;PILAR
ncm:22083020|p0001|2026-09-16T00:44:20Z|05;5000196001695;5000196001695;sim;Unidade;1;;;ncm:22083020;1;2026-09-16T00:44:20Z;PILAR
ncm:22083020|p0001|2026-09-16T00:44:20Z|05;5000196001695;5000196001701;não;Caixa;6;5;12;ncm:22083020;1;2026-09-16T00:44:20Z;PILAR
ncm:22083020|p0001|2026-09-16T00:44:20Z|06;80686816157;80686816157;sim;Unidade;1;;;ncm:22083020;1;2026-09-16T00:44:20Z;PILAR
ncm:22083020|p0001|2026-09-16T00:44:20Z|07;5000267102634;5000267102634;sim;Unidade;1;;;ncm:22083020;1;2026-09-16T00:44:20Z;PILAR
ncm:22083020|p0001|2026-09-16T00:44:20Z|09;5000299225028;5000299225028;sim;Unidade;1;;;ncm:22083020;1;2026-09-16T00:44:20Z;PILAR
ncm:22083020|p0001|2026-09-16T00:44:20Z|09;5000299225028;5000299225110;não;Caixa;12;0;0;ncm:22083020;1;2026-09-16T00:44:20Z;PILAR
ncm:22083020|p0001|2026-09-16T00:44:20Z|10;7898945134163;7898945134163;sim;Unidade;1;;;ncm:22083020;1;2026-09-16T00:44:20Z;PILAR
ncm:22083020|p0001|2026-09-16T00:44:20Z|11;5013967005006;5013967005006;sim;Unidade;1;;;ncm:22083020;1;2026-09-16T00:44:20Z;PILAR
ncm:22083020|p0001|2026-09-16T00:44:20Z|12;5010314441067;5010314441067;sim;Unidade;1;;;ncm:22083020;1;2026-09-16T00:44:20Z;PILAR
ncm:22083020|p0001|2026-09-16T00:44:20Z|13;5010314073008;5010314073008;sim;Unidade;1;;;ncm:22083020;1;2026-09-16T00:44:20Z;PILAR
ncm:22083020|p0001|2026-09-16T00:44:20Z|14;80432403020;80432403020;sim;Unidade;1;;;ncm:22083020;1;2026-09-16T00:44:20Z;PILAR
ncm:22083020|p0001|2026-09-16T00:44:20Z|15;5010327302201;5010327302201;sim;Unidade;1;;;ncm:22083020;1;2026-09-16T00:44:20Z;PILAR
ncm:22083020|p0001|2026-09-16T00:44:20Z|16;7891125181261;7891125181261;sim;Unidade;1;;;ncm:22083020;1;2026-09-16T00:44:20Z;PILAR
ncm:22083020|p0001|2026-09-16T00:44:20Z|17;5010327000176;5010327000176;sim;Unidade;1;;;ncm:22083020;1;2026-09-16T00:44:20Z;PILAR
ncm:22083020|p0001|2026-09-16T00:44:20Z|18;5000281003474;5000281003474;sim;Unidade;1;;;ncm:22083020;1;2026-09-16T00:44:20Z;PILAR
ncm:22083020|p0001|2026-09-16T00:44:20Z|19;7891125181513;7891125181513;sim;Unidade;1;;;ncm:22083020;1;2026-09-16T00:44:20Z;PILAR
ncm:22083020|p0001|2026-09-16T00:44:20Z|20;5010196075091;5010196075091;sim;Unidade;1;;;ncm:22083020;1;2026-09-16T00:44:20Z;PILAR
ncm:22083020|p0001|2026-09-16T00:44:20Z|21;5010103803311;5010103803311;sim;Unidade;1;;;ncm:22083020;1;2026-09-16T00:44:20Z;PILAR
ncm:22083020|p0001|2026-09-16T00:44:20Z|22;5010103902564;5010103902564;sim;Unidade;1;;;ncm:22083020;1;2026-09-16T00:44:20Z;PILAR
ncm:22083020|p0001|2026-09-16T00:44:20Z|23;82184245163;82184245163;sim;Unidade;1;;;ncm:22083020;1;2026-09-16T00:44:20Z;PILAR
ncm:22083020|p0001|2026-09-16T00:44:20Z|24;7893218002644;7893218002644;sim;Unidade;1;;;ncm:22083020;1;2026-09-16T00:44:20Z;PILAR
ncm:22083020|p0001|2026-09-16T00:44:20Z|25;7893218002873;7893218002873;sim;Unidade;1;;;ncm:22083020;1;2026-09-16T00:44:20Z;PILAR
ncm:22083020|p0001|2026-09-16T00:44:20Z|26;7893218002637;7893218002637;sim;Unidade;1;;;ncm:22083020;1;2026-09-16T00:44:20Z;PILAR
ncm:22083020|p0001|2026-09-16T00:44:20Z|27;5000267014401;5000267014401;sim;Unidade;1;;;ncm:22083020;1;2026-09-16T00:44:20Z;PILAR
ncm:22083020|p0001|2026-09-16T00:44:20Z|27;5000267014401;5000267014418;não;Caixa;24;4;14;ncm:22083020;1;2026-09-16T00:44:20Z;PILAR
ncm:22083020|p0001|2026-09-16T00:44:20Z|28;7896711102910;7896711102910;sim;Unidade;1;;;ncm:22083020;1;2026-09-16T00:44:20Z;PILAR
ncm:22083020|p0001|2026-09-16T00:44:20Z|29;5000299211243;5000299211243;sim;Unidade;1;;;ncm:22083020;1;2026-09-16T00:44:20Z;PILAR
ncm:22083020|p0001|2026-09-16T00:44:20Z|29;5000299211243;5000299211267;não;Caixa;6;0;0;ncm:22083020;1;2026-09-16T00:44:20Z;PILAR
ncm:22083020|p0001|2026-09-16T00:44:20Z|30;7891125163304;7891125163304;sim;Unidade;1;;;ncm:22083020;1;2026-09-16T00:44:20Z;PILAR
ncm:22083090|p0001|2026-09-16T00:44:20Z|01;5024546356587;5024546356587;sim;Unidade;1;;;ncm:22083090;1;2026-09-16T00:44:20Z;PILAR
ncm:22083090|p0001|2026-09-16T00:44:20Z|02;5024546366630;5024546366630;sim;Unidade;1;;;ncm:22083090;1;2026-09-16T00:44:20Z;PILAR
ncm:22083090|p0001|2026-09-16T00:44:20Z|03;7501035042070;7501035042070;sim;Unidade;1;;;ncm:22083090;1;2026-09-16T00:44:20Z;PILAR
ncm:22083090|p0001|2026-09-16T00:44:20Z|04;7897736409053;7897736409053;sim;Unidade;1;;;ncm:22083090;1;2026-09-16T00:44:20Z;PILAR
ncm:22084000|p0001|2026-09-16T00:44:21Z|01;7896050200087;7896050200087;sim;Unidade;1;;;ncm:22084000;1;2026-09-16T00:44:21Z;PILAR
ncm:22084000|p0001|2026-09-16T00:44:21Z|01;7896050200087;17896050200084;não;Caixa;12;;;ncm:22084000;1;2026-09-16T00:44:21Z;PILAR
ncm:22084000|p0001|2026-09-16T00:44:21Z|02;7898075980104;7898075980104;sim;Unidade;1;;;ncm:22084000;1;2026-09-16T00:44:21Z;PILAR
ncm:22084000|p0001|2026-09-16T00:44:21Z|02;7898075980104;78900296321906;não;Caixa;12;14;11;ncm:22084000;1;2026-09-16T00:44:21Z;PILAR
ncm:22084000|p0001|2026-09-16T00:44:21Z|03;8579370000122;8579370000122;sim;Unidade;1;;;ncm:22084000;1;2026-09-16T00:44:21Z;PILAR
ncm:22084000|p0001|2026-09-16T00:44:21Z|04;7897110001699;7897110001699;sim;Unidade;1;;;ncm:22084000;1;2026-09-16T00:44:21Z;PILAR
ncm:22084000|p0001|2026-09-16T00:44:21Z|05;7898011450142;7898011450142;sim;Unidade;1;;;ncm:22084000;1;2026-09-16T00:44:21Z;PILAR
ncm:22084000|p0001|2026-09-16T00:44:21Z|06;3265120010149;3265120010149;sim;Unidade;1;;;ncm:22084000;1;2026-09-16T00:44:21Z;PILAR
ncm:22084000|p0001|2026-09-16T00:44:21Z|07;7896028637426;78960284865119;não;Unidade;1;;;ncm:22084000;1;2026-09-16T00:44:21Z;PILAR
ncm:22084000|p0001|2026-09-16T00:44:21Z|07;7896028637426;7896028637426;sim;Unidade;1;;;ncm:22084000;1;2026-09-16T00:44:21Z;PILAR
ncm:22084000|p0001|2026-09-16T00:44:21Z|08;7897110000203;7897110000203;sim;Unidade;1;;;ncm:22084000;1;2026-09-16T00:44:21Z;PILAR
ncm:22084000|p0001|2026-09-16T00:44:21Z|09;7897110000234;7897110000234;sim;Unidade;1;;;ncm:22084000;1;2026-09-16T00:44:21Z;PILAR
ncm:22084000|p0001|2026-09-16T00:44:21Z|10;7896002110679;7896002110679;sim;Unidade;1;;;ncm:22084000;1;2026-09-16T00:44:21Z;PILAR
ncm:22084000|p0001|2026-09-16T00:44:21Z|11;27896050200821;27896050200821;sim;Garrafa;12;;;ncm:22084000;1;2026-09-16T00:44:21Z;PILAR
ncm:22084000|p0001|2026-09-16T00:44:21Z|11;27896050200821;7896050200827;não;Unidade;1;;;ncm:22084000;1;2026-09-16T00:44:21Z;PILAR
ncm:22084000|p0001|2026-09-16T00:44:21Z|12;7898915283921;7898915283921;sim;Unidade;1;;;ncm:22084000;1;2026-09-16T00:44:21Z;PILAR
ncm:22084000|p0001|2026-09-16T00:44:21Z|13;7898010860805;7898010860805;sim;Unidade;1;;;ncm:22084000;1;2026-09-16T00:44:21Z;PILAR
ncm:22084000|p0001|2026-09-16T00:44:21Z|13;7898010860805;7898010860812;não;Unidade;12;0;0;ncm:22084000;1;2026-09-16T00:44:21Z;PILAR
ncm:22084000|p0001|2026-09-16T00:44:21Z|14;7898924668016;7898924668016;sim;Unidade;1;;;ncm:22084000;1;2026-09-16T00:44:21Z;PILAR
ncm:22084000|p0001|2026-09-16T00:44:21Z|15;7896113900022;7896113900022;sim;Unidade;1;;;ncm:22084000;1;2026-09-16T00:44:21Z;PILAR
ncm:22084000|p0001|2026-09-16T00:44:21Z|16;7896113900268;7896113900268;sim;Unidade;1;;;ncm:22084000;1;2026-09-16T00:44:21Z;PILAR
ncm:22084000|p0001|2026-09-16T00:44:21Z|17;7898255980047;7898255980047;sim;Unidade;1;;;ncm:22084000;1;2026-09-16T00:44:21Z;PILAR
ncm:22084000|p0001|2026-09-16T00:44:21Z|17;7898255980047;17898255980044;não;Caixa;6;0;0;ncm:22084000;1;2026-09-16T00:44:21Z;PILAR
ncm:22084000|p0001|2026-09-16T00:44:21Z|18;8501110080446;48501110080444;não;Caixa;12;;;ncm:22084000;1;2026-09-16T00:44:21Z;PILAR
ncm:22084000|p0001|2026-09-16T00:44:21Z|18;8501110080446;8501110080446;sim;Unidade;1;;;ncm:22084000;1;2026-09-16T00:44:21Z;PILAR
ncm:22084000|p0001|2026-09-16T00:44:21Z|19;7401005004513;7401005004513;sim;Unidade;1;;;ncm:22084000;1;2026-09-16T00:44:21Z;PILAR
ncm:22084000|p0001|2026-09-16T00:44:21Z|20;7896273100225;7896273100225;sim;Unidade;1;;;ncm:22084000;1;2026-09-16T00:44:21Z;PILAR
ncm:22084000|p0001|2026-09-16T00:44:21Z|21;7896087200036;7896087200036;sim;Unidade;1;;;ncm:22084000;1;2026-09-16T00:44:21Z;PILAR
ncm:22084000|p0001|2026-09-16T00:44:21Z|21;7896087200036;17896087200033;não;Caixa;12;0;0;ncm:22084000;1;2026-09-16T00:44:21Z;PILAR
ncm:22084000|p0001|2026-09-16T00:44:21Z|22;7898172660121;7898172660121;sim;Unidade;1;;;ncm:22084000;1;2026-09-16T00:44:21Z;PILAR
ncm:22084000|p0001|2026-09-16T00:44:21Z|23;7898094890033;7898094890033;sim;Unidade;1;;;ncm:22084000;1;2026-09-16T00:44:21Z;PILAR
ncm:22084000|p0001|2026-09-16T00:44:21Z|24;7898094890019;7898094890019;sim;Unidade;1;;;ncm:22084000;1;2026-09-16T00:44:21Z;PILAR
ncm:22084000|p0001|2026-09-16T00:44:21Z|25;7896273100027;7896273100027;sim;Unidade;1;;;ncm:22084000;1;2026-09-16T00:44:21Z;PILAR
ncm:22084000|p0001|2026-09-16T00:44:21Z|25;7896273100027;17896273100024;não;Unidade;12;0;0;ncm:22084000;1;2026-09-16T00:44:21Z;PILAR
ncm:22084000|p0001|2026-09-16T00:44:21Z|26;78912854;78912854;sim;Unidade;1;;;ncm:22084000;1;2026-09-16T00:44:21Z;PILAR
ncm:22084000|p0001|2026-09-16T00:44:21Z|27;7896607100266;7896607100266;sim;Unidade;1;;;ncm:22084000;1;2026-09-16T00:44:21Z;PILAR
ncm:22084000|p0001|2026-09-16T00:44:21Z|27;7896607100266;17896607100263;não;Unidade;6;0;0;ncm:22084000;1;2026-09-16T00:44:21Z;PILAR
ncm:22084000|p0001|2026-09-16T00:44:21Z|27;7896607100266;17896607100270;não;Caixa;12;0;0;ncm:22084000;1;2026-09-16T00:44:21Z;PILAR
ncm:22084000|p0001|2026-09-16T00:44:21Z|28;7898926704019;7898926704019;sim;Unidade;1;;;ncm:22084000;1;2026-09-16T00:44:21Z;PILAR
ncm:22084000|p0001|2026-09-16T00:44:21Z|29;7896050200575;7896050200575;sim;Unidade;1;;;ncm:22084000;1;2026-09-16T00:44:21Z;PILAR
ncm:22084000|p0001|2026-09-16T00:44:21Z|30;7898312690025;7898312690025;sim;Unidade;1;;;ncm:22084000;1;2026-09-16T00:44:21Z;PILAR
ncm:22085000|p0001|2026-09-16T00:44:22Z|01;5000329002537;5000329002537;sim;Unidade;1;;;ncm:22085000;1;2026-09-16T00:44:22Z;PILAR
ncm:22085000|p0001|2026-09-16T00:44:22Z|01;5000329002537;5000329001219;não;Unidade;12;4;28;ncm:22085000;1;2026-09-16T00:44:22Z;PILAR
ncm:22085000|p0001|2026-09-16T00:44:22Z|02;897076002003;10897076002000;não;Caixa;6;6;10;ncm:22085000;1;2026-09-16T00:44:22Z;PILAR
ncm:22085000|p0001|2026-09-16T00:44:22Z|02;897076002003;897076002003;sim;Unidade;1;;;ncm:22085000;1;2026-09-16T00:44:22Z;PILAR
ncm:22085000|p0001|2026-09-16T00:44:22Z|03;5000289020701;5000289020701;sim;Unidade;1;;;ncm:22085000;1;2026-09-16T00:44:22Z;PILAR
ncm:22085000|p0001|2026-09-16T00:44:22Z|04;7896092500589;7896092500589;sim;Unidade;1;;;ncm:22085000;1;2026-09-16T00:44:22Z;PILAR
ncm:22085000|p0001|2026-09-16T00:44:22Z|04;7896092500589;17891046160113;não;Caixa;12;0;0;ncm:22085000;1;2026-09-16T00:44:22Z;PILAR
ncm:22085000|p0001|2026-09-16T00:44:22Z|05;5000291020706;5000291020706;sim;Unidade;1;;;ncm:22085000;1;2026-09-16T00:44:22Z;PILAR
ncm:22085000|p0001|2026-09-16T00:44:22Z|06;7891990000223;7891990000223;sim;Unidade;1;;;ncm:22085000;1;2026-09-16T00:44:22Z;PILAR
ncm:22085000|p0001|2026-09-16T00:44:22Z|06;7891990000223;17891990000220;não;Caixa;12;0;0;ncm:22085000;1;2026-09-16T00:44:22Z;PILAR
ncm:22085000|p0001|2026-09-16T00:44:22Z|07;8003483300119;8003483300119;sim;Unidade;1;;;ncm:22085000;1;2026-09-16T00:44:22Z;PILAR
ncm:22085000|p0001|2026-09-16T00:44:22Z|08;7896029700198;7896029700198;sim;Unidade;1;;;ncm:22085000;1;2026-09-16T00:44:22Z;PILAR
ncm:22085000|p0001|2026-09-16T00:44:22Z|09;7891121154009;7891121154009;sim;Unidade;1;;;ncm:22085000;1;2026-09-16T00:44:22Z;PILAR
ncm:22085000|p0001|2026-09-16T00:44:22Z|09;7891121154009;17891121154006;não;Caixa;12;0;0;ncm:22085000;1;2026-09-16T00:44:22Z;PILAR
ncm:22085000|p0001|2026-09-16T00:44:22Z|10;3107872700506;3107872700506;sim;Unidade;1;;;ncm:22085000;1;2026-09-16T00:44:22Z;PILAR
ncm:22085000|p0001|2026-09-16T00:44:22Z|10;3107872700506;63107872700508;não;Caixa;12;;;ncm:22085000;1;2026-09-16T00:44:22Z;PILAR
ncm:22085000|p0001|2026-09-16T00:44:22Z|11;7896029700037;7896029700037;sim;Unidade;1;;;ncm:22085000;1;2026-09-16T00:44:22Z;PILAR
ncm:22085000|p0001|2026-09-16T00:44:22Z|12;7896037916123;7896037916123;sim;Unidade;1;;;ncm:22085000;1;2026-09-16T00:44:22Z;PILAR
ncm:22085000|p0001|2026-09-16T00:44:22Z|12;7896037916123;17896037916120;não;Caixa;6;4;28;ncm:22085000;1;2026-09-16T00:44:22Z;PILAR
ncm:22085000|p0001|2026-09-16T00:44:22Z|13;7896029700358;7896029700358;sim;Unidade;1;;;ncm:22085000;1;2026-09-16T00:44:22Z;PILAR
ncm:22085000|p0001|2026-09-16T00:44:22Z|14;7896029700013;7896029700013;sim;Unidade;1;;;ncm:22085000;1;2026-09-16T00:44:22Z;PILAR
ncm:22085000|p0001|2026-09-16T00:44:22Z|15;80480301002;80480301002;sim;Unidade;1;;;ncm:22085000;1;2026-09-16T00:44:22Z;PILAR
ncm:22085000|p0001|2026-09-16T00:44:22Z|15;80480301002;10080480301009;não;Unidade;6;4;16;ncm:22085000;1;2026-09-16T00:44:22Z;PILAR
ncm:22085000|p0001|2026-09-16T00:44:22Z|16;88110158606;5010677715003;não;Unidade;1;0;0;ncm:22085000;1;2026-09-16T00:44:22Z;PILAR
ncm:22085000|p0001|2026-09-16T00:44:22Z|16;88110158606;88110158606;sim;Unidade;1;;;ncm:22085000;1;2026-09-16T00:44:22Z;PILAR
ncm:22085000|p0001|2026-09-16T00:44:22Z|16;88110158606;5010677715201;não;Unidade;12;5;14;ncm:22085000;1;2026-09-16T00:44:22Z;PILAR
ncm:22085000|p0001|2026-09-16T00:44:22Z|17;83664990436;83664990436;sim;Unidade;1;;;ncm:22085000;1;2026-09-16T00:44:22Z;PILAR
ncm:22085000|p0001|2026-09-16T00:44:22Z|17;83664990436;5010327755502;não;Unidade;6;6;10;ncm:22085000;1;2026-09-16T00:44:22Z;PILAR
ncm:22085000|p0001|2026-09-16T00:44:22Z|18;3147690060703;3147690060703;sim;Unidade;1;;;ncm:22085000;1;2026-09-16T00:44:22Z;PILAR
ncm:22085000|p0001|2026-09-16T00:44:22Z|18;3147690060703;3147691297306;não;Caixa;6;0;0;ncm:22085000;1;2026-09-16T00:44:22Z;PILAR
ncm:22085000|p0001|2026-09-16T00:44:22Z|19;5000289020602;5000289020602;sim;Unidade;1;;;ncm:22085000;1;2026-09-16T00:44:22Z;PILAR
ncm:22085000|p0001|2026-09-16T00:44:22Z|19;5000289020602;5000289020725;não;Unidade;12;0;0;ncm:22085000;1;2026-09-16T00:44:22Z;PILAR
ncm:22085000|p0001|2026-09-16T00:44:22Z|20;88110110406;88110110406;sim;Unidade;1;;;ncm:22085000;1;2026-09-16T00:44:22Z;PILAR
ncm:22085000|p0001|2026-09-16T00:44:22Z|21;5000289020800;5000289020800;sim;Unidade;1;;;ncm:22085000;1;2026-09-16T00:44:22Z;PILAR
ncm:22085000|p0001|2026-09-16T00:44:22Z|23;7896029700051;7896029700051;sim;Unidade;1;;;ncm:22085000;1;2026-09-16T00:44:22Z;PILAR
ncm:22085000|p0001|2026-09-16T00:44:22Z|24;7896010000580;7896010000580;sim;Unidade;1;;;ncm:22085000;1;2026-09-16T00:44:22Z;PILAR
ncm:22085000|p0001|2026-09-16T00:44:22Z|25;7896029700044;7896029700044;sim;Unidade;1;;;ncm:22085000;1;2026-09-16T00:44:22Z;PILAR
ncm:22085000|p0001|2026-09-16T00:44:22Z|26;7896029700396;7896029700396;sim;Unidade;1;;;ncm:22085000;1;2026-09-16T00:44:22Z;PILAR
ncm:22085000|p0001|2026-09-16T00:44:22Z|27;5010327755014;5010327755014;sim;Unidade;1;;;ncm:22085000;1;2026-09-16T00:44:22Z;PILAR
ncm:22085000|p0001|2026-09-16T00:44:22Z|28;8003483301109;8003483301109;sim;Unidade;1;;;ncm:22085000;1;2026-09-16T00:44:22Z;PILAR
ncm:22085000|p0001|2026-09-16T00:44:22Z|29;7640175740047;7640175740047;sim;Unidade;1;;;ncm:22085000;1;2026-09-16T00:44:22Z;PILAR
ncm:22085000|p0001|2026-09-16T00:44:22Z|30;698929000395;698929000395;sim;Unidade;1;;;ncm:22085000;1;2026-09-16T00:44:22Z;PILAR
ncm:22086000|p0001|2026-09-16T00:44:22Z|01;7896072901153;7896072901153;sim;Unidade;1;;;ncm:22086000;1;2026-09-16T00:44:22Z;PILAR
ncm:22086000|p0001|2026-09-16T00:44:22Z|02;7897395099121;7897395099121;sim;Unidade;1;;;ncm:22086000;1;2026-09-16T00:44:22Z;PILAR
ncm:22086000|p0001|2026-09-16T00:44:22Z|03;7898132841355;7898132841355;sim;Unidade;1;;;ncm:22086000;1;2026-09-16T00:44:22Z;PILAR
ncm:22086000|p0001|2026-09-16T00:44:22Z|04;7891050003966;7891050003966;sim;Unidade;1;;;ncm:22086000;1;2026-09-16T00:44:22Z;PILAR
ncm:22086000|p0001|2026-09-16T00:44:22Z|05;7312040006106;7312040006106;sim;Unidade;1;;;ncm:22086000;1;2026-09-16T00:44:22Z;PILAR
ncm:22086000|p0001|2026-09-16T00:44:22Z|05;7312040006106;27312040006100;não;Unidade;1;0;0;ncm:22086000;1;2026-09-16T00:44:22Z;PILAR
ncm:22086000|p0001|2026-09-16T00:44:22Z|06;7312040550913;7312040550913;sim;Unidade;1;;;ncm:22086000;1;2026-09-16T00:44:22Z;PILAR
ncm:22086000|p0001|2026-09-16T00:44:22Z|07;7312040060108;7312040060108;sim;Unidade;1;;;ncm:22086000;1;2026-09-16T00:44:22Z;PILAR
ncm:22086000|p0001|2026-09-16T00:44:22Z|08;5901041003454;5901041003454;sim;Unidade;1;;;ncm:22086000;1;2026-09-16T00:44:22Z;PILAR
ncm:22086000|p0001|2026-09-16T00:44:22Z|08;5901041003454;15901041003451;não;Unidade;6;0;0;ncm:22086000;1;2026-09-16T00:44:22Z;PILAR
ncm:22086000|p0001|2026-09-16T00:44:22Z|09;7897395099107;7897395099107;sim;Unidade;1;;;ncm:22086000;1;2026-09-16T00:44:22Z;PILAR
ncm:22086000|p0001|2026-09-16T00:44:22Z|09;7897395099107;7897395099114;não;Caixa;6;0;0;ncm:22086000;1;2026-09-16T00:44:22Z;PILAR
ncm:22086000|p0001|2026-09-16T00:44:22Z|10;5788686123514;5788686123514;sim;Unidade;1;;;ncm:22086000;1;2026-09-16T00:44:22Z;PILAR
ncm:22086000|p0001|2026-09-16T00:44:22Z|11;6412700021027;6412700021027;sim;Unidade;1;;;ncm:22086000;1;2026-09-16T00:44:22Z;PILAR
ncm:22086000|p0001|2026-09-16T00:44:22Z|12;5010677850209;5010677850209;sim;Unidade;1;;;ncm:22086000;1;2026-09-16T00:44:22Z;PILAR
ncm:22086000|p0001|2026-09-16T00:44:22Z|12;5010677850209;20080480280028;não;Caixa;6;4;28;ncm:22086000;1;2026-09-16T00:44:22Z;PILAR
ncm:22086000|p0001|2026-09-16T00:44:22Z|13;85156210015;85156210015;sim;Unidade;1;;;ncm:22086000;1;2026-09-16T00:44:22Z;PILAR
ncm:22086000|p0001|2026-09-16T00:44:22Z|13;85156210015;10085156112705;não;Caixa;12;0;0;ncm:22086000;1;2026-09-16T00:44:22Z;PILAR
ncm:22086000|p0001|2026-09-16T00:44:22Z|14;3107872501370;3107872501370;sim;Unidade;1;;;ncm:22086000;1;2026-09-16T00:44:22Z;PILAR
ncm:22086000|p0001|2026-09-16T00:44:22Z|15;7891050002167;7891050002167;sim;Unidade;1;;;ncm:22086000;1;2026-09-16T00:44:22Z;PILAR
ncm:22086000|p0001|2026-09-16T00:44:22Z|16;7896072900408;7896072900408;sim;Unidade;1;;;ncm:22086000;1;2026-09-16T00:44:22Z;PILAR
ncm:22086000|p0001|2026-09-16T00:44:22Z|17;4603400000203;24603400000061;não;Caixa;6;;;ncm:22086000;1;2026-09-16T00:44:22Z;PILAR
ncm:22086000|p0001|2026-09-16T00:44:22Z|17;4603400000203;4603400000203;sim;Unidade;1;;;ncm:22086000;1;2026-09-16T00:44:22Z;PILAR
ncm:22086000|p0001|2026-09-16T00:44:22Z|18;736040018674;24603400000290;não;Caixa;6;;;ncm:22086000;1;2026-09-16T00:44:22Z;PILAR
ncm:22086000|p0001|2026-09-16T00:44:22Z|18;736040018674;736040018674;sim;Unidade;1;;;ncm:22086000;1;2026-09-16T00:44:22Z;PILAR
ncm:22086000|p0001|2026-09-16T00:44:22Z|19;7893218000374;7893218000374;sim;Unidade;1;;;ncm:22086000;1;2026-09-16T00:44:22Z;PILAR
ncm:22086000|p0001|2026-09-16T00:44:22Z|20;4603019000601;24603019000605;não;Caixa;12;;;ncm:22086000;1;2026-09-16T00:44:22Z;PILAR
ncm:22086000|p0001|2026-09-16T00:44:22Z|20;4603019000601;4603019000601;sim;Unidade;1;;;ncm:22086000;1;2026-09-16T00:44:22Z;PILAR
ncm:22086000|p0001|2026-09-16T00:44:22Z|21;4607012081605;4607012081605;sim;Unidade;1;;;ncm:22086000;1;2026-09-16T00:44:22Z;PILAR
ncm:22086000|p0001|2026-09-16T00:44:22Z|22;5900685009723;5900685009723;sim;Unidade;1;;;ncm:22086000;1;2026-09-16T00:44:22Z;PILAR
ncm:22086000|p0001|2026-09-16T00:44:22Z|23;7896092503351;7896092503351;sim;Unidade;1;;;ncm:22086000;1;2026-09-16T00:44:22Z;PILAR
ncm:22086000|p0001|2026-09-16T00:44:22Z|23;7896092503351;17896092503358;não;Unidade;1;0;0;ncm:22086000;1;2026-09-16T00:44:22Z;PILAR
ncm:22086000|p0001|2026-09-16T00:44:22Z|24;7896273100409;7896273100409;sim;Unidade;1;;;ncm:22086000;1;2026-09-16T00:44:22Z;PILAR
ncm:22086000|p0001|2026-09-16T00:44:22Z|25;7891050003881;7891050003881;sim;Unidade;1;;;ncm:22086000;1;2026-09-16T00:44:22Z;PILAR
ncm:22086000|p0001|2026-09-16T00:44:22Z|26;7896780900561;7896780900561;sim;Unidade;1;;;ncm:22086000;1;2026-09-16T00:44:22Z;PILAR
ncm:22086000|p0001|2026-09-16T00:44:22Z|27;7896780900028;7896780900028;sim;Unidade;1;;;ncm:22086000;1;2026-09-16T00:44:22Z;PILAR
ncm:22086000|p0001|2026-09-16T00:44:22Z|28;7896034301113;7896034301113;sim;Unidade;1;;;ncm:22086000;1;2026-09-16T00:44:22Z;PILAR
ncm:22086000|p0001|2026-09-16T00:44:22Z|29;7898298540215;7898298540215;sim;Unidade;1;;;ncm:22086000;1;2026-09-16T00:44:22Z;PILAR
ncm:22086000|p0001|2026-09-16T00:44:22Z|30;7312040550616;7312040550616;sim;Unidade;1;;;ncm:22086000;1;2026-09-16T00:44:22Z;PILAR
ncm:22086000|p0001|2026-09-16T00:44:22Z|30;7312040550616;17312040017017;não;Caixa;12;0;0;ncm:22086000;1;2026-09-16T00:44:22Z;PILAR
ncm:22087000|p0001|2026-09-16T00:44:23Z|01;8001530001187;8001530001187;sim;Unidade;1;;;ncm:22087000;1;2026-09-16T00:44:23Z;PILAR
ncm:22087000|p0001|2026-09-16T00:44:23Z|02;5601338320126;5601338320126;sim;Unidade;1;;;ncm:22087000;1;2026-09-16T00:44:23Z;PILAR
ncm:22087000|p0001|2026-09-16T00:44:23Z|03;8003483300133;8003483300133;sim;Unidade;1;;;ncm:22087000;1;2026-09-16T00:44:23Z;PILAR
ncm:22087000|p0001|2026-09-16T00:44:23Z|04;8003483302403;8003483302403;sim;Unidade;1;;;ncm:22087000;1;2026-09-16T00:44:23Z;PILAR
ncm:22087000|p0001|2026-09-16T00:44:23Z|05;6001495062478;6001495062423;não;Unidade;12;;;ncm:22087000;1;2026-09-16T00:44:23Z;PILAR
ncm:22087000|p0001|2026-09-16T00:44:23Z|05;6001495062478;6001495062478;sim;Unidade;1;;;ncm:22087000;1;2026-09-16T00:44:23Z;PILAR
ncm:22087000|p0001|2026-09-16T00:44:23Z|06;3035551411002;3035551411002;sim;Unidade;1;;;ncm:22087000;1;2026-09-16T00:44:23Z;PILAR
ncm:22087000|p0001|2026-09-16T00:44:23Z|07;7791200005195;67791200005197;não;Caixa;6;;;ncm:22087000;1;2026-09-16T00:44:23Z;PILAR
ncm:22087000|p0001|2026-09-16T00:44:23Z|07;7791200005195;7791200005195;sim;Unidade;1;;;ncm:22087000;1;2026-09-16T00:44:23Z;PILAR
ncm:22087000|p0001|2026-09-16T00:44:23Z|08;7791200009919;67791200009911;não;Caixa;6;;;ncm:22087000;1;2026-09-16T00:44:23Z;PILAR
ncm:22087000|p0001|2026-09-16T00:44:23Z|08;7791200009919;7791200009919;sim;Unidade;1;;;ncm:22087000;1;2026-09-16T00:44:23Z;PILAR
ncm:22087000|p0001|2026-09-16T00:44:23Z|09;7791200007212;67791200007214;não;Caixa;6;;;ncm:22087000;1;2026-09-16T00:44:23Z;PILAR
ncm:22087000|p0001|2026-09-16T00:44:23Z|09;7791200007212;7791200007212;sim;Unidade;1;;;ncm:22087000;1;2026-09-16T00:44:23Z;PILAR
ncm:22087000|p0001|2026-09-16T00:44:23Z|10;5011026105223;5011026105223;sim;Unidade;1;;;ncm:22087000;1;2026-09-16T00:44:23Z;PILAR
ncm:22087000|p0001|2026-09-16T00:44:23Z|10;5011026105223;5011026106084;não;Unidade;1;5;10;ncm:22087000;1;2026-09-16T00:44:23Z;PILAR
ncm:22087000|p0001|2026-09-16T00:44:23Z|11;7896028201764;7896028201764;sim;Unidade;1;;;ncm:22087000;1;2026-09-16T00:44:23Z;PILAR
ncm:22087000|p0001|2026-09-16T00:44:23Z|12;8710625524707;8710625524707;sim;Unidade;1;;;ncm:22087000;1;2026-09-16T00:44:23Z;PILAR
ncm:22087000|p0001|2026-09-16T00:44:23Z|13;7896356600253;7896356600253;sim;Unidade;1;;;ncm:22087000;1;2026-09-16T00:44:23Z;PILAR
ncm:22087000|p0001|2026-09-16T00:44:23Z|14;7896356600451;7896356600451;sim;Unidade;1;;;ncm:22087000;1;2026-09-16T00:44:23Z;PILAR
ncm:22087000|p0001|2026-09-16T00:44:23Z|15;8001110016303;8001110016303;sim;Unidade;1;;;ncm:22087000;1;2026-09-16T00:44:23Z;PILAR
ncm:22087000|p0001|2026-09-16T00:44:23Z|15;8001110016303;8001110706020;não;Caixa;12;;;ncm:22087000;1;2026-09-16T00:44:23Z;PILAR
ncm:22087000|p0001|2026-09-16T00:44:23Z|16;3252569600710;3252569600710;sim;Unidade;1;;;ncm:22087000;1;2026-09-16T00:44:23Z;PILAR
ncm:22087000|p0001|2026-09-16T00:44:23Z|17;7896356600048;7896356600048;sim;Unidade;1;;;ncm:22087000;1;2026-09-16T00:44:23Z;PILAR
ncm:22087000|p0001|2026-09-16T00:44:23Z|18;3018300000245;3018300000245;sim;Unidade;1;;;ncm:22087000;1;2026-09-16T00:44:23Z;PILAR
ncm:22087000|p0001|2026-09-16T00:44:23Z|19;3018300017274;3018300017274;sim;Unidade;1;;;ncm:22087000;1;2026-09-16T00:44:23Z;PILAR
ncm:22087000|p0001|2026-09-16T00:44:23Z|20;5410976716013;5410976716013;sim;Unidade;1;;;ncm:22087000;1;2026-09-16T00:44:23Z;PILAR
ncm:22087000|p0001|2026-09-16T00:44:23Z|21;8000040020008;8000040020008;sim;Unidade;1;;;ncm:22087000;1;2026-09-16T00:44:23Z;PILAR
ncm:22087000|p0001|2026-09-16T00:44:23Z|22;3252569800813;3252569800813;sim;Unidade;1;;;ncm:22087000;1;2026-09-16T00:44:23Z;PILAR
ncm:22087000|p0001|2026-09-16T00:44:23Z|23;3041311026201;3041311026201;sim;Unidade;1;;;ncm:22087000;1;2026-09-16T00:44:23Z;PILAR
ncm:22087000|p0001|2026-09-16T00:44:23Z|24;3041311026218;3041311026218;sim;Unidade;1;;;ncm:22087000;1;2026-09-16T00:44:23Z;PILAR
ncm:22087000|p0001|2026-09-16T00:44:23Z|25;3041312180704;3041312180704;sim;Unidade;1;;;ncm:22087000;1;2026-09-16T00:44:23Z;PILAR
ncm:22087000|p0001|2026-09-16T00:44:23Z|26;88857003306;88857003306;sim;Unidade;1;;;ncm:22087000;1;2026-09-16T00:44:23Z;PILAR
ncm:22087000|p0001|2026-09-16T00:44:23Z|27;9013100062053;9013100062053;sim;Unidade;1;;;ncm:22087000;1;2026-09-16T00:44:23Z;PILAR
ncm:22087000|p0001|2026-09-16T00:44:23Z|28;8000428016357;8000428016357;sim;Unidade;1;;;ncm:22087000;1;2026-09-16T00:44:23Z;PILAR
ncm:22087000|p0001|2026-09-16T00:44:23Z|29;3104691015118;3104691015118;sim;Unidade;1;;;ncm:22087000;1;2026-09-16T00:44:23Z;PILAR
ncm:22087000|p0001|2026-09-16T00:44:23Z|30;80220718;80220718;sim;Unidade;1;;;ncm:22087000;1;2026-09-16T00:44:23Z;PILAR
ncm:22087000|p0001|2026-09-16T00:44:23Z|30;80220718;8009265000079;não;Unidade;1;4;28;ncm:22087000;1;2026-09-16T00:44:23Z;PILAR
ncm:22089000|p0001|2026-09-16T00:44:23Z|01;3014400017916;3014400017916;sim;Unidade;1;;;ncm:22089000;1;2026-09-16T00:44:23Z;PILAR
ncm:22089000|p0001|2026-09-16T00:44:23Z|02;3014400203111;3014400203111;sim;Unidade;1;;;ncm:22089000;1;2026-09-16T00:44:23Z;PILAR
ncm:22089000|p0001|2026-09-16T00:44:23Z|03;7896356600291;7896356600291;sim;Unidade;1;;;ncm:22089000;1;2026-09-16T00:44:23Z;PILAR
ncm:22089000|p0001|2026-09-16T00:44:23Z|04;7898911010019;27898911010013;não;Caixa;6;;;ncm:22089000;1;2026-09-16T00:44:23Z;PILAR
ncm:22089000|p0001|2026-09-16T00:44:23Z|04;7898911010019;7898911010019;sim;Unidade;1;;;ncm:22089000;1;2026-09-16T00:44:23Z;PILAR
ncm:22089000|p0001|2026-09-16T00:44:23Z|05;7896321800633;7896321800633;sim;Unidade;1;;;ncm:22089000;1;2026-09-16T00:44:23Z;PILAR
ncm:22089000|p0001|2026-09-16T00:44:23Z|06;7896037916369;7896037916369;sim;Unidade;1;;;ncm:22089000;1;2026-09-16T00:44:23Z;PILAR
ncm:22089000|p0001|2026-09-16T00:44:23Z|07;7896356600147;7896356600147;sim;Unidade;1;;;ncm:22089000;1;2026-09-16T00:44:23Z;PILAR
ncm:22089000|p0001|2026-09-16T00:44:23Z|08;7896092500534;7896092500534;sim;Unidade;1;;;ncm:22089000;1;2026-09-16T00:44:23Z;PILAR
ncm:22089000|p0001|2026-09-16T00:44:23Z|08;7896092500534;17896092500531;não;Caixa;12;0;0;ncm:22089000;1;2026-09-16T00:44:23Z;PILAR
ncm:22089000|p0001|2026-09-16T00:44:23Z|09;4067700013019;4067700013019;sim;Unidade;1;;;ncm:22089000;1;2026-09-16T00:44:23Z;PILAR
ncm:22089000|p0001|2026-09-16T00:44:23Z|09;4067700013019;4067700063014;não;Unidade;6;10;10;ncm:22089000;1;2026-09-16T00:44:23Z;PILAR
ncm:22089000|p0001|2026-09-16T00:44:23Z|09;4067700013019;4067700015754;não;Unidade;6;10;10;ncm:22089000;1;2026-09-16T00:44:23Z;PILAR
ncm:22089000|p0001|2026-09-16T00:44:23Z|10;7896002111171;7896002111171;sim;Unidade;1;;;ncm:22089000;1;2026-09-16T00:44:23Z;PILAR
ncm:22089000|p0001|2026-09-16T00:44:23Z|11;7893218002859;7893218002859;sim;Unidade;1;;;ncm:22089000;1;2026-09-16T00:44:23Z;PILAR
ncm:22089000|p0001|2026-09-16T00:44:23Z|11;7893218002859;7893218002866;não;Unidade;1;0;0;ncm:22089000;1;2026-09-16T00:44:23Z;PILAR
ncm:22089000|p0001|2026-09-16T00:44:23Z|11;7893218002859;17893218002818;não;Caixa;24;6;13;ncm:22089000;1;2026-09-16T00:44:23Z;PILAR
ncm:22089000|p0001|2026-09-16T00:44:23Z|12;7893218003009;7893218003009;sim;Unidade;1;;;ncm:22089000;1;2026-09-16T00:44:23Z;PILAR
ncm:22089000|p0001|2026-09-16T00:44:23Z|13;8000040000802;8000040000802;sim;Unidade;1;;;ncm:22089000;1;2026-09-16T00:44:23Z;PILAR
ncm:22089000|p0001|2026-09-16T00:44:23Z|14;7891121056006;7891121056006;sim;Unidade;1;;;ncm:22089000;1;2026-09-16T00:44:23Z;PILAR
ncm:22089000|p0001|2026-09-16T00:44:23Z|15;7896080001487;7896080001487;sim;Unidade;1;;;ncm:22089000;1;2026-09-16T00:44:23Z;PILAR
ncm:22089000|p0001|2026-09-16T00:44:23Z|16;7896051222101;7896051222101;sim;Unidade;1;;;ncm:22089000;1;2026-09-16T00:44:23Z;PILAR
ncm:22089000|p0001|2026-09-16T00:44:23Z|16;7896051222101;7896051222125;não;Unidade;12;0;0;ncm:22089000;1;2026-09-16T00:44:23Z;PILAR
ncm:22089000|p0001|2026-09-16T00:44:23Z|16;7896051222101;27896051222105;não;Unidade;6;5;20;ncm:22089000;1;2026-09-16T00:44:23Z;PILAR
ncm:22089000|p0001|2026-09-16T00:44:23Z|16;7896051222101;17896051222108;não;Unidade;6;5;20;ncm:22089000;1;2026-09-16T00:44:23Z;PILAR
ncm:22089000|p0001|2026-09-16T00:44:23Z|17;7896028102573;7896028102573;sim;Unidade;1;;;ncm:22089000;1;2026-09-16T00:44:23Z;PILAR
ncm:22089000|p0001|2026-09-16T00:44:23Z|18;7898915283631;7898915283631;sim;Unidade;1;;;ncm:22089000;1;2026-09-16T00:44:23Z;PILAR
ncm:22089000|p0001|2026-09-16T00:44:23Z|19;7898915283655;7898915283655;sim;Unidade;1;;;ncm:22089000;1;2026-09-16T00:44:23Z;PILAR
ncm:22089000|p0001|2026-09-16T00:44:23Z|20;7898915283587;7898915283587;sim;Unidade;1;;;ncm:22089000;1;2026-09-16T00:44:23Z;PILAR
ncm:22089000|p0001|2026-09-16T00:44:23Z|21;7898915283570;7898915283570;sim;Unidade;1;;;ncm:22089000;1;2026-09-16T00:44:23Z;PILAR
ncm:22089000|p0001|2026-09-16T00:44:23Z|22;7896711102842;7896711102842;sim;Unidade;1;;;ncm:22089000;1;2026-09-16T00:44:23Z;PILAR
ncm:22089000|p0001|2026-09-16T00:44:23Z|23;7898091230788;7898091230788;sim;Unidade;1;;;ncm:22089000;1;2026-09-16T00:44:23Z;PILAR
ncm:22089000|p0001|2026-09-16T00:44:23Z|24;7802110001143;7802110001143;sim;Unidade;1;;;ncm:22089000;1;2026-09-16T00:44:23Z;PILAR
ncm:22089000|p0001|2026-09-16T00:44:23Z|25;7802175000730;27802175000734;não;Caixa;6;;;ncm:22089000;1;2026-09-16T00:44:23Z;PILAR
ncm:22089000|p0001|2026-09-16T00:44:23Z|25;7802175000730;7802175000730;sim;Unidade;1;;;ncm:22089000;1;2026-09-16T00:44:23Z;PILAR
ncm:22089000|p0001|2026-09-16T00:44:23Z|26;7891125064151;7891125064151;sim;Unidade;1;;;ncm:22089000;1;2026-09-16T00:44:23Z;PILAR
ncm:22089000|p0001|2026-09-16T00:44:23Z|26;7891125064151;57891125064156;não;Unidade;1;0;0;ncm:22089000;1;2026-09-16T00:44:23Z;PILAR
ncm:22089000|p0001|2026-09-16T00:44:23Z|26;7891125064151;17891125064158;não;Caixa;12;0;0;ncm:22089000;1;2026-09-16T00:44:23Z;PILAR
ncm:22089000|p0001|2026-09-16T00:44:23Z|27;7896711103726;27896711103720;não;Caixa;6;;;ncm:22089000;1;2026-09-16T00:44:23Z;PILAR
ncm:22089000|p0001|2026-09-16T00:44:23Z|27;7896711103726;7896711103726;sim;Unidade;1;;;ncm:22089000;1;2026-09-16T00:44:23Z;PILAR
ncm:22089000|p0001|2026-09-16T00:44:23Z|28;7896299101251;7896299101251;sim;Unidade;1;;;ncm:22089000;1;2026-09-16T00:44:23Z;PILAR
ncm:22089000|p0001|2026-09-16T00:44:23Z|29;4901030188002;4901030188002;sim;Unidade;1;;;ncm:22089000;1;2026-09-16T00:44:23Z;PILAR
ncm:22089000|p0001|2026-09-16T00:44:23Z|30;7898091238029;7898091238029;sim;Unidade;1;;;ncm:22089000;1;2026-09-16T00:44:23Z;PILAR
ncm:22029100|p0002|2026-09-16T00:44:24Z|01;4902494180069;4902494180069;sim;Unidade;1;;;ncm:22029100;2;2026-09-16T00:44:24Z;PILAR
ncm:22029100|p0002|2026-09-16T00:44:24Z|02;7896045506040;7896045506040;sim;Unidade;1;;;ncm:22029100;2;2026-09-16T00:44:24Z;PILAR
ncm:22029100|p0002|2026-09-16T00:44:24Z|02;7896045506040;7896045506347;não;Unidade;6;7;52;ncm:22029100;2;2026-09-16T00:44:24Z;PILAR
ncm:22029100|p0002|2026-09-16T00:44:24Z|02;7896045506040;7896045506057;não;Caixa;6;7;52;ncm:22029100;2;2026-09-16T00:44:24Z;PILAR
ncm:22029100|p0002|2026-09-16T00:44:24Z|03;7896045506064;7896045506064;sim;Unidade;1;;;ncm:22029100;2;2026-09-16T00:44:24Z;PILAR
ncm:22029100|p0002|2026-09-16T00:44:24Z|03;7896045506064;7896045506071;não;Caixa;12;12;22;ncm:22029100;2;2026-09-16T00:44:24Z;PILAR
ncm:22029100|p0002|2026-09-16T00:44:24Z|04;4008948093012;4008948093012;sim;Unidade;1;;;ncm:22029100;2;2026-09-16T00:44:24Z;PILAR
ncm:22029100|p0002|2026-09-16T00:44:24Z|05;5601146010103;5601146010103;sim;Unidade;1;;;ncm:22029100;2;2026-09-16T00:44:24Z;PILAR
ncm:22029100|p0002|2026-09-16T00:44:24Z|06;7891149105632;7891149105632;sim;Unidade;1;;;ncm:22029100;2;2026-09-16T00:44:24Z;PILAR
ncm:22029100|p0002|2026-09-16T00:44:24Z|07;78934061;78934061;sim;Unidade;1;;;ncm:22029100;2;2026-09-16T00:44:24Z;PILAR
ncm:22029100|p0002|2026-09-16T00:44:24Z|08;7896410503773;7896410503773;sim;Unidade;1;;;ncm:22029100;2;2026-09-16T00:44:24Z;PILAR
ncm:22029100|p0002|2026-09-16T00:44:24Z|09;7896410503780;7896410503780;sim;Unidade;1;;;ncm:22029100;2;2026-09-16T00:44:24Z;PILAR
ncm:22029100|p0002|2026-09-16T00:44:24Z|10;7896760400654;7896760400654;sim;Unidade;1;;;ncm:22029100;2;2026-09-16T00:44:24Z;PILAR
ncm:22029100|p0002|2026-09-16T00:44:24Z|11;7896760400623;7896760400623;sim;Unidade;1;;;ncm:22029100;2;2026-09-16T00:44:24Z;PILAR
ncm:22029100|p0002|2026-09-16T00:44:24Z|12;7898032918157;7898032918157;sim;Unidade;1;;;ncm:22029100;2;2026-09-16T00:44:24Z;PILAR
ncm:22029100|p0002|2026-09-16T00:44:24Z|13;7891149109616;7891149109616;sim;Unidade;1;;;ncm:22029100;2;2026-09-16T00:44:24Z;PILAR
ncm:22029100|p0002|2026-09-16T00:44:24Z|14;7896045506279;7896045506279;sim;Unidade;1;;;ncm:22029100;2;2026-09-16T00:44:24Z;PILAR
ncm:22029100|p0002|2026-09-16T00:44:24Z|15;7896410503223;7896410503223;sim;Unidade;1;;;ncm:22029100;2;2026-09-16T00:44:24Z;PILAR
ncm:22029100|p0002|2026-09-16T00:44:24Z|16;7896410503827;7896410503827;sim;Unidade;1;;;ncm:22029100;2;2026-09-16T00:44:24Z;PILAR
ncm:22029100|p0002|2026-09-16T00:44:24Z|17;7896410501816;7896410501816;sim;Unidade;1;;;ncm:22029100;2;2026-09-16T00:44:24Z;PILAR
ncm:22029100|p0002|2026-09-16T00:44:24Z|18;7896410503322;7896410503322;sim;Unidade;1;;;ncm:22029100;2;2026-09-16T00:44:24Z;PILAR
ncm:22029100|p0002|2026-09-16T00:44:24Z|19;7896760401255;7896760401255;sim;Unidade;1;;;ncm:22029100;2;2026-09-16T00:44:24Z;PILAR
ncm:22029100|p0002|2026-09-16T00:44:24Z|20;8412598005473;8412598005473;sim;Unidade;1;;;ncm:22029100;2;2026-09-16T00:44:24Z;PILAR
ncm:22029100|p0002|2026-09-16T00:44:24Z|20;8412598005473;8412598005763;não;Caixa;24;0;0;ncm:22029100;2;2026-09-16T00:44:24Z;PILAR
ncm:22029100|p0002|2026-09-16T00:44:24Z|21;8412598005398;8412598005398;sim;Unidade;1;;;ncm:22029100;2;2026-09-16T00:44:24Z;PILAR
ncm:22029100|p0002|2026-09-16T00:44:24Z|21;8412598005398;8412598005749;não;Caixa;24;0;0;ncm:22029100;2;2026-09-16T00:44:24Z;PILAR
ncm:22029100|p0002|2026-09-16T00:44:24Z|22;8412598005756;8412598005756;sim;Unidade;1;;;ncm:22029100;2;2026-09-16T00:44:24Z;PILAR
ncm:22029100|p0002|2026-09-16T00:44:24Z|23;8412598005732;8412598005732;sim;Unidade;1;;;ncm:22029100;2;2026-09-16T00:44:24Z;PILAR
ncm:22029100|p0002|2026-09-16T00:44:24Z|24;7891991298407;7891991298407;sim;Unidade;1;;;ncm:22029100;2;2026-09-16T00:44:24Z;PILAR
ncm:22029100|p0002|2026-09-16T00:44:24Z|24;7891991298407;7891991298414;não;Caixa;8;10;40;ncm:22029100;2;2026-09-16T00:44:24Z;PILAR
ncm:22029100|p0002|2026-09-16T00:44:24Z|25;609963044146;609963044146;sim;Unidade;1;;;ncm:22029100;2;2026-09-16T00:44:24Z;PILAR
ncm:22029100|p0002|2026-09-16T00:44:24Z|25;609963044146;10609963044143;não;Caixa;15;4;18;ncm:22029100;2;2026-09-16T00:44:24Z;PILAR
ncm:22029100|p0002|2026-09-16T00:44:24Z|26;7897395000882;7897395000905;não;Unidade;12;8;24;ncm:22029100;2;2026-09-16T00:44:24Z;PILAR
ncm:22029100|p0002|2026-09-16T00:44:24Z|26;7897395000882;7897395000882;sim;Unidade;1;;;ncm:22029100;2;2026-09-16T00:44:24Z;PILAR
ncm:22029100|p0002|2026-09-16T00:44:24Z|27;7891991298445;7891991298445;sim;Unidade;24;0;0;ncm:22029100;2;2026-09-16T00:44:24Z;PILAR
ncm:22029100|p0002|2026-09-16T00:44:24Z|27;7891991298445;7891991298421;não;Unidade;24;0;0;ncm:22029100;2;2026-09-16T00:44:24Z;PILAR
ncm:22029100|p0002|2026-09-16T00:44:24Z|27;7891991298445;7891991298438;não;Caixa;24;0;0;ncm:22029100;2;2026-09-16T00:44:24Z;PILAR
ncm:22029100|p0002|2026-09-16T00:44:24Z|28;618341076792;618341076792;sim;Unidade;1;;;ncm:22029100;2;2026-09-16T00:44:24Z;PILAR
ncm:22029100|p0002|2026-09-16T00:44:24Z|29;7896045506859;7896045506859;sim;Unidade;1;;;ncm:22029100;2;2026-09-16T00:44:24Z;PILAR
ncm:22029100|p0002|2026-09-16T00:44:24Z|29;7896045506859;7896045506866;não;Caixa;8;13;40;ncm:22029100;2;2026-09-16T00:44:24Z;PILAR
ncm:22029100|p0002|2026-09-16T00:44:24Z|30;7898996122508;7898996122508;sim;Unidade;1;;;ncm:22029100;2;2026-09-16T00:44:24Z;PILAR
ncm:22029100|p0003|2026-09-16T00:44:24Z|01;7891991304184;7891991304184;sim;Unidade;1;;;ncm:22029100;3;2026-09-16T00:44:24Z;PILAR
ncm:22029100|p0003|2026-09-16T00:44:24Z|01;7891991304184;7891991304207;não;Caixa;4;0;0;ncm:22029100;3;2026-09-16T00:44:24Z;PILAR
ncm:22029100|p0003|2026-09-16T00:44:24Z|02;7896045506910;7896045506910;sim;Unidade;1;;;ncm:22029100;3;2026-09-16T00:44:24Z;PILAR
ncm:22029100|p0003|2026-09-16T00:44:24Z|02;7896045506910;7896045506927;não;Caixa;12;12;28;ncm:22029100;3;2026-09-16T00:44:24Z;PILAR
ncm:22029100|p0003|2026-09-16T00:44:24Z|03;60008923;60008923;sim;Unidade;1;;;ncm:22029100;3;2026-09-16T00:44:24Z;PILAR
ncm:22029100|p0003|2026-09-16T00:44:24Z|05;7891991304191;7891991304191;sim;Unidade;1;;;ncm:22029100;3;2026-09-16T00:44:24Z;PILAR
ncm:22029100|p0003|2026-09-16T00:44:24Z|06;7908784000014;7908784000014;sim;Unidade;1;;;ncm:22029100;3;2026-09-16T00:44:24Z;PILAR
ncm:22029100|p0003|2026-09-16T00:44:24Z|07;7896045507368;7896045507368;sim;Unidade;1;;;ncm:22029100;3;2026-09-16T00:44:24Z;PILAR
ncm:22029100|p0003|2026-09-16T00:44:24Z|08;7896410504572;7896410504572;sim;Unidade;1;;;ncm:22029100;3;2026-09-16T00:44:24Z;PILAR
ncm:22029100|p0003|2026-09-16T00:44:24Z|09;7896045507375;7896045507375;sim;Unidade;1;;;ncm:22029100;3;2026-09-16T00:44:24Z;PILAR
ncm:22029100|p0003|2026-09-16T00:44:24Z|10;7891991305679;7891991305679;sim;Unidade;1;;;ncm:22029100;3;2026-09-16T00:44:24Z;PILAR
ncm:22029100|p0003|2026-09-16T00:44:24Z|11;7891991307505;7891991307505;sim;Unidade;1;;;ncm:22029100;3;2026-09-16T00:44:24Z;PILAR
ncm:22029100|p0003|2026-09-16T00:44:24Z|12;7891991307512;7891991307512;sim;Unidade;1;;;ncm:22029100;3;2026-09-16T00:44:24Z;PILAR
ncm:22029100|p0003|2026-09-16T00:44:24Z|13;78960455807368;78960455807368;sim;Unidade;1;;;ncm:22029100;3;2026-09-16T00:44:24Z;PILAR
ncm:22029100|p0003|2026-09-16T00:44:24Z|13;78960455807368;7896045507382;não;Unidade;6;7;22;ncm:22029100;3;2026-09-16T00:44:24Z;PILAR
ncm:22029100|p0003|2026-09-16T00:44:24Z|14;8412598009372;8412598009372;sim;Unidade;1;;;ncm:22029100;3;2026-09-16T00:44:24Z;PILAR
ncm:22029100|p0003|2026-09-16T00:44:24Z|15;7898709700443;7898709700443;sim;Unidade;1;;;ncm:22029100;3;2026-09-16T00:44:24Z;PILAR
ncm:22029100|p0003|2026-09-16T00:44:24Z|16;70341601006;70341601006;sim;Unidade;1;;;ncm:22029100;3;2026-09-16T00:44:24Z;PILAR
ncm:22029100|p0003|2026-09-16T00:44:24Z|16;70341601006;10070341601003;não;Caixa;12;6;22;ncm:22029100;3;2026-09-16T00:44:24Z;PILAR
ncm:22029100|p0003|2026-09-16T00:44:24Z|16;70341601006;31181002000028;não;Caixa;12;6;22;ncm:22029100;3;2026-09-16T00:44:24Z;PILAR
ncm:22029100|p0003|2026-09-16T00:44:24Z|17;70341601013;70341601013;sim;Unidade;1;;;ncm:22029100;3;2026-09-16T00:44:24Z;PILAR
ncm:22029100|p0003|2026-09-16T00:44:24Z|17;70341601013;10070341601010;não;Caixa;12;6;22;ncm:22029100;3;2026-09-16T00:44:24Z;PILAR
ncm:22029100|p0003|2026-09-16T00:44:24Z|18;7896494211083;7896494211083;sim;Unidade;1;;;ncm:22029100;3;2026-09-16T00:44:24Z;PILAR
ncm:22029100|p0003|2026-09-16T00:44:24Z|18;7896494211083;7896494281086;não;Caixa;6;0;0;ncm:22029100;3;2026-09-16T00:44:24Z;PILAR
ncm:22029100|p0003|2026-09-16T00:44:24Z|19;7898694491494;7898694491494;sim;Unidade;1;;;ncm:22029100;3;2026-09-16T00:44:24Z;PILAR
ncm:22029100|p0003|2026-09-16T00:44:24Z|20;8412598004605;8412598004605;sim;Unidade;1;;;ncm:22029100;3;2026-09-16T00:44:24Z;PILAR
ncm:22029100|p0003|2026-09-16T00:44:24Z|20;8412598004605;8412598009358;não;Caixa;6;6;48;ncm:22029100;3;2026-09-16T00:44:24Z;PILAR
ncm:22029100|p0003|2026-09-16T00:44:24Z|21;8412598009389;8412598009389;sim;Unidade;1;;;ncm:22029100;3;2026-09-16T00:44:24Z;PILAR
ncm:22029100|p0003|2026-09-16T00:44:24Z|22;70341601037;70341601037;sim;Lata;1;;;ncm:22029100;3;2026-09-16T00:44:24Z;PILAR
ncm:22029100|p0003|2026-09-16T00:44:24Z|23;4002103248286;4002103248286;sim;Unidade;1;;;ncm:22029100;3;2026-09-16T00:44:24Z;PILAR
ncm:22029100|p0003|2026-09-16T00:44:24Z|23;4002103248286;4002103201106;não;Caixa;12;7;10;ncm:22029100;3;2026-09-16T00:44:24Z;PILAR
ncm:22029100|p0003|2026-09-16T00:44:24Z|24;7898738660640;7898738660640;sim;Unidade;1;;;ncm:22029100;3;2026-09-16T00:44:24Z;PILAR
ncm:22029100|p0003|2026-09-16T00:44:24Z|24;7898738660640;1789738660647;não;Caixa;12;0;0;ncm:22029100;3;2026-09-16T00:44:24Z;PILAR
ncm:22029100|p0003|2026-09-16T00:44:24Z|24;7898738660640;17898738660647;não;Caixa;12;0;0;ncm:22029100;3;2026-09-16T00:44:24Z;PILAR
ncm:22029100|p0003|2026-09-16T00:44:24Z|24;7898738660640;17897386600647;não;Caixa;12;0;0;ncm:22029100;3;2026-09-16T00:44:24Z;PILAR
ncm:22029100|p0003|2026-09-16T00:44:24Z|25;7898738660664;7898738660664;sim;Unidade;1;;;ncm:22029100;3;2026-09-16T00:44:24Z;PILAR
ncm:22029100|p0003|2026-09-16T00:44:24Z|25;7898738660664;17898738660661;não;Caixa;12;10;28;ncm:22029100;3;2026-09-16T00:44:24Z;PILAR
ncm:22029100|p0003|2026-09-16T00:44:24Z|26;7899923609406;7899923609406;sim;Unidade;1;;;ncm:22029100;3;2026-09-16T00:44:24Z;PILAR
ncm:22029100|p0003|2026-09-16T00:44:24Z|27;7891991307963;7891991307963;sim;Unidade;1;;;ncm:22029100;3;2026-09-16T00:44:24Z;PILAR
ncm:22029100|p0003|2026-09-16T00:44:24Z|28;7898641261569;7898641261569;sim;Unidade;1;;;ncm:22029100;3;2026-09-16T00:44:24Z;PILAR
ncm:22029100|p0003|2026-09-16T00:44:24Z|29;7891991308267;7891991308267;sim;Caixa;24;8;20;ncm:22029100;3;2026-09-16T00:44:24Z;PILAR
ncm:22029100|p0003|2026-09-16T00:44:24Z|29;7891991308267;7891991308243;não;Caixa;6;7;13;ncm:22029100;3;2026-09-16T00:44:24Z;PILAR
ncm:22029100|p0003|2026-09-16T00:44:24Z|30;7898377663101;7898377663101;sim;Unidade;1;;;ncm:22029100;3;2026-09-16T00:44:24Z;PILAR
ncm:22029100|p0003|2026-09-16T00:44:24Z|30;7898377663101;7898377663118;não;Caixa;12;8;24;ncm:22029100;3;2026-09-16T00:44:24Z;PILAR
ncm:22029100|p0003|2026-09-16T00:44:24Z|30;7898377663101;7898377663125;não;Caixa;12;8;24;ncm:22029100;3;2026-09-16T00:44:24Z;PILAR
ncm:22029100|p0004|2026-09-16T00:44:24Z|01;7896045507726;7896045507726;sim;Unidade;1;;;ncm:22029100;4;2026-09-16T00:44:24Z;PILAR
ncm:22029100|p0004|2026-09-16T00:44:24Z|01;7896045507726;7896045507733;não;Caixa;12;10;28;ncm:22029100;4;2026-09-16T00:44:24Z;PILAR
ncm:22029100|p0004|2026-09-16T00:44:24Z|02;7896045507429;7896045507429;sim;Unidade;1;;;ncm:22029100;4;2026-09-16T00:44:24Z;PILAR
ncm:22029100|p0004|2026-09-16T00:44:24Z|02;7896045507429;7896045507443;não;Caixa;24;0;0;ncm:22029100;4;2026-09-16T00:44:24Z;PILAR
ncm:22029100|p0004|2026-09-16T00:44:24Z|03;7891991308625;7891991308625;sim;Unidade;1;;;ncm:22029100;4;2026-09-16T00:44:24Z;PILAR
ncm:22029100|p0004|2026-09-16T00:44:24Z|04;7891991308410;7891991308410;sim;Unidade;1;;;ncm:22029100;4;2026-09-16T00:44:24Z;PILAR
ncm:22029100|p0004|2026-09-16T00:44:24Z|05;7891991308434;7891991308434;sim;Unidade;1;;;ncm:22029100;4;2026-09-16T00:44:24Z;PILAR
ncm:22030000|p0002|2026-09-16T01:54:43Z|01;8594044360364;8594044360364;sim;Unidade;1;;;ncm:22030000;2;2026-09-16T01:54:43Z;PILAR
ncm:22030000|p0002|2026-09-16T01:54:43Z|02;7898561760364;7898561760364;sim;Unidade;1;;;ncm:22030000;2;2026-09-16T01:54:43Z;PILAR
ncm:22030000|p0002|2026-09-16T01:54:43Z|03;7899389700419;7899389700419;sim;Unidade;1;;;ncm:22030000;2;2026-09-16T01:54:43Z;PILAR
ncm:22030000|p0002|2026-09-16T01:54:43Z|04;5411681014050;5411681014050;sim;Unidade;1;;;ncm:22030000;2;2026-09-16T01:54:43Z;PILAR
ncm:22030000|p0002|2026-09-16T01:54:43Z|04;5411681014050;5411681014135;não;Caixa;12;;;ncm:22030000;2;2026-09-16T01:54:43Z;PILAR
ncm:22030000|p0002|2026-09-16T01:54:43Z|05;7898367980898;7898367980881;não;Unidade;1;0;0;ncm:22030000;2;2026-09-16T01:54:43Z;PILAR
ncm:22030000|p0002|2026-09-16T01:54:43Z|05;7898367980898;7898367980898;sim;Unidade;1;;;ncm:22030000;2;2026-09-16T01:54:43Z;PILAR
ncm:22030000|p0002|2026-09-16T01:54:43Z|05;7898367980898;7898367983349;não;Unidade;1;0;0;ncm:22030000;2;2026-09-16T01:54:43Z;PILAR
ncm:22030000|p0002|2026-09-16T01:54:43Z|06;7898367980324;7898367980324;sim;Unidade;1;;;ncm:22030000;2;2026-09-16T01:54:43Z;PILAR
ncm:22030000|p0002|2026-09-16T01:54:43Z|06;7898367980324;7898367980812;não;Unidade;1;0;0;ncm:22030000;2;2026-09-16T01:54:43Z;PILAR
ncm:22030000|p0002|2026-09-16T01:54:43Z|07;7898367983356;7898367983356;sim;Unidade;1;;;ncm:22030000;2;2026-09-16T01:54:43Z;PILAR
ncm:22030000|p0002|2026-09-16T01:54:43Z|07;7898367983356;7898367983363;não;Unidade;6;;;ncm:22030000;2;2026-09-16T01:54:43Z;PILAR
ncm:22030000|p0002|2026-09-16T01:54:43Z|08;8410793282934;8410793282934;sim;Unidade;1;;;ncm:22030000;2;2026-09-16T01:54:43Z;PILAR
ncm:22030000|p0002|2026-09-16T01:54:43Z|08;8410793282934;8410793283436;não;Unidade;1;0;0;ncm:22030000;2;2026-09-16T01:54:43Z;PILAR
ncm:22030000|p0002|2026-09-16T01:54:43Z|09;8410793262936;8410793262936;sim;Unidade;1;;;ncm:22030000;2;2026-09-16T01:54:43Z;PILAR
ncm:22030000|p0002|2026-09-16T01:54:43Z|09;8410793262936;8410793262837;não;Unidade;1;0;0;ncm:22030000;2;2026-09-16T01:54:43Z;PILAR
ncm:22030000|p0002|2026-09-16T01:54:43Z|10;8410793343130;8410793343130;sim;Unidade;1;;;ncm:22030000;2;2026-09-16T01:54:43Z;PILAR
ncm:22030000|p0002|2026-09-16T01:54:43Z|11;8410793333179;8410793333179;sim;Unidade;1;;;ncm:22030000;2;2026-09-16T01:54:43Z;PILAR
ncm:22030000|p0002|2026-09-16T01:54:43Z|11;8410793333179;8410793333278;não;Fardo;12;;;ncm:22030000;2;2026-09-16T01:54:43Z;PILAR
ncm:22030000|p0002|2026-09-16T01:54:43Z|12;5741000007709;5741000007709;sim;Unidade;1;;;ncm:22030000;2;2026-09-16T01:54:43Z;PILAR
ncm:22030000|p0002|2026-09-16T01:54:43Z|12;5741000007709;5741000007716;não;Unidade;1;0;0;ncm:22030000;2;2026-09-16T01:54:43Z;PILAR
ncm:22030000|p0002|2026-09-16T01:54:43Z|14;5411276200905;5411276200905;sim;Unidade;1;;;ncm:22030000;2;2026-09-16T01:54:43Z;PILAR
ncm:22030000|p0002|2026-09-16T01:54:43Z|15;4006770010276;4006770010276;sim;Unidade;1;;;ncm:22030000;2;2026-09-16T01:54:43Z;PILAR
ncm:22030000|p0002|2026-09-16T01:54:43Z|16;5411676700005;5411676700005;sim;Unidade;1;;;ncm:22030000;2;2026-09-16T01:54:43Z;PILAR
ncm:22030000|p0002|2026-09-16T01:54:43Z|17;7898568810055;7898568810055;sim;Unidade;1;;;ncm:22030000;2;2026-09-16T01:54:43Z;PILAR
ncm:22030000|p0002|2026-09-16T01:54:43Z|18;7898568810017;7898568810017;sim;Unidade;1;;;ncm:22030000;2;2026-09-16T01:54:43Z;PILAR
ncm:22030000|p0002|2026-09-16T01:54:43Z|19;7898568810024;7898568810024;sim;Unidade;1;;;ncm:22030000;2;2026-09-16T01:54:43Z;PILAR
ncm:22030000|p0002|2026-09-16T01:54:43Z|21;3271910600506;3271910600506;sim;Unidade;1;;;ncm:22030000;2;2026-09-16T01:54:43Z;PILAR
ncm:22030000|p0002|2026-09-16T01:54:43Z|22;7896657717018;7896657717018;sim;Unidade;1;;;ncm:22030000;2;2026-09-16T01:54:43Z;PILAR
ncm:22030000|p0002|2026-09-16T01:54:43Z|23;7802107000227;7802107000227;sim;Unidade;1;;;ncm:22030000;2;2026-09-16T01:54:43Z;PILAR
ncm:22030000|p0002|2026-09-16T01:54:43Z|24;7802107001361;7802107001361;sim;Unidade;1;;;ncm:22030000;2;2026-09-16T01:54:43Z;PILAR
ncm:22030000|p0002|2026-09-16T01:54:43Z|25;7802107001330;7802107001330;sim;Unidade;1;;;ncm:22030000;2;2026-09-16T01:54:43Z;PILAR
ncm:22030000|p0002|2026-09-16T01:54:43Z|26;7802107000173;7802107000173;sim;Unidade;1;;;ncm:22030000;2;2026-09-16T01:54:43Z;PILAR
ncm:22030000|p0002|2026-09-16T01:54:43Z|27;7802107000050;7802107000050;sim;Unidade;1;;;ncm:22030000;2;2026-09-16T01:54:43Z;PILAR
ncm:22030000|p0002|2026-09-16T01:54:43Z|28;7802107001439;7802107001439;sim;Unidade;1;;;ncm:22030000;2;2026-09-16T01:54:43Z;PILAR
ncm:22030000|p0002|2026-09-16T01:54:43Z|29;7802107001392;7802107001392;sim;Unidade;1;;;ncm:22030000;2;2026-09-16T01:54:43Z;PILAR
ncm:22030000|p0002|2026-09-16T01:54:43Z|30;7802107000180;7802107000180;sim;Unidade;1;;;ncm:22030000;2;2026-09-16T01:54:43Z;PILAR
