registro_id;fonte;ncm_consultado;pagina;posicao;coletado_em;responsavel;description;gtin;thumbnail;width;height;length;net_weight;gross_weight;created_at;updated_at;release_date;price;avg_price;max_price;min_price;gtins_qtd;origin;barcode_image;brand_name;brand_picture;gpc_code;gpc_description;ncm_code;ncm_description;ncm_full_description;ncm_ex;category_id;category_description;category_parent_id;cest_id;cest_code;cest_description;cest_parent_id
ncm:22029100|p0001|2026-09-16T00:44:14Z|01;ncm:22029100;22029100;1;1;2026-09-16T00:44:14Z;PILAR;CERVEJA AMERICAN LAGER ZERO ÁLCOOL BRAHMA LATA 350ML;7891149104932;https://cdn-cosmos.bluesoft.com.br/products/7891149104932;;;;;;2014-04-24T11:07:34.000-03:00;2026-09-12T05:31:01.000-03:00;;;;0.0;0.0;2;COSMOS;https://cosmos.bluesoft.com.br/products/barcode/860926DA84AB789B8EB3CD644B1A6B6E.png;BRAHMA ZERO;/assets/brand-placeholder-7080174fbd24025783105a607811edad.png;10000159;Cerveja;22029100;Cerveja sem álcool;Bebidas, líquidos alcoólicos e vinagres - Águas, incluindo as águas minerais e as águas gaseificadas, adicionadas de açúcar ou de outros edulcorantes ou aromatizadas e outras bebidas não alcoólicas, exceto sucos (sumos) de fruta ou de produtos hortícolas, da posição 20.09. - Cerveja sem álcool;;141;Cervejas Tradicionais;203;;;;
ncm:22029100|p0001|2026-09-16T00:44:14Z|02;ncm:22029100;22029100;1;2;2026-09-16T00:44:14Z;PILAR;SUCO TIAL PÊSSEGO LIGHT 1LT;7896005302545;https://cdn-cosmos.bluesoft.com.br/products/7896005302545;;;;;;2014-04-24T11:07:34.000-03:00;2026-07-30T01:57:18.000-03:00;;;;0.0;0.0;1;COSMOS;https://cosmos.bluesoft.com.br/products/barcode/78C90512BB6603D07F893855BF1AF956.png;TIAL;/assets/brand-placeholder-7080174fbd24025783105a607811edad.png;10000220;Suco - Pronto para beber (Não perecível);22029100;Cerveja sem álcool;Bebidas, líquidos alcoólicos e vinagres - Águas, incluindo as águas minerais e as águas gaseificadas, adicionadas de açúcar ou de outros edulcorantes ou aromatizadas e outras bebidas não alcoólicas, exceto sucos (sumos) de fruta ou de produtos hortícolas, da posição 20.09. - Cerveja sem álcool;;;;;2177;1711200;Néctares de frutas e outras bebidas não alcoólicas prontas para beber, exceto isotônicos e energéticos;1671
ncm:22029100|p0001|2026-09-16T00:44:14Z|03;ncm:22029100;22029100;1;3;2026-09-16T00:44:14Z;PILAR;BEBIDA MISTA TEKO KIDS MARACUJA;7898303431989;;1.0;1.0;1.0;200;200;2014-04-24T11:07:34.000-03:00;2026-08-02T07:06:50.000-03:00;;;;0.0;0.0;1;COSMOS;https://cosmos.bluesoft.com.br/products/barcode/5171773AD1EB0475956CDE45EE77C8B5.png;;;;;22029100;Cerveja sem álcool;Bebidas, líquidos alcoólicos e vinagres - Águas, incluindo as águas minerais e as águas gaseificadas, adicionadas de açúcar ou de outros edulcorantes ou aromatizadas e outras bebidas não alcoólicas, exceto sucos (sumos) de fruta ou de produtos hortícolas, da posição 20.09. - Cerveja sem álcool;;;;;;;;
ncm:22029100|p0001|2026-09-16T00:44:14Z|04;ncm:22029100;22029100;1;4;2026-09-16T00:44:14Z;PILAR;PACK CERVEJA PILSEN ZERO ÁLCOOL ITAIPAVA LATA 12 UNIDADES 350ML CADA;7897395040123;https://cdn-cosmos.bluesoft.com.br/products/7897395040123;;;;;;2014-04-24T11:07:34.000-03:00;2026-07-31T21:45:59.000-03:00;;;;0.0;0.0;1;COSMOS;https://cosmos.bluesoft.com.br/products/barcode/07851663351B54ADD77453A35200B54B.png;ITAIPAVA ZERO;/assets/brand-placeholder-7080174fbd24025783105a607811edad.png;;;22029100;Cerveja sem álcool;Bebidas, líquidos alcoólicos e vinagres - Águas, incluindo as águas minerais e as águas gaseificadas, adicionadas de açúcar ou de outros edulcorantes ou aromatizadas e outras bebidas não alcoólicas, exceto sucos (sumos) de fruta ou de produtos hortícolas, da posição 20.09. - Cerveja sem álcool;;141;Cervejas Tradicionais;203;;;;
ncm:22029100|p0001|2026-09-16T00:44:14Z|05;ncm:22029100;22029100;1;5;2026-09-16T00:44:14Z;PILAR;CERVEJA KRONENBIER LN;78909205;;0.0;0.0;0.0;;;2014-04-24T11:07:34.000-03:00;2026-04-30T10:45:42.000-03:00;;;;0.0;0.0;3;COSMOS;https://cosmos.bluesoft.com.br/products/barcode/C1AD871B285752D5888DEF61805637C9.png;;;10000159;Cerveja;22029100;Cerveja sem álcool;Bebidas, líquidos alcoólicos e vinagres - Águas, incluindo as águas minerais e as águas gaseificadas, adicionadas de açúcar ou de outros edulcorantes ou aromatizadas e outras bebidas não alcoólicas, exceto sucos (sumos) de fruta ou de produtos hortícolas, da posição 20.09. - Cerveja sem álcool;;208;Cerveja sem Alcóol;65;;;;
ncm:22029100|p0001|2026-09-16T00:44:14Z|06;ncm:22029100;22029100;1;6;2026-09-16T00:44:14Z;PILAR;CERVEJA PILSEN ZERO ÁLCOOL SCHIN LATA 350ML;7896052605415;https://cdn-cosmos.bluesoft.com.br/products/7896052605415;;;;;;2014-04-24T11:07:34.000-03:00;2026-07-30T05:08:17.000-03:00;;;;0.0;0.0;2;COSMOS;https://cosmos.bluesoft.com.br/products/barcode/860C7AB87C58E0E73CE287A723455E3C.png;SCHIN;https://cdn-cosmos.bluesoft.com.br/brands/brand_schin;;;22029100;Cerveja sem álcool;Bebidas, líquidos alcoólicos e vinagres - Águas, incluindo as águas minerais e as águas gaseificadas, adicionadas de açúcar ou de outros edulcorantes ou aromatizadas e outras bebidas não alcoólicas, exceto sucos (sumos) de fruta ou de produtos hortícolas, da posição 20.09. - Cerveja sem álcool;;141;Cervejas Tradicionais;203;;;;
ncm:22029100|p0001|2026-09-16T00:44:14Z|07;ncm:22029100;22029100;1;7;2026-09-16T00:44:14Z;PILAR;ENERGIL LARANJA;7898303430029;;;;;;;2014-04-24T11:07:34.000-03:00;2026-08-02T07:06:24.000-03:00;;;;0.0;0.0;1;COSMOS;https://cosmos.bluesoft.com.br/products/barcode/5171773AD1EB04751EE9F97C6DF35A69.png;ENERGIL;/assets/brand-placeholder-7080174fbd24025783105a607811edad.png;10000220;Suco - Pronto para beber (Não perecível);22029100;Cerveja sem álcool;Bebidas, líquidos alcoólicos e vinagres - Águas, incluindo as águas minerais e as águas gaseificadas, adicionadas de açúcar ou de outros edulcorantes ou aromatizadas e outras bebidas não alcoólicas, exceto sucos (sumos) de fruta ou de produtos hortícolas, da posição 20.09. - Cerveja sem álcool;;;;;2483;0301500;Bebidas hidroeletrolíticas;1657
ncm:22029100|p0001|2026-09-16T00:44:14Z|08;ncm:22029100;22029100;1;8;2026-09-16T00:44:14Z;PILAR;CERVEJA CRYSTAL 0 0% ALCOOL LONG NECK;7897395060398;;0.0;0.0;0.0;;;2014-04-24T11:07:34.000-03:00;2026-07-31T21:46:25.000-03:00;;;;0.0;0.0;1;COSMOS;https://cosmos.bluesoft.com.br/products/barcode/07851663351B54AD2B090944473E55C1.png;;;10000159;Cerveja;22029100;Cerveja sem álcool;Bebidas, líquidos alcoólicos e vinagres - Águas, incluindo as águas minerais e as águas gaseificadas, adicionadas de açúcar ou de outros edulcorantes ou aromatizadas e outras bebidas não alcoólicas, exceto sucos (sumos) de fruta ou de produtos hortícolas, da posição 20.09. - Cerveja sem álcool;;208;Cerveja sem Alcóol;65;;;;
ncm:22029100|p0001|2026-09-16T00:44:14Z|09;ncm:22029100;22029100;1;9;2026-09-16T00:44:14Z;PILAR;PAULANER HEFE-WEISSBIER NATURTRÜB WEIZENBIER GARRAFA 1 UNIDADE;4066600061502;https://cdn-cosmos.bluesoft.com.br/products/paulaner-hefe-weissbier-naturtrub-weizenbier-garrafa-500-ml-1-unidade_600x600-PU5e6db_1.jpg;;;;;;2014-04-24T11:07:34.000-03:00;2026-08-19T00:35:20.000-03:00;;;;0.0;0.0;2;COSMOS;https://cosmos.bluesoft.com.br/products/barcode/18E30A2C6EE6726023EC9E5111283DC8.png;;;;;22029100;Cerveja sem álcool;Bebidas, líquidos alcoólicos e vinagres - Águas, incluindo as águas minerais e as águas gaseificadas, adicionadas de açúcar ou de outros edulcorantes ou aromatizadas e outras bebidas não alcoólicas, exceto sucos (sumos) de fruta ou de produtos hortícolas, da posição 20.09. - Cerveja sem álcool;;204;Cervejas Especiais;203;;;;
ncm:22029100|p0001|2026-09-16T00:44:14Z|10;ncm:22029100;22029100;1;10;2026-09-16T00:44:14Z;PILAR;NECTAR TIAL LIGHT 1L ABACAXI;7896005302507;;;;;;;2014-04-24T11:07:34.000-03:00;2026-07-30T01:57:17.000-03:00;;;;0.0;0.0;1;COSMOS;https://cosmos.bluesoft.com.br/products/barcode/78C90512BB6603D0E9BF71B8A4C93D0A.png;TIAL;/assets/brand-placeholder-7080174fbd24025783105a607811edad.png;;;22029100;Cerveja sem álcool;Bebidas, líquidos alcoólicos e vinagres - Águas, incluindo as águas minerais e as águas gaseificadas, adicionadas de açúcar ou de outros edulcorantes ou aromatizadas e outras bebidas não alcoólicas, exceto sucos (sumos) de fruta ou de produtos hortícolas, da posição 20.09. - Cerveja sem álcool;;;;;2177;1711200;Néctares de frutas e outras bebidas não alcoólicas prontas para beber, exceto isotônicos e energéticos;1671
ncm:22029100|p0001|2026-09-16T00:44:14Z|11;ncm:22029100;22029100;1;11;2026-09-16T00:44:14Z;PILAR;CERVEJA COLONIA ZERO ALCOOL LATA;7898032910205;https://cdn-cosmos.bluesoft.com.br/products/7898032910205;;;;;;2014-04-24T11:07:34.000-03:00;2026-08-27T09:11:32.000-03:00;;;;0.0;0.0;2;COSMOS;https://cosmos.bluesoft.com.br/products/barcode/44B7108C794BB3D2F2AAE6BAFB0FA93B.png;COLÔNIA;/assets/brand-placeholder-7080174fbd24025783105a607811edad.png;10000159;Cerveja;22029100;Cerveja sem álcool;Bebidas, líquidos alcoólicos e vinagres - Águas, incluindo as águas minerais e as águas gaseificadas, adicionadas de açúcar ou de outros edulcorantes ou aromatizadas e outras bebidas não alcoólicas, exceto sucos (sumos) de fruta ou de produtos hortícolas, da posição 20.09. - Cerveja sem álcool;;;;;;;;
ncm:22029100|p0001|2026-09-16T00:44:14Z|12;ncm:22029100;22029100;1;12;2026-09-16T00:44:14Z;PILAR;NECTAR PURITY LARANJA;7897001050041;https://cdn-cosmos.bluesoft.com.br/products/7897001050041;;;;;;2014-04-24T11:07:34.000-03:00;2026-08-18T10:15:35.000-03:00;;;;0.0;0.0;2;COSMOS;https://cosmos.bluesoft.com.br/products/barcode/E70A804F97205E5AD0E93F6843B4E95C.png;PURITY;/assets/brand-placeholder-7080174fbd24025783105a607811edad.png;;;22029100;Cerveja sem álcool;Bebidas, líquidos alcoólicos e vinagres - Águas, incluindo as águas minerais e as águas gaseificadas, adicionadas de açúcar ou de outros edulcorantes ou aromatizadas e outras bebidas não alcoólicas, exceto sucos (sumos) de fruta ou de produtos hortícolas, da posição 20.09. - Cerveja sem álcool;;;;;2177;1711200;Néctares de frutas e outras bebidas não alcoólicas prontas para beber, exceto isotônicos e energéticos;1671
ncm:22029100|p0001|2026-09-16T00:44:14Z|13;ncm:22029100;22029100;1;13;2026-09-16T00:44:14Z;PILAR;CERVEJA PILSEN ZERO ÁLCOOL BAVARIA LATA 350ML;7896045504565;https://cdn-cosmos.bluesoft.com.br/products/7896045504565;;;;;;2015-01-14T22:00:00.000-02:00;2026-07-30T04:51:45.000-03:00;;;;0.0;0.0;2;COSMOS;https://cosmos.bluesoft.com.br/products/barcode/766E2F51169495DDF01FC870E0E5D890.png;BAVARIA 0;/assets/brand-placeholder-7080174fbd24025783105a607811edad.png;;;22029100;Cerveja sem álcool;Bebidas, líquidos alcoólicos e vinagres - Águas, incluindo as águas minerais e as águas gaseificadas, adicionadas de açúcar ou de outros edulcorantes ou aromatizadas e outras bebidas não alcoólicas, exceto sucos (sumos) de fruta ou de produtos hortícolas, da posição 20.09. - Cerveja sem álcool;;141;Cervejas Tradicionais;203;;;;
ncm:22029100|p0001|2026-09-16T00:44:14Z|14;ncm:22029100;22029100;1;14;2026-09-16T00:44:14Z;PILAR;CERVEJA ZERO ÁLCOOL ESTRELLA GALICIA GARRAFA 250ML;8412598000447;https://cdn-cosmos.bluesoft.com.br/products/8412598000447;;;;;;2015-01-14T22:00:00.000-02:00;2026-08-05T04:27:08.000-03:00;;;;0.0;0.0;3;COSMOS;https://cosmos.bluesoft.com.br/products/barcode/3F9D5126177067544F49946A5BDA24AF.png;;;10000159;Cerveja;22029100;Cerveja sem álcool;Bebidas, líquidos alcoólicos e vinagres - Águas, incluindo as águas minerais e as águas gaseificadas, adicionadas de açúcar ou de outros edulcorantes ou aromatizadas e outras bebidas não alcoólicas, exceto sucos (sumos) de fruta ou de produtos hortícolas, da posição 20.09. - Cerveja sem álcool;;141;Cervejas Tradicionais;203;;;;
ncm:22029100|p0001|2026-09-16T00:44:14Z|15;ncm:22029100;22029100;1;15;2026-09-16T00:44:14Z;PILAR;CERVEJA BITBURGER DRIVE SEM ALCOOL - GRF;4102430315504;https://cdn-cosmos.bluesoft.com.br/products/4102430315504;;;;;;2015-07-20T15:28:37.000-03:00;2026-08-19T00:37:02.000-03:00;;;;0.0;0.0;1;COSMOS;https://cosmos.bluesoft.com.br/products/barcode/E430315EEFC2EF75611C709BE8A73416.png;BITBURGER;/assets/brand-placeholder-7080174fbd24025783105a607811edad.png;10000159;Cerveja;22029100;Cerveja sem álcool;Bebidas, líquidos alcoólicos e vinagres - Águas, incluindo as águas minerais e as águas gaseificadas, adicionadas de açúcar ou de outros edulcorantes ou aromatizadas e outras bebidas não alcoólicas, exceto sucos (sumos) de fruta ou de produtos hortícolas, da posição 20.09. - Cerveja sem álcool;;;;;2490;0302200;Cerveja sem álcool em garrafa de vidro retornável;1657
ncm:22029100|p0001|2026-09-16T00:44:14Z|16;ncm:22029100;22029100;1;16;2026-09-16T00:44:14Z;PILAR;HARRY POTTER BUTTER BEER SODA FLYING CAULDRON BUTTERSCOTCH;33919000458;https://cdn-cosmos.bluesoft.com.br/products/33919000458;;;;;;2015-09-16T19:06:05.000-03:00;2026-02-09T08:13:56.000-03:00;;;;0.0;0.0;1;COSMOS;https://cosmos.bluesoft.com.br/products/barcode/8278784B37A52DB56297CEFE94386FF6.png;SODA NATIONAL;/assets/brand-placeholder-7080174fbd24025783105a607811edad.png;;;22029100;Cerveja sem álcool;Bebidas, líquidos alcoólicos e vinagres - Águas, incluindo as águas minerais e as águas gaseificadas, adicionadas de açúcar ou de outros edulcorantes ou aromatizadas e outras bebidas não alcoólicas, exceto sucos (sumos) de fruta ou de produtos hortícolas, da posição 20.09. - Cerveja sem álcool;;;;;;;;
ncm:22029100|p0001|2026-09-16T00:44:14Z|17;ncm:22029100;22029100;1;17;2026-09-16T00:44:14Z;PILAR;CERVEJA ZERO ÁLCOOL ESTRELLA GALICIA GARRAFA 250ML;8412598001659;https://cdn-cosmos.bluesoft.com.br/products/8412598001659;;;;;;2015-11-13T10:37:46.000-02:00;2026-08-05T04:27:13.000-03:00;;;;0.0;0.0;2;COSMOS;https://cosmos.bluesoft.com.br/products/barcode/3F9D5126177067547317ED424CB73E5B.png;ESTRELLA GALICIA;https://cdn-cosmos.bluesoft.com.br/brands/brand_estrella-galicia;;;22029100;Cerveja sem álcool;Bebidas, líquidos alcoólicos e vinagres - Águas, incluindo as águas minerais e as águas gaseificadas, adicionadas de açúcar ou de outros edulcorantes ou aromatizadas e outras bebidas não alcoólicas, exceto sucos (sumos) de fruta ou de produtos hortícolas, da posição 20.09. - Cerveja sem álcool;;141;Cervejas Tradicionais;203;;;;
ncm:22029100|p0001|2026-09-16T00:44:14Z|18;ncm:22029100;22029100;1;18;2026-09-16T00:44:14Z;PILAR;NOVA SCHIN SEM ÁLCOOL LATA 1 UNIDADE;7896052603800;https://cdn-cosmos.bluesoft.com.br/products/7896052603800;;;;;;2016-01-19T13:56:19.000-02:00;2026-07-30T05:07:56.000-03:00;;;;0.0;0.0;2;COSMOS;https://cosmos.bluesoft.com.br/products/barcode/860C7AB87C58E0E725EB4D465EF91A7D.png;;;50000000;Alimentos / Bebidas / Tabaco;22029100;Cerveja sem álcool;Bebidas, líquidos alcoólicos e vinagres - Águas, incluindo as águas minerais e as águas gaseificadas, adicionadas de açúcar ou de outros edulcorantes ou aromatizadas e outras bebidas não alcoólicas, exceto sucos (sumos) de fruta ou de produtos hortícolas, da posição 20.09. - Cerveja sem álcool;;;;;;;;
ncm:22029100|p0001|2026-09-16T00:44:14Z|19;ncm:22029100;22029100;1;19;2026-09-16T00:44:14Z;PILAR;CERVEJA S/ ALCOOL L. NECK;7896052605439;;0.0;0.0;0.0;;;2016-01-19T15:05:52.000-02:00;2026-07-30T05:08:18.000-03:00;;;;0.0;0.0;1;COSMOS;https://cosmos.bluesoft.com.br/products/barcode/860C7AB87C58E0E79EB100430E902C21.png;SCHIN;https://cdn-cosmos.bluesoft.com.br/brands/brand_schin;10000159;Cerveja;22029100;Cerveja sem álcool;Bebidas, líquidos alcoólicos e vinagres - Águas, incluindo as águas minerais e as águas gaseificadas, adicionadas de açúcar ou de outros edulcorantes ou aromatizadas e outras bebidas não alcoólicas, exceto sucos (sumos) de fruta ou de produtos hortícolas, da posição 20.09. - Cerveja sem álcool;;203;Cervejas;140;2490;0302200;Cerveja sem álcool em garrafa de vidro retornável;1657
ncm:22029100|p0001|2026-09-16T00:44:14Z|20;ncm:22029100;22029100;1;20;2026-09-16T00:44:14Z;PILAR;CERVEJA PILSEN ZERO ÁLCOOL ITAIPAVA LATA 350ML;7897395040390;https://cdn-cosmos.bluesoft.com.br/products/7897395040390;;;;;;2016-01-19T15:16:56.000-02:00;2026-09-06T03:10:15.000-03:00;;;;0.0;0.0;2;COSMOS;https://cosmos.bluesoft.com.br/products/barcode/07851663351B54AD97AD73C24F7B40FC.png;ITAIPAVA;https://cdn-cosmos.bluesoft.com.br/brands/brand_itaipava;;;22029100;Cerveja sem álcool;Bebidas, líquidos alcoólicos e vinagres - Águas, incluindo as águas minerais e as águas gaseificadas, adicionadas de açúcar ou de outros edulcorantes ou aromatizadas e outras bebidas não alcoólicas, exceto sucos (sumos) de fruta ou de produtos hortícolas, da posição 20.09. - Cerveja sem álcool;;141;Cervejas Tradicionais;203;;;;
ncm:22029100|p0001|2026-09-16T00:44:14Z|21;ncm:22029100;22029100;1;21;2026-09-16T00:44:14Z;PILAR;CERVEJA CRYSTAL 0 0% ALCOOL LONG NECK;7897395060350;https://cdn-cosmos.bluesoft.com.br/products/7897395060350;;;;;;2016-01-19T15:31:52.000-02:00;2026-07-31T21:46:24.000-03:00;;;;0.0;0.0;1;COSMOS;https://cosmos.bluesoft.com.br/products/barcode/07851663351B54ADF7D424B0F7863FD5.png;;;10000159;Cerveja;22029100;Cerveja sem álcool;Bebidas, líquidos alcoólicos e vinagres - Águas, incluindo as águas minerais e as águas gaseificadas, adicionadas de açúcar ou de outros edulcorantes ou aromatizadas e outras bebidas não alcoólicas, exceto sucos (sumos) de fruta ou de produtos hortícolas, da posição 20.09. - Cerveja sem álcool;;203;Cervejas;140;;;;
ncm:22029100|p0001|2026-09-16T00:44:14Z|22;ncm:22029100;22029100;1;22;2026-09-16T00:44:14Z;PILAR;CERVEJA PILSEN ZERO ÁLCOOL ITAIPAVA GARRAFA 355ML;7897395040468;https://cdn-cosmos.bluesoft.com.br/products/7897395040468;;;;;;2016-01-19T16:16:27.000-02:00;2026-07-31T21:46:07.000-03:00;;;;0.0;0.0;1;COSMOS;https://cosmos.bluesoft.com.br/products/barcode/07851663351B54ADDABC16C9C22A429C.png;ITAIPAVA;https://cdn-cosmos.bluesoft.com.br/brands/brand_itaipava;10000159;Cerveja;22029100;Cerveja sem álcool;Bebidas, líquidos alcoólicos e vinagres - Águas, incluindo as águas minerais e as águas gaseificadas, adicionadas de açúcar ou de outros edulcorantes ou aromatizadas e outras bebidas não alcoólicas, exceto sucos (sumos) de fruta ou de produtos hortícolas, da posição 20.09. - Cerveja sem álcool;;141;Cervejas Tradicionais;203;;;;
ncm:22029100|p0001|2026-09-16T00:44:14Z|23;ncm:22029100;22029100;1;23;2026-09-16T00:44:14Z;PILAR;CERVEJA DE TRIGO SEM ÁLCOOL ERDINGER GARRAFA 330ML;4002103249535;https://cdn-cosmos.bluesoft.com.br/products/4002103249535;;;;;;2016-05-12T15:19:45.000-03:00;2026-08-16T00:32:47.000-03:00;;;;0.0;0.0;1;COSMOS;https://cosmos.bluesoft.com.br/products/barcode/D65BD7DC3C63AB76D6686EE103C1E8CA.png;ERDINGER;/assets/brand-placeholder-7080174fbd24025783105a607811edad.png;;;22029100;Cerveja sem álcool;Bebidas, líquidos alcoólicos e vinagres - Águas, incluindo as águas minerais e as águas gaseificadas, adicionadas de açúcar ou de outros edulcorantes ou aromatizadas e outras bebidas não alcoólicas, exceto sucos (sumos) de fruta ou de produtos hortícolas, da posição 20.09. - Cerveja sem álcool;;141;Cervejas Tradicionais;203;;;;
ncm:22029100|p0001|2026-09-16T00:44:14Z|24;ncm:22029100;22029100;1;24;2026-09-16T00:44:14Z;PILAR;CERVEJA ZERO ÁLCOOL ESTRELLA GALICIA LATA 330ML;8412598000478;https://cdn-cosmos.bluesoft.com.br/products/8412598000478;;;;;;2017-04-03T15:17:44.000-03:00;2026-09-11T08:03:34.000-03:00;;;;0.0;0.0;3;COSMOS;https://cosmos.bluesoft.com.br/products/barcode/3F9D512617706754046FF864F8D3E4DB.png;ESTRELLA GALICIA;https://cdn-cosmos.bluesoft.com.br/brands/brand_estrella-galicia;;;22029100;Cerveja sem álcool;Bebidas, líquidos alcoólicos e vinagres - Águas, incluindo as águas minerais e as águas gaseificadas, adicionadas de açúcar ou de outros edulcorantes ou aromatizadas e outras bebidas não alcoólicas, exceto sucos (sumos) de fruta ou de produtos hortícolas, da posição 20.09. - Cerveja sem álcool;;141;Cervejas Tradicionais;203;;;;
ncm:22029100|p0001|2026-09-16T00:44:14Z|25;ncm:22029100;22029100;1;25;2026-09-16T00:44:14Z;PILAR;SUCO DE UVA;7897195931775;https://cdn-cosmos.bluesoft.com.br/products/7897195931775;;;;;;2018-01-17T11:19:35.000-02:00;2026-09-11T13:20:54.000-03:00;;;;0.0;0.0;1;COSMOS;https://cosmos.bluesoft.com.br/products/barcode/75E26995E1BE5392F93877987BF0CBA2.png;LIFE;/assets/brand-placeholder-7080174fbd24025783105a607811edad.png;10000219;Suco - Pronto para beber (Perecíveis);22029100;Cerveja sem álcool;Bebidas, líquidos alcoólicos e vinagres - Águas, incluindo as águas minerais e as águas gaseificadas, adicionadas de açúcar ou de outros edulcorantes ou aromatizadas e outras bebidas não alcoólicas, exceto sucos (sumos) de fruta ou de produtos hortícolas, da posição 20.09. - Cerveja sem álcool;;;;;;;;
ncm:22029100|p0001|2026-09-16T00:44:14Z|26;ncm:22029100;22029100;1;26;2026-09-16T00:44:14Z;PILAR;CERV MALTA 350ML S/ALCOOL;7896760400661;;;;;;;2018-05-03T08:20:37.000-03:00;2026-08-18T09:59:31.000-03:00;;;;0.0;0.0;1;COSMOS;https://cosmos.bluesoft.com.br/products/barcode/46466B32B40F738516300D9305F810C3.png;;;;;22029100;Cerveja sem álcool;Bebidas, líquidos alcoólicos e vinagres - Águas, incluindo as águas minerais e as águas gaseificadas, adicionadas de açúcar ou de outros edulcorantes ou aromatizadas e outras bebidas não alcoólicas, exceto sucos (sumos) de fruta ou de produtos hortícolas, da posição 20.09. - Cerveja sem álcool;;;;;;;;
ncm:22029100|p0001|2026-09-16T00:44:14Z|27;ncm:22029100;22029100;1;27;2026-09-16T00:44:14Z;PILAR;CERV PILSEN S/ALCOOL KROMBACHER 330ML;4008287058543;;0.0;0.0;0.0;;;2018-08-14T09:21:17.000-03:00;2026-07-23T21:34:46.000-03:00;;;;0.0;0.0;1;COSMOS;https://cosmos.bluesoft.com.br/products/barcode/DC7E5C9C06A6458BEBF664EEF16802E7.png;;;;;22029100;Cerveja sem álcool;Bebidas, líquidos alcoólicos e vinagres - Águas, incluindo as águas minerais e as águas gaseificadas, adicionadas de açúcar ou de outros edulcorantes ou aromatizadas e outras bebidas não alcoólicas, exceto sucos (sumos) de fruta ou de produtos hortícolas, da posição 20.09. - Cerveja sem álcool;;;;;;;;
ncm:22029100|p0001|2026-09-16T00:44:14Z|28;ncm:22029100;22029100;1;28;2026-09-16T00:44:14Z;PILAR;CERVEJA ERDINGER S/ALCOOL 500ML;4002103282044;;;;;;;2018-12-03T17:47:49.000-02:00;2026-07-23T21:28:52.000-03:00;;;;0.0;0.0;1;COSMOS;https://cosmos.bluesoft.com.br/products/barcode/D65BD7DC3C63AB76D3A55A5B8CED7BAD.png;;;;;22029100;Cerveja sem álcool;Bebidas, líquidos alcoólicos e vinagres - Águas, incluindo as águas minerais e as águas gaseificadas, adicionadas de açúcar ou de outros edulcorantes ou aromatizadas e outras bebidas não alcoólicas, exceto sucos (sumos) de fruta ou de produtos hortícolas, da posição 20.09. - Cerveja sem álcool;;;;;;;;
ncm:22029100|p0001|2026-09-16T00:44:14Z|29;ncm:22029100;22029100;1;29;2026-09-16T00:44:14Z;PILAR;CERV MALTA S/ALCOOL 473ML;7896760400609;;;;;;;2019-02-05T11:20:13.000-02:00;2026-07-31T18:01:05.000-03:00;;;;0.0;0.0;1;COSMOS;https://cosmos.bluesoft.com.br/products/barcode/46466B32B40F7385BE7A8DD1ED1ACE54.png;;;;;22029100;Cerveja sem álcool;Bebidas, líquidos alcoólicos e vinagres - Águas, incluindo as águas minerais e as águas gaseificadas, adicionadas de açúcar ou de outros edulcorantes ou aromatizadas e outras bebidas não alcoólicas, exceto sucos (sumos) de fruta ou de produtos hortícolas, da posição 20.09. - Cerveja sem álcool;;;;;;;;
ncm:22029100|p0001|2026-09-16T00:44:14Z|30;ncm:22029100;22029100;1;30;2026-09-16T00:44:14Z;PILAR;CERVEJA PILSEN ZERO ÁLCOOL ITAIPAVA GARRAFA 355ML;7897395040703;https://cdn-cosmos.bluesoft.com.br/products/7897395040703;;;;;;2019-03-16T22:39:32.000-03:00;2026-07-31T21:46:12.000-03:00;;;;0.0;0.0;4;COSMOS;https://cosmos.bluesoft.com.br/products/barcode/07851663351B54ADA0593267BA3290B7.png;;;;;22029100;Cerveja sem álcool;Bebidas, líquidos alcoólicos e vinagres - Águas, incluindo as águas minerais e as águas gaseificadas, adicionadas de açúcar ou de outros edulcorantes ou aromatizadas e outras bebidas não alcoólicas, exceto sucos (sumos) de fruta ou de produtos hortícolas, da posição 20.09. - Cerveja sem álcool;;141;Cervejas Tradicionais;203;;;;
ncm:22030000|p0001|2026-09-16T00:44:14Z|01;ncm:22030000;22030000;1;1;2026-09-16T00:44:14Z;PILAR;CERVEJA A OUTRA CHOPP;7896657720018;;;;;;;2014-04-24T11:07:34.000-03:00;2026-09-02T16:48:59.000-03:00;;;;0.0;0.0;2;COSMOS;https://cosmos.bluesoft.com.br/products/barcode/AA164D3BBEE865EC2387D97FF7498132.png;A OUTRA;/assets/brand-placeholder-7080174fbd24025783105a607811edad.png;10000159;Cerveja;22030000;Cervejas de malte.;Bebidas, líquidos alcoólicos e vinagres - Cervejas de malte.;;203;Cervejas;140;;;;
ncm:22030000|p0001|2026-09-16T00:44:14Z|02;ncm:22030000;22030000;1;2;2026-09-16T00:44:14Z;PILAR;CERVEJA ABADIA GOLD;5601164294400;;0.0;0.0;0.0;;;2014-04-24T11:07:34.000-03:00;2026-07-25T01:51:02.000-03:00;;;;0.0;0.0;1;COSMOS;https://cosmos.bluesoft.com.br/products/barcode/C139DA8F0A9A415C661BBD88B0C157E6.png;;;10000159;Cerveja;22030000;Cervejas de malte.;Bebidas, líquidos alcoólicos e vinagres - Cervejas de malte.;;;;;;;;
ncm:22030000|p0001|2026-09-16T00:44:14Z|03;ncm:22030000;22030000;1;3;2026-09-16T00:44:14Z;PILAR;CERVEJA ABADIA RUBI;5601164284401;;0.0;0.0;0.0;;;2014-04-24T11:07:34.000-03:00;2026-07-25T01:51:02.000-03:00;;;;0.0;0.0;1;COSMOS;https://cosmos.bluesoft.com.br/products/barcode/C139DA8F0A9A415CBB07C7A91A315C77.png;;;10000159;Cerveja;22030000;Cervejas de malte.;Bebidas, líquidos alcoólicos e vinagres - Cervejas de malte.;;;;;;;;
ncm:22030000|p0001|2026-09-16T00:44:14Z|04;ncm:22030000;22030000;1;4;2026-09-16T00:44:14Z;PILAR;AMAZON BEER STOUT AÇAÍ;7898947426211;https://cdn-cosmos.bluesoft.com.br/products/7898947426211;0.0;0.0;0.0;;;2014-04-24T11:07:34.000-03:00;2026-08-03T12:06:05.000-03:00;;;;0.0;0.0;1;COSMOS;https://cosmos.bluesoft.com.br/products/barcode/EC1F3DDCD1BDA03ADFF306476B649154.png;;;10000159;Cerveja;22030000;Cervejas de malte.;Bebidas, líquidos alcoólicos e vinagres - Cervejas de malte.;;141;Cervejas Tradicionais;203;;;;
ncm:22030000|p0001|2026-09-16T00:44:14Z|05;ncm:22030000;22030000;1;5;2026-09-16T00:44:14Z;PILAR;AMAZON BEER FOREST BACURI SPECIALTY BEER GARRAFA 1 UNIDADE;7898947426136;https://cdn-cosmos.bluesoft.com.br/products/amazon-beer-forest-bacuri-specialty-beer-garrafa-355-ml-1-unidade_600x600-PU7d195_1.jpg;;;;;;2014-04-24T11:07:34.000-03:00;2026-08-03T12:06:04.000-03:00;;;;0.0;0.0;1;COSMOS;https://cosmos.bluesoft.com.br/products/barcode/EC1F3DDCD1BDA03A206C7BE2C82DD6EC.png;;;10000159;Cerveja;22030000;Cervejas de malte.;Bebidas, líquidos alcoólicos e vinagres - Cervejas de malte.;;141;Cervejas Tradicionais;203;;;;
ncm:22030000|p0001|2026-09-16T00:44:14Z|06;ncm:22030000;22030000;1;6;2026-09-16T00:44:14Z;PILAR;AMAZON BEER CUMARU;7898947426204;https://cdn-cosmos.bluesoft.com.br/products/7898947426204;0.0;0.0;0.0;;;2014-04-24T11:07:34.000-03:00;2026-08-03T12:06:05.000-03:00;;;;0.0;0.0;1;COSMOS;https://cosmos.bluesoft.com.br/products/barcode/EC1F3DDCD1BDA03A1C16D1E52008FF81.png;;;10000159;Cerveja;22030000;Cervejas de malte.;Bebidas, líquidos alcoólicos e vinagres - Cervejas de malte.;;;;;;;;
ncm:22030000|p0001|2026-09-16T00:44:14Z|07;ncm:22030000;22030000;1;7;2026-09-16T00:44:14Z;PILAR;CERVEJA NACIONAL PRIPRIOCA AMAZON BEER LONG NECK;7898947426198;https://cdn-cosmos.bluesoft.com.br/products/7898947426198;;;;;;2014-04-24T11:07:34.000-03:00;2026-08-03T12:06:04.000-03:00;;;;0.0;0.0;1;COSMOS;https://cosmos.bluesoft.com.br/products/barcode/EC1F3DDCD1BDA03A11CE164557D6053A.png;;;10000159;Cerveja;22030000;Cervejas de malte.;Bebidas, líquidos alcoólicos e vinagres - Cervejas de malte.;;141;Cervejas Tradicionais;203;;;;
ncm:22030000|p0001|2026-09-16T00:44:14Z|08;ncm:22030000;22030000;1;8;2026-09-16T00:44:14Z;PILAR;AMAZON BEER WITBIER TAPEREBÁ WITBIER LONG NECK 1 UNIDADE;7898947426174;https://cdn-cosmos.bluesoft.com.br/products/amazon-beer-witbier-tapereba-witbier-long-neck-355-ml-1-unidade_300x300-PU7d056_1.jpg;;;;;;2014-04-24T11:07:34.000-03:00;2026-08-03T12:06:04.000-03:00;;;;0.0;0.0;1;COSMOS;https://cosmos.bluesoft.com.br/products/barcode/EC1F3DDCD1BDA03AB96C1D2A5AC67D7A.png;;;10000159;Cerveja;22030000;Cervejas de malte.;Bebidas, líquidos alcoólicos e vinagres - Cervejas de malte.;;141;Cervejas Tradicionais;203;;;;
ncm:22030000|p0001|2026-09-16T00:44:14Z|09;ncm:22030000;22030000;1;9;2026-09-16T00:44:14Z;PILAR;ANDERSON VALLEY HEELCH O'HOPS DOUBLE IPA;9125002135;https://cdn-cosmos.bluesoft.com.br/products/9125002135;0.0;0.0;0.0;;;2014-04-24T11:07:34.000-03:00;2026-05-14T12:42:54.000-03:00;;;;0.0;0.0;1;COSMOS;https://cosmos.bluesoft.com.br/products/barcode/7430439020E4FFECE25608B0BE6BEA8B.png;;;10000159;Cerveja;22030000;Cervejas de malte.;Bebidas, líquidos alcoólicos e vinagres - Cervejas de malte.;;;;;;;;
ncm:22030000|p0001|2026-09-16T00:44:14Z|10;ncm:22030000;22030000;1;10;2026-09-16T00:44:14Z;PILAR;CERVEJA ALE CHOCOLATE BADEN BADEN GARRAFA 600ML;7898230715466;https://cdn-cosmos.bluesoft.com.br/products/7898230715466;;;;;;2014-04-24T11:07:34.000-03:00;2026-08-02T05:26:21.000-03:00;;;;0.0;0.0;2;COSMOS;https://cosmos.bluesoft.com.br/products/barcode/8DF27934E3C6892E6570C3A9B02A9812.png;BADEN BADEN;https://cdn-cosmos.bluesoft.com.br/brands/brand_baden-baden.gif;10000159;Cerveja;22030000;Cervejas de malte.;Bebidas, líquidos alcoólicos e vinagres - Cervejas de malte.;;141;Cervejas Tradicionais;203;2489;0302100;Cerveja em garrafa de vidro retornável;1657
ncm:22030000|p0001|2026-09-16T00:44:14Z|11;ncm:22030000;22030000;1;11;2026-09-16T00:44:14Z;PILAR;CERVEJA STOUT PURO MALTE BADEN BADEN GARRAFA 600ML;7898230710508;https://cdn-cosmos.bluesoft.com.br/products/7898230710508;;;;;;2014-04-24T11:07:34.000-03:00;2026-08-02T05:26:14.000-03:00;;;;0.0;0.0;2;COSMOS;https://cosmos.bluesoft.com.br/products/barcode/8DF27934E3C6892E2BEB846268D40E7A.png;BADEN BADEN;https://cdn-cosmos.bluesoft.com.br/brands/brand_baden-baden.gif;10000159;Cerveja;22030000;Cervejas de malte.;Bebidas, líquidos alcoólicos e vinagres - Cervejas de malte.;;141;Cervejas Tradicionais;203;;;;
ncm:22030000|p0001|2026-09-16T00:44:14Z|12;ncm:22030000;22030000;1;12;2026-09-16T00:44:14Z;PILAR;CERVEJA BAMBERG BOCK;7898932798057;https://cdn-cosmos.bluesoft.com.br/products/7898932798057;0.0;0.0;0.0;;;2014-04-24T11:07:34.000-03:00;2026-08-03T10:31:40.000-03:00;;;;0.0;0.0;1;COSMOS;https://cosmos.bluesoft.com.br/products/barcode/4C0A555761F3EFB67F4D9B1D139371AE.png;;;10000159;Cerveja;22030000;Cervejas de malte.;Bebidas, líquidos alcoólicos e vinagres - Cervejas de malte.;;;;;;;;
ncm:22030000|p0001|2026-09-16T00:44:14Z|13;ncm:22030000;22030000;1;13;2026-09-16T00:44:14Z;PILAR;BAMBERG PILSEN LONG NECK 1 UNIDADE;7898932798019;https://cdn-cosmos.bluesoft.com.br/products/bamberg-pilsen-long-neck-355-ml-1-unidade_600x600-PU7faa1_1.jpg;;;;;;2014-04-24T11:07:34.000-03:00;2026-08-03T10:31:39.000-03:00;;;;0.0;0.0;1;COSMOS;https://cosmos.bluesoft.com.br/products/barcode/4C0A555761F3EFB6197D4F4874480674.png;;;10000159;Cerveja;22030000;Cervejas de malte.;Bebidas, líquidos alcoólicos e vinagres - Cervejas de malte.;;;;;;;;
ncm:22030000|p0001|2026-09-16T00:44:14Z|14;ncm:22030000;22030000;1;14;2026-09-16T00:44:14Z;PILAR;BAMBERG WEIZEN LONG NECK 1 UNIDADE;7898932798033;https://cdn-cosmos.bluesoft.com.br/products/bamberg-weizen-long-neck-355-ml-1-unidade_600x600-PU7faa2_1.jpg;;;;;;2014-04-24T11:07:34.000-03:00;2026-08-03T10:31:40.000-03:00;;;;0.0;0.0;1;COSMOS;https://cosmos.bluesoft.com.br/products/barcode/4C0A555761F3EFB68B68CA3FC2272D3B.png;;;10000159;Cerveja;22030000;Cervejas de malte.;Bebidas, líquidos alcoólicos e vinagres - Cervejas de malte.;;;;;;;;
ncm:22030000|p0001|2026-09-16T00:44:14Z|15;ncm:22030000;22030000;1;15;2026-09-16T00:44:14Z;PILAR;BEAR EXTRA STRONG LAGER LATA;5701598033016;https://cdn-cosmos.bluesoft.com.br/products/5701598033016;;;;;;2014-04-24T11:07:34.000-03:00;2026-07-25T02:04:17.000-03:00;;;;0.0;0.0;2;COSMOS;https://cosmos.bluesoft.com.br/products/barcode/45CDB49E02A2F9D2D6F4FECCA0148E20.png;BEAR BEER;/assets/brand-placeholder-7080174fbd24025783105a607811edad.png;10000159;Cerveja;22030000;Cervejas de malte.;Bebidas, líquidos alcoólicos e vinagres - Cervejas de malte.;;204;Cervejas Especiais;203;;;;
ncm:22030000|p0001|2026-09-16T00:44:14Z|16;ncm:22030000;22030000;1;16;2026-09-16T00:44:14Z;PILAR;BEAR PREMIUM STRONG LAGER LATA;5701598034631;https://cdn-cosmos.bluesoft.com.br/products/5701598034631;0.0;0.0;0.0;;;2014-04-24T11:07:34.000-03:00;2026-07-25T02:04:18.000-03:00;;;;0.0;0.0;1;COSMOS;https://cosmos.bluesoft.com.br/products/barcode/45CDB49E02A2F9D249065597F72991B3.png;;;10000159;Cerveja;22030000;Cervejas de malte.;Bebidas, líquidos alcoólicos e vinagres - Cervejas de malte.;;;;;;;;
ncm:22030000|p0001|2026-09-16T00:44:14Z|17;ncm:22030000;22030000;1;17;2026-09-16T00:44:14Z;PILAR;CERVEJA PILSEN BITBURGER LATA 500ML;41024355;https://cdn-cosmos.bluesoft.com.br/products/41024355;;;;;;2014-04-24T11:07:34.000-03:00;2026-08-19T00:37:04.000-03:00;;;;0.0;0.0;2;COSMOS;https://cosmos.bluesoft.com.br/products/barcode/D499108E55A297240331F672CAA2C500.png;PACERS;/assets/brand-placeholder-7080174fbd24025783105a607811edad.png;10000159;Cerveja;22030000;Cervejas de malte.;Bebidas, líquidos alcoólicos e vinagres - Cervejas de malte.;;141;Cervejas Tradicionais;203;;;;
ncm:22030000|p0001|2026-09-16T00:44:14Z|18;ncm:22030000;22030000;1;18;2026-09-16T00:44:14Z;PILAR;CERVEJA BLANCHE DE BRUXELLES CLARA;5411676800408;https://cdn-cosmos.bluesoft.com.br/products/5411676800408;0.0;0.0;0.0;;;2014-04-24T11:07:34.000-03:00;2026-07-25T01:42:47.000-03:00;;;;0.0;0.0;1;COSMOS;https://cosmos.bluesoft.com.br/products/barcode/7FB7AF965F9E706DF770B42DAAC3BD8D.png;;;10000159;Cerveja;22030000;Cervejas de malte.;Bebidas, líquidos alcoólicos e vinagres - Cervejas de malte.;;;;;;;;
ncm:22030000|p0001|2026-09-16T00:44:14Z|19;ncm:22030000;22030000;1;19;2026-09-16T00:44:14Z;PILAR;CERVEJA BREW DOG PUNK;5060154910216;https://cdn-cosmos.bluesoft.com.br/products/5060154910216;0.0;0.0;0.0;;;2014-04-24T11:07:34.000-03:00;2026-07-25T01:35:46.000-03:00;;;;0.0;0.0;1;COSMOS;https://cosmos.bluesoft.com.br/products/barcode/6C919C59A1802FBB62DC76C2940D6E30.png;;;10000159;Cerveja;22030000;Cervejas de malte.;Bebidas, líquidos alcoólicos e vinagres - Cervejas de malte.;;;;;;;;
ncm:22030000|p0001|2026-09-16T00:44:14Z|20;ncm:22030000;22030000;1;20;2026-09-16T00:44:14Z;PILAR;PILSNER | URQUELL BIERE BOUTEILLE VERRE 4.4 DEGRES BLONDE;8594404110127;https://cdn-cosmos.bluesoft.com.br/products/8594404110127;;;;;;2014-04-24T11:07:34.000-03:00;2026-08-05T04:45:44.000-03:00;;;;0.0;0.0;2;COSMOS;https://cosmos.bluesoft.com.br/products/barcode/7AFFE9DECBDF57528ED282CF453948BD.png;PILSENER URQUELL;/assets/brand-placeholder-7080174fbd24025783105a607811edad.png;10000159;Cerveja;22030000;Cervejas de malte.;Bebidas, líquidos alcoólicos e vinagres - Cervejas de malte.;;;;;;;;
ncm:22030000|p0001|2026-09-16T00:44:14Z|21;ncm:22030000;22030000;1;21;2026-09-16T00:44:14Z;PILAR;BUDWEISER BUDVAR;8594403110111;https://cdn-cosmos.bluesoft.com.br/products/8594403110111;0.0;0.0;0.0;;;2014-04-24T11:07:34.000-03:00;2026-08-11T13:05:26.000-03:00;;;;0.0;0.0;2;COSMOS;https://cosmos.bluesoft.com.br/products/barcode/31A9C860326763FAA264F28343886E5C.png;LENOVO;/assets/brand-placeholder-7080174fbd24025783105a607811edad.png;10000159;Cerveja;22030000;Cervejas de malte.;Bebidas, líquidos alcoólicos e vinagres - Cervejas de malte.;;141;Cervejas Tradicionais;203;;;;
ncm:22030000|p0001|2026-09-16T00:44:14Z|22;ncm:22030000;22030000;1;22;2026-09-16T00:44:14Z;PILAR;CERVEJA CARLSBERG L NECK;5601164162105;;0.0;0.0;0.0;;;2014-04-24T11:07:34.000-03:00;2026-07-25T01:51:02.000-03:00;;;;0.0;0.0;2;COSMOS;https://cosmos.bluesoft.com.br/products/barcode/7A65198257EE36E162C3E9075AD0642E.png;;;10000159;Cerveja;22030000;Cervejas de malte.;Bebidas, líquidos alcoólicos e vinagres - Cervejas de malte.;;141;Cervejas Tradicionais;203;;;;
ncm:22030000|p0001|2026-09-16T00:44:14Z|23;ncm:22030000;22030000;1;23;2026-09-16T00:44:14Z;PILAR;CERVEJA CERPA GOLD NATAL LT;7896388000021;;;;;;;2014-04-24T11:07:34.000-03:00;2026-07-30T11:25:41.000-03:00;;;;0.0;0.0;1;COSMOS;https://cosmos.bluesoft.com.br/products/barcode/976D9515F918FD61742E6C83F835989A.png;;;10000159;Cerveja;22030000;Cervejas de malte.;Bebidas, líquidos alcoólicos e vinagres - Cervejas de malte.;;;;;;;;
ncm:22030000|p0001|2026-09-16T00:44:14Z|24;ncm:22030000;22030000;1;24;2026-09-16T00:44:14Z;PILAR;CERVEJA CERPA TIJUCA PREMIO L NECK;78929203;https://cdn-cosmos.bluesoft.com.br/products/78929203;;;;;;2014-04-24T11:07:34.000-03:00;2026-05-14T11:17:36.000-03:00;;;;0.0;0.0;3;COSMOS;https://cosmos.bluesoft.com.br/products/barcode/C1AD871B285752D5CE5FE603AE65C95A.png;TIJUCA;/assets/brand-placeholder-7080174fbd24025783105a607811edad.png;10000159;Cerveja;22030000;Cervejas de malte.;Bebidas, líquidos alcoólicos e vinagres - Cervejas de malte.;;204;Cervejas Especiais;203;;;;
ncm:22030000|p0001|2026-09-16T00:44:14Z|25;ncm:22030000;22030000;1;25;2026-09-16T00:44:14Z;PILAR;CERVEJA BELGIAN ALE CHIMAY BLUE GARRAFA 330ML;5410908000036;https://cdn-cosmos.bluesoft.com.br/products/5410908000036;;;;;;2014-04-24T11:07:34.000-03:00;2026-07-25T01:42:13.000-03:00;;;;0.0;0.0;2;COSMOS;https://cosmos.bluesoft.com.br/products/barcode/CC54D9FFF19AEB7968A16B174D51DC79.png;CHIMAY;/assets/brand-placeholder-7080174fbd24025783105a607811edad.png;10000159;Cerveja;22030000;Cervejas de malte.;Bebidas, líquidos alcoólicos e vinagres - Cervejas de malte.;;141;Cervejas Tradicionais;203;;;;
ncm:22030000|p0001|2026-09-16T00:44:14Z|26;ncm:22030000;22030000;1;26;2026-09-16T00:44:14Z;PILAR;CERVEJA BROWN ALE CHIMAY RED GARRAFA 330ML;5410908000012;https://cdn-cosmos.bluesoft.com.br/products/5410908000012;;;;;;2014-04-24T11:07:34.000-03:00;2026-07-25T01:42:13.000-03:00;;;;0.0;0.0;2;COSMOS;https://cosmos.bluesoft.com.br/products/barcode/CC54D9FFF19AEB79FD9D987026F8E7BE.png;CHIMAY;/assets/brand-placeholder-7080174fbd24025783105a607811edad.png;10000159;Cerveja;22030000;Cervejas de malte.;Bebidas, líquidos alcoólicos e vinagres - Cervejas de malte.;;141;Cervejas Tradicionais;203;;;;
ncm:22030000|p0001|2026-09-16T00:44:14Z|27;ncm:22030000;22030000;1;27;2026-09-16T00:44:14Z;PILAR;CERVEJA TRIPLE ALE CHIMAY GARRAFA 330ML;5410908000029;https://cdn-cosmos.bluesoft.com.br/products/5410908000029;;;;;;2014-04-24T11:07:34.000-03:00;2026-07-25T01:42:13.000-03:00;;;;0.0;0.0;2;COSMOS;https://cosmos.bluesoft.com.br/products/barcode/CC54D9FFF19AEB79B41DEDED1737B316.png;CHIMAY;/assets/brand-placeholder-7080174fbd24025783105a607811edad.png;10000159;Cerveja;22030000;Cervejas de malte.;Bebidas, líquidos alcoólicos e vinagres - Cervejas de malte.;;141;Cervejas Tradicionais;203;;;;
ncm:22030000|p0001|2026-09-16T00:44:14Z|28;ncm:22030000;22030000;1;28;2026-09-16T00:44:14Z;PILAR;CERVEJA CLAUSTHALER CLASSIC S/ALCOOL;40534695;;0.0;0.0;0.0;;;2014-04-24T11:07:34.000-03:00;2026-08-19T00:34:00.000-03:00;;;;0.0;0.0;1;COSMOS;https://cosmos.bluesoft.com.br/products/barcode/8A484CD07C7ACAA051AE746ABDFBC075.png;;;10000159;Cerveja;22030000;Cervejas de malte.;Bebidas, líquidos alcoólicos e vinagres - Cervejas de malte.;;;;;;;;
ncm:22030000|p0001|2026-09-16T00:44:14Z|29;ncm:22030000;22030000;1;29;2026-09-16T00:44:14Z;PILAR;CERVEJA COLORADO TITAS;7898925943877;https://cdn-cosmos.bluesoft.com.br/products/7898925943877;;;;;;2014-04-24T11:07:34.000-03:00;2026-08-03T09:48:18.000-03:00;;;;0.0;0.0;1;COSMOS;https://cosmos.bluesoft.com.br/products/barcode/F8C793D928D7A34CD982454204B31027.png;;;10000159;Cerveja;22030000;Cervejas de malte.;Bebidas, líquidos alcoólicos e vinagres - Cervejas de malte.;;204;Cervejas Especiais;203;;;;
ncm:22030000|p0001|2026-09-16T00:44:14Z|30;ncm:22030000;22030000;1;30;2026-09-16T00:44:14Z;PILAR;CORONA EXTRA;75032715;;;;;;;2014-04-24T11:07:34.000-03:00;2026-07-29T02:04:09.000-03:00;;;;0.0;0.0;3;COSMOS;https://cosmos.bluesoft.com.br/products/barcode/46EDD00C5AF5D78666AFA71AE1ECE369.png;CORONA;/assets/brand-placeholder-7080174fbd24025783105a607811edad.png;10000159;Cerveja;22030000;Cervejas de malte.;Bebidas, líquidos alcoólicos e vinagres - Cervejas de malte.;;;;;;;;
ncm:22041010|p0001|2026-09-16T00:44:15Z|01;ncm:22041010;22041010;1;1;2026-09-16T00:44:15Z;PILAR;VINTAGE CHAMPAGNE 4 GIFT BASKET CHOICES 75 CL;3185370485095;https://cdn-cosmos.bluesoft.com.br/products/3185370485095;0.0;0.0;0.0;1;1;2014-04-24T11:07:34.000-03:00;2026-07-23T21:01:13.000-03:00;;;;0.0;0.0;1;COSMOS;https://cosmos.bluesoft.com.br/products/barcode/CF86A8FD0B38694E1D34B8D2E682A0FC.png;DOM PÉRIGNON;https://cdn-cosmos.bluesoft.com.br/brands/brand_dom-perignon;50000000;Alimentos / Bebidas / Tabaco;22041010;Tipo champanha (champagne);"Bebidas, líquidos alcoólicos e vinagres - Vinhos de uvas frescas, incluídos os vinhos enriquecidos com álcool; mostos de uvas, excluídos os da posição 2009 - Vinhos espumantes e vinhos espumosos - Tipo champanha (champagne)";;;;;;;;
ncm:22041010|p0001|2026-09-16T00:44:15Z|02;ncm:22041010;22041010;1;2;2026-09-16T00:44:15Z;PILAR;CHAMPAGNE HEIDSIEK M POMMERY;3256931113815;;0.0;0.0;0.0;;;2014-04-24T11:07:34.000-03:00;2026-07-23T21:04:47.000-03:00;;;;0.0;0.0;1;COSMOS;https://cosmos.bluesoft.com.br/products/barcode/9A43BE61AC6DB37AC4F9577F0CAA4C64.png;;;;;22041010;Tipo champanha (champagne);"Bebidas, líquidos alcoólicos e vinagres - Vinhos de uvas frescas, incluídos os vinhos enriquecidos com álcool; mostos de uvas, excluídos os da posição 2009 - Vinhos espumantes e vinhos espumosos - Tipo champanha (champagne)";;;;;;;;
ncm:22041010|p0001|2026-09-16T00:44:15Z|03;ncm:22041010;22041010;1;3;2026-09-16T00:44:15Z;PILAR;CHAMPAGNE FRANCÊS BRANCO BRUT MOËT & CHANDON IMPÉRIAL PINOT NOIR PINOT MEUNIER CHARDONNAY EPERNAY GARRAFA 750ML;3185370000335;https://cdn-cosmos.bluesoft.com.br/products/3185370000335;;;;;;2014-04-24T11:07:34.000-03:00;2026-07-23T21:01:06.000-03:00;;;;0.0;0.0;1;COSMOS;https://cosmos.bluesoft.com.br/products/barcode/4B9268F70A1928237EC0D22F99D901A4.png;MOËT & CHANDON;https://cdn-cosmos.bluesoft.com.br/brands/brand_moet-chandon;50000000;Alimentos / Bebidas / Tabaco;22041010;Tipo champanha (champagne);"Bebidas, líquidos alcoólicos e vinagres - Vinhos de uvas frescas, incluídos os vinhos enriquecidos com álcool; mostos de uvas, excluídos os da posição 2009 - Vinhos espumantes e vinhos espumosos - Tipo champanha (champagne)";;143;Espumante e Champanhe;140;;;;
ncm:22041010|p0001|2026-09-16T00:44:15Z|04;ncm:22041010;22041010;1;4;2026-09-16T00:44:15Z;PILAR;CHAMPAGNE FRANCÊS ROSÉ BRUT MOËT & CHANDON IMPÉRIAL PINOT NOIR PINOT MEUNIER CHARDONNAY EPERNAY GARRAFA 750ML;3185370074831;https://cdn-cosmos.bluesoft.com.br/products/3185370074831;;;;;;2014-04-24T11:07:34.000-03:00;2026-08-14T00:30:48.000-03:00;;;;0.0;0.0;2;COSMOS;https://cosmos.bluesoft.com.br/products/barcode/4B9268F70A192823EC1B9E212387FC8D.png;MOËT & CHANDON;https://cdn-cosmos.bluesoft.com.br/brands/brand_moet-chandon;;;22041010;Tipo champanha (champagne);"Bebidas, líquidos alcoólicos e vinagres - Vinhos de uvas frescas, incluídos os vinhos enriquecidos com álcool; mostos de uvas, excluídos os da posição 2009 - Vinhos espumantes e vinhos espumosos - Tipo champanha (champagne)";;;;;;;;
ncm:22041010|p0001|2026-09-16T00:44:15Z|05;ncm:22041010;22041010;1;5;2026-09-16T00:44:15Z;PILAR;CHAMPAGNE FRANCÊS BRANCO BRUT MUMM CORDON ROUGE PINOT NOIR REIMS GARRAFA 750ML;3043700103814;https://cdn-cosmos.bluesoft.com.br/products/3043700103814;;;;;;2014-04-24T11:07:34.000-03:00;2026-07-23T20:52:31.000-03:00;;;;0.0;0.0;1;COSMOS;https://cosmos.bluesoft.com.br/products/barcode/1E29032721449049931C8604372DE262.png;MUMM;https://cdn-cosmos.bluesoft.com.br/brands/brand_mumm;50000000;Alimentos / Bebidas / Tabaco;22041010;Tipo champanha (champagne);"Bebidas, líquidos alcoólicos e vinagres - Vinhos de uvas frescas, incluídos os vinhos enriquecidos com álcool; mostos de uvas, excluídos os da posição 2009 - Vinhos espumantes e vinhos espumosos - Tipo champanha (champagne)";;;;;;;;
ncm:22041010|p0001|2026-09-16T00:44:15Z|06;ncm:22041010;22041010;1;6;2026-09-16T00:44:15Z;PILAR;CHAMPAGNE VEUVE CLICQUOT PAINT BOX;3049614113314;;0.0;0.0;0.0;;;2014-04-24T11:07:34.000-03:00;2026-07-23T20:52:59.000-03:00;;;;0.0;0.0;1;COSMOS;https://cosmos.bluesoft.com.br/products/barcode/E28878B93B340221E9929E0364CDB5AB.png;;;;;22041010;Tipo champanha (champagne);"Bebidas, líquidos alcoólicos e vinagres - Vinhos de uvas frescas, incluídos os vinhos enriquecidos com álcool; mostos de uvas, excluídos os da posição 2009 - Vinhos espumantes e vinhos espumosos - Tipo champanha (champagne)";;;;;;;;
ncm:22041010|p0001|2026-09-16T00:44:15Z|07;ncm:22041010;22041010;1;7;2026-09-16T00:44:15Z;PILAR;CHAMPAGNE VEUVE CLICQUOT CLICQ UP BRUT;3049614114670;;0.0;0.0;0.0;;;2014-04-24T11:07:34.000-03:00;2026-08-15T02:16:16.000-03:00;;;;0.0;0.0;1;COSMOS;https://cosmos.bluesoft.com.br/products/barcode/E28878B93B3402213366CCCA01F07220.png;;;;;22041010;Tipo champanha (champagne);"Bebidas, líquidos alcoólicos e vinagres - Vinhos de uvas frescas, incluídos os vinhos enriquecidos com álcool; mostos de uvas, excluídos os da posição 2009 - Vinhos espumantes e vinhos espumosos - Tipo champanha (champagne)";;;;;;;;
ncm:22041010|p0001|2026-09-16T00:44:15Z|08;ncm:22041010;22041010;1;8;2026-09-16T00:44:15Z;PILAR;CHAMPAGNE VEUVE CLICQUOT PONSARDINE BRUT;3049614126918;https://cdn-cosmos.bluesoft.com.br/products/3049614126918;0.0;0.0;0.0;;;2014-04-24T11:07:34.000-03:00;2026-07-23T20:53:00.000-03:00;;;;0.0;0.0;1;COSMOS;https://cosmos.bluesoft.com.br/products/barcode/E28878B93B34022145C65E2B587F64D1.png;;;;;22041010;Tipo champanha (champagne);"Bebidas, líquidos alcoólicos e vinagres - Vinhos de uvas frescas, incluídos os vinhos enriquecidos com álcool; mostos de uvas, excluídos os da posição 2009 - Vinhos espumantes e vinhos espumosos - Tipo champanha (champagne)";;;;;;;;
ncm:22041010|p0001|2026-09-16T00:44:15Z|09;ncm:22041010;22041010;1;9;2026-09-16T00:44:15Z;PILAR;CHAMPAGNE FRANCÊS ROSÉ BRUT VEUVE CLICQUOT PINOT NOIR PINOT MEUNIER CHARDONNAY REIMS GARRAFA 750ML;3049614003417;https://cdn-cosmos.bluesoft.com.br/products/3049614003417;;;;;;2014-04-24T11:07:34.000-03:00;2026-08-13T00:33:51.000-03:00;;;;0.0;0.0;1;COSMOS;https://cosmos.bluesoft.com.br/products/barcode/9D3BC1A755B4CE316D4B654F25DCF922.png;VEUVE CLICQUOT;https://cdn-cosmos.bluesoft.com.br/brands/brand_veuve-clicquot;;;22041010;Tipo champanha (champagne);"Bebidas, líquidos alcoólicos e vinagres - Vinhos de uvas frescas, incluídos os vinhos enriquecidos com álcool; mostos de uvas, excluídos os da posição 2009 - Vinhos espumantes e vinhos espumosos - Tipo champanha (champagne)";;;;;;;;
ncm:22041010|p0001|2026-09-16T00:44:15Z|10;ncm:22041010;22041010;1;10;2026-09-16T00:44:15Z;PILAR;CHAMPAGNE VEUVE CLICQUOT SHOPPING BAG BRUT;3049614108471;https://cdn-cosmos.bluesoft.com.br/products/3049614108471;0.0;0.0;0.0;;;2014-04-24T11:07:34.000-03:00;2026-07-23T20:52:58.000-03:00;;;;0.0;0.0;1;COSMOS;https://cosmos.bluesoft.com.br/products/barcode/E28878B93B3402219BE63D83B5C07888.png;;;;;22041010;Tipo champanha (champagne);"Bebidas, líquidos alcoólicos e vinagres - Vinhos de uvas frescas, incluídos os vinhos enriquecidos com álcool; mostos de uvas, excluídos os da posição 2009 - Vinhos espumantes e vinhos espumosos - Tipo champanha (champagne)";;;;;;;;
ncm:22041010|p0001|2026-09-16T00:44:15Z|11;ncm:22041010;22041010;1;11;2026-09-16T00:44:15Z;PILAR;COGNAC REMY MARTIN FINE C/2 CP;3024480007578;;;;;;;2014-04-24T11:07:34.000-03:00;2026-07-23T20:51:13.000-03:00;;;;0.0;0.0;1;COSMOS;https://cosmos.bluesoft.com.br/products/barcode/B21B1143D907EFBF6992FF3D03208CBE.png;;;;;22041010;Tipo champanha (champagne);"Bebidas, líquidos alcoólicos e vinagres - Vinhos de uvas frescas, incluídos os vinhos enriquecidos com álcool; mostos de uvas, excluídos os da posição 2009 - Vinhos espumantes e vinhos espumosos - Tipo champanha (champagne)";;;;;;;;
ncm:22041010|p0001|2026-09-16T00:44:15Z|12;ncm:22041010;22041010;1;12;2026-09-16T00:44:15Z;PILAR;ESPUM ESP CRISTALINO BRUT;8411277400417;https://cdn-cosmos.bluesoft.com.br/products/8411277400417;;;;;;2014-04-24T11:07:34.000-03:00;2026-09-03T11:02:07.000-03:00;;;;0.0;0.0;3;COSMOS;https://cosmos.bluesoft.com.br/products/barcode/68143E969CCA4CF88D21160996549DFE.png;;;;;22041010;Tipo champanha (champagne);"Bebidas, líquidos alcoólicos e vinagres - Vinhos de uvas frescas, incluídos os vinhos enriquecidos com álcool; mostos de uvas, excluídos os da posição 2009 - Vinhos espumantes e vinhos espumosos - Tipo champanha (champagne)";;;;;;;;
ncm:22041010|p0001|2026-09-16T00:44:15Z|13;ncm:22041010;22041010;1;13;2026-09-16T00:44:15Z;PILAR;ESPUM NAC ALTO VALE DEMI-SEC;7898276970867;https://cdn-cosmos.bluesoft.com.br/products/7898276970867;19.9898;11.9888;19.9898;4000;4000;2014-04-24T11:07:34.000-03:00;2026-08-02T06:29:34.000-03:00;;;;0.0;0.0;1;COSMOS;https://cosmos.bluesoft.com.br/products/barcode/E46AA83F1FA25178A52326C923D3BBB1.png;MAGNUM;https://cdn-cosmos.bluesoft.com.br/brands/brand_magnum;;;22041010;Tipo champanha (champagne);"Bebidas, líquidos alcoólicos e vinagres - Vinhos de uvas frescas, incluídos os vinhos enriquecidos com álcool; mostos de uvas, excluídos os da posição 2009 - Vinhos espumantes e vinhos espumosos - Tipo champanha (champagne)";;;;;;;;
ncm:22041010|p0001|2026-09-16T00:44:15Z|14;ncm:22041010;22041010;1;14;2026-09-16T00:44:15Z;PILAR;ESPUM NAC ALTO VALE PROSECCO;7898932685203;https://cdn-cosmos.bluesoft.com.br/products/7898932685203;;;;;;2014-04-24T11:07:34.000-03:00;2026-08-03T10:30:16.000-03:00;;;;0.0;0.0;1;COSMOS;https://cosmos.bluesoft.com.br/products/barcode/A554BBA8B323F9974377CF1EB03AE01C.png;MAGNUM;https://cdn-cosmos.bluesoft.com.br/brands/brand_magnum;;;22041010;Tipo champanha (champagne);"Bebidas, líquidos alcoólicos e vinagres - Vinhos de uvas frescas, incluídos os vinhos enriquecidos com álcool; mostos de uvas, excluídos os da posição 2009 - Vinhos espumantes e vinhos espumosos - Tipo champanha (champagne)";;;;;;;;
ncm:22041010|p0001|2026-09-16T00:44:15Z|15;ncm:22041010;22041010;1;15;2026-09-16T00:44:15Z;PILAR;ESPUMANTE CASA VALDUGA 130 BRUT;7898276970072;https://cdn-cosmos.bluesoft.com.br/products/7898276970072;;;;;;2014-04-24T11:07:34.000-03:00;2026-08-02T06:29:26.000-03:00;;;;0.0;0.0;2;COSMOS;https://cosmos.bluesoft.com.br/products/barcode/E46AA83F1FA25178628525DC54CACB79.png;;;;;22041010;Tipo champanha (champagne);"Bebidas, líquidos alcoólicos e vinagres - Vinhos de uvas frescas, incluídos os vinhos enriquecidos com álcool; mostos de uvas, excluídos os da posição 2009 - Vinhos espumantes e vinhos espumosos - Tipo champanha (champagne)";;143;Espumante e Champanhe;140;;;;
ncm:22041010|p0001|2026-09-16T00:44:15Z|16;ncm:22041010;22041010;1;16;2026-09-16T00:44:15Z;PILAR;ESPUM NAC CASA VALDUGA ARTE TRADICIONAL DEMI-SEC;7898276971017;https://cdn-cosmos.bluesoft.com.br/products/7898276971017;;;;;;2014-04-24T11:07:34.000-03:00;2026-09-14T07:02:27.000-03:00;;;;0.0;0.0;1;COSMOS;https://cosmos.bluesoft.com.br/products/barcode/E46AA83F1FA25178EE41BE47B06D418D.png;CASA VALDUGA;/assets/brand-placeholder-7080174fbd24025783105a607811edad.png;;;22041010;Tipo champanha (champagne);"Bebidas, líquidos alcoólicos e vinagres - Vinhos de uvas frescas, incluídos os vinhos enriquecidos com álcool; mostos de uvas, excluídos os da posição 2009 - Vinhos espumantes e vinhos espumosos - Tipo champanha (champagne)";;143;Espumante e Champanhe;140;;;;
ncm:22041010|p0001|2026-09-16T00:44:15Z|17;ncm:22041010;22041010;1;17;2026-09-16T00:44:15Z;PILAR;ESPUMANTE BRASILEIRO BRANCO BRUT RESERVA CASA VALDUGA CHARDONNAY PINOT NOIR VALE DOS VINHEDOS GARRAFA 750ML;7898276970164;https://cdn-cosmos.bluesoft.com.br/products/7898276970164;;;;;;2014-04-24T11:07:34.000-03:00;2026-08-02T06:29:28.000-03:00;;;;0.0;0.0;1;COSMOS;https://cosmos.bluesoft.com.br/products/barcode/E46AA83F1FA2517809B441A8B648E7F4.png;CASA VALDUGA;/assets/brand-placeholder-7080174fbd24025783105a607811edad.png;;;22041010;Tipo champanha (champagne);"Bebidas, líquidos alcoólicos e vinagres - Vinhos de uvas frescas, incluídos os vinhos enriquecidos com álcool; mostos de uvas, excluídos os da posição 2009 - Vinhos espumantes e vinhos espumosos - Tipo champanha (champagne)";;143;Espumante e Champanhe;140;;;;
ncm:22041010|p0001|2026-09-16T00:44:15Z|18;ncm:22041010;22041010;1;18;2026-09-16T00:44:15Z;PILAR;ESPUMANTE BRASILEIRO BRANCO BRUT RESERVE CHANDON SERRA GAÚCHA GARRAFA 187ML;7891083611411;https://cdn-cosmos.bluesoft.com.br/products/7891083611411;;;;;;2014-04-24T11:07:34.000-03:00;2026-09-14T09:00:28.000-03:00;;;;0.0;0.0;2;COSMOS;https://cosmos.bluesoft.com.br/products/barcode/371CA4E1367CEE3355B9F4C04AD0075C.png;CHANDON;https://cdn-cosmos.bluesoft.com.br/brands/brand_chandon;;;22041010;Tipo champanha (champagne);"Bebidas, líquidos alcoólicos e vinagres - Vinhos de uvas frescas, incluídos os vinhos enriquecidos com álcool; mostos de uvas, excluídos os da posição 2009 - Vinhos espumantes e vinhos espumosos - Tipo champanha (champagne)";;143;Espumante e Champanhe;140;;;;
ncm:22041010|p0001|2026-09-16T00:44:15Z|19;ncm:22041010;22041010;1;19;2026-09-16T00:44:15Z;PILAR;ESPUMANTE BRASILEIRO BRANCO DEMI-SEC RICHE CHANDON PINOT NOIR RIESLING ITÁLICO CHARDONNAY SERRA GAÚCHA GARRAFA 187ML;7891083611435;https://cdn-cosmos.bluesoft.com.br/products/7891083611435;;;;;;2014-04-24T11:07:34.000-03:00;2026-09-15T08:19:51.000-03:00;;;;0.0;0.0;2;COSMOS;https://cosmos.bluesoft.com.br/products/barcode/371CA4E1367CEE33E3429A134159054A.png;CHANDON;https://cdn-cosmos.bluesoft.com.br/brands/brand_chandon;;;22041010;Tipo champanha (champagne);"Bebidas, líquidos alcoólicos e vinagres - Vinhos de uvas frescas, incluídos os vinhos enriquecidos com álcool; mostos de uvas, excluídos os da posição 2009 - Vinhos espumantes e vinhos espumosos - Tipo champanha (champagne)";;143;Espumante e Champanhe;140;;;;
ncm:22041010|p0001|2026-09-16T00:44:15Z|20;ncm:22041010;22041010;1;20;2026-09-16T00:44:15Z;PILAR;ESPUMANTE BRASILEIRO ROSÉ BRUT CHANDON SERRA GAÚCHA GARRAFA 187ML;7891083611442;https://cdn-cosmos.bluesoft.com.br/products/7891083611442;;;;;;2014-04-24T11:07:34.000-03:00;2026-08-18T09:01:39.000-03:00;;;;0.0;0.0;1;COSMOS;https://cosmos.bluesoft.com.br/products/barcode/371CA4E1367CEE33B2222710BA3C4891.png;CHANDON;https://cdn-cosmos.bluesoft.com.br/brands/brand_chandon;;;22041010;Tipo champanha (champagne);"Bebidas, líquidos alcoólicos e vinagres - Vinhos de uvas frescas, incluídos os vinhos enriquecidos com álcool; mostos de uvas, excluídos os da posição 2009 - Vinhos espumantes e vinhos espumosos - Tipo champanha (champagne)";;143;Espumante e Champanhe;140;;;;
ncm:22041010|p0001|2026-09-16T00:44:15Z|21;ncm:22041010;22041010;1;21;2026-09-16T00:44:15Z;PILAR;ESPUMANTE BRASILEIRO BRANCO BRUT FAUSTO SERRA GAÚCHA GARRAFA 750ML;7898266930529;https://cdn-cosmos.bluesoft.com.br/products/7898266930529;;;;;;2014-04-24T11:07:34.000-03:00;2026-08-02T06:13:38.000-03:00;;;;0.0;0.0;1;COSMOS;https://cosmos.bluesoft.com.br/products/barcode/AA4CC5173E87E0E893D57D76AD4975B3.png;PIZZATO;/assets/brand-placeholder-7080174fbd24025783105a607811edad.png;;;22041010;Tipo champanha (champagne);"Bebidas, líquidos alcoólicos e vinagres - Vinhos de uvas frescas, incluídos os vinhos enriquecidos com álcool; mostos de uvas, excluídos os da posição 2009 - Vinhos espumantes e vinhos espumosos - Tipo champanha (champagne)";;143;Espumante e Champanhe;140;;;;
ncm:22041010|p0001|2026-09-16T00:44:15Z|22;ncm:22041010;22041010;1;22;2026-09-16T00:44:15Z;PILAR;ESPUMANTE BRASILEIRO BRANCO DEMI-SEC FAUSTO SERRA GAÚCHA GARRAFA 750ML;7898266930598;https://cdn-cosmos.bluesoft.com.br/products/7898266930598;;;;;;2014-04-24T11:07:34.000-03:00;2026-08-02T06:13:39.000-03:00;;;;0.0;0.0;2;COSMOS;https://cosmos.bluesoft.com.br/products/barcode/AA4CC5173E87E0E8E053ED6BC6E53059.png;PIZZATO;/assets/brand-placeholder-7080174fbd24025783105a607811edad.png;;;22041010;Tipo champanha (champagne);"Bebidas, líquidos alcoólicos e vinagres - Vinhos de uvas frescas, incluídos os vinhos enriquecidos com álcool; mostos de uvas, excluídos os da posição 2009 - Vinhos espumantes e vinhos espumosos - Tipo champanha (champagne)";;143;Espumante e Champanhe;140;;;;
ncm:22041010|p0001|2026-09-16T00:44:15Z|23;ncm:22041010;22041010;1;23;2026-09-16T00:44:15Z;PILAR;ESPUMANTE BRASILEIRO BRANCO DEMI-SEC PRIMÍCIAS SERRA GAÚCHA GARRAFA 660ML;7896034300253;https://cdn-cosmos.bluesoft.com.br/products/7896034300253;;;;;;2014-04-24T11:07:34.000-03:00;2026-08-30T10:23:05.000-03:00;;;;0.0;0.0;2;COSMOS;https://cosmos.bluesoft.com.br/products/barcode/52EB911C31E39181B5E6D91829C287DA.png;GARIBALDI;/assets/brand-placeholder-7080174fbd24025783105a607811edad.png;;;22041010;Tipo champanha (champagne);"Bebidas, líquidos alcoólicos e vinagres - Vinhos de uvas frescas, incluídos os vinhos enriquecidos com álcool; mostos de uvas, excluídos os da posição 2009 - Vinhos espumantes e vinhos espumosos - Tipo champanha (champagne)";;143;Espumante e Champanhe;140;1828;0202400;"Vinhos de uvas frescas, incluindo os vinhos enriquecidos com álcool; mostos de uvas";1656
ncm:22041010|p0001|2026-09-16T00:44:15Z|24;ncm:22041010;22041010;1;24;2026-09-16T00:44:15Z;PILAR;ESPUM NAC GEORGES AUBERT MOSCATEL;758442031761;;;;;;;2014-04-24T11:07:34.000-03:00;2024-08-13T01:33:31.000-03:00;;;;0.0;0.0;2;COSMOS;https://cosmos.bluesoft.com.br/products/barcode/33A3F538BCD904BDA7B0FCD6709C2589.png;;;;;22041010;Tipo champanha (champagne);"Bebidas, líquidos alcoólicos e vinagres - Vinhos de uvas frescas, incluídos os vinhos enriquecidos com álcool; mostos de uvas, excluídos os da posição 2009 - Vinhos espumantes e vinhos espumosos - Tipo champanha (champagne)";;;;;;;;
ncm:22041010|p0001|2026-09-16T00:44:15Z|25;ncm:22041010;22041010;1;25;2026-09-16T00:44:15Z;PILAR;ESPUM NAC PONTO NERO ROSE BRUT;7898932685036;https://cdn-cosmos.bluesoft.com.br/products/7898932685036;;;;;;2014-04-24T11:07:34.000-03:00;2026-08-03T10:30:15.000-03:00;;;;0.0;0.0;2;COSMOS;https://cosmos.bluesoft.com.br/products/barcode/A554BBA8B323F997812D59CD0C6EC699.png;NERO;/assets/brand-placeholder-7080174fbd24025783105a607811edad.png;;;22041010;Tipo champanha (champagne);"Bebidas, líquidos alcoólicos e vinagres - Vinhos de uvas frescas, incluídos os vinhos enriquecidos com álcool; mostos de uvas, excluídos os da posição 2009 - Vinhos espumantes e vinhos espumosos - Tipo champanha (champagne)";;143;Espumante e Champanhe;140;;;;
ncm:22041010|p0001|2026-09-16T00:44:15Z|26;ncm:22041010;22041010;1;26;2026-09-16T00:44:15Z;PILAR;FILTRADO GOTAS CRISTAL BRANCO;7896034300208;;;;;;;2014-04-24T11:07:34.000-03:00;2026-07-30T04:05:14.000-03:00;;;;0.0;0.0;1;COSMOS;https://cosmos.bluesoft.com.br/products/barcode/52EB911C31E391811F5A6F2AE7F3C7BE.png;;;;;22041010;Tipo champanha (champagne);"Bebidas, líquidos alcoólicos e vinagres - Vinhos de uvas frescas, incluídos os vinhos enriquecidos com álcool; mostos de uvas, excluídos os da posição 2009 - Vinhos espumantes e vinhos espumosos - Tipo champanha (champagne)";;;;;;;;
ncm:22041010|p0001|2026-09-16T00:44:15Z|27;ncm:22041010;22041010;1;27;2026-09-16T00:44:15Z;PILAR;FILTRADO GOTAS CRISTAL ROSE;7896034301267;;;;;;;2014-04-24T11:07:34.000-03:00;2026-07-30T04:05:27.000-03:00;;;;0.0;0.0;1;COSMOS;https://cosmos.bluesoft.com.br/products/barcode/52EB911C31E391812C423F7619444B44.png;;;;;22041010;Tipo champanha (champagne);"Bebidas, líquidos alcoólicos e vinagres - Vinhos de uvas frescas, incluídos os vinhos enriquecidos com álcool; mostos de uvas, excluídos os da posição 2009 - Vinhos espumantes e vinhos espumosos - Tipo champanha (champagne)";;;;;;;;
ncm:22041010|p0001|2026-09-16T00:44:15Z|28;ncm:22041010;22041010;1;28;2026-09-16T00:44:15Z;PILAR;FILTRADO PIGENTINI SURP BRANCO;7896028200217;;;;;;;2014-04-24T11:07:34.000-03:00;2026-07-30T03:41:25.000-03:00;;;;0.0;0.0;1;COSMOS;https://cosmos.bluesoft.com.br/products/barcode/2153AA059CB8550CD5BBC75CC601CCA2.png;;;;;22041010;Tipo champanha (champagne);"Bebidas, líquidos alcoólicos e vinagres - Vinhos de uvas frescas, incluídos os vinhos enriquecidos com álcool; mostos de uvas, excluídos os da posição 2009 - Vinhos espumantes e vinhos espumosos - Tipo champanha (champagne)";;;;;;;;
ncm:22041010|p0001|2026-09-16T00:44:15Z|29;ncm:22041010;22041010;1;29;2026-09-16T00:44:15Z;PILAR;KIT CHAMP MOET CHANDON ROSE;3185370473320;;0.0;0.0;0.0;;;2014-04-24T11:07:34.000-03:00;2026-07-23T21:01:12.000-03:00;;;;0.0;0.0;1;COSMOS;https://cosmos.bluesoft.com.br/products/barcode/CF86A8FD0B38694E91281E7895CECF6F.png;;;;;22041010;Tipo champanha (champagne);"Bebidas, líquidos alcoólicos e vinagres - Vinhos de uvas frescas, incluídos os vinhos enriquecidos com álcool; mostos de uvas, excluídos os da posição 2009 - Vinhos espumantes e vinhos espumosos - Tipo champanha (champagne)";;;;;;;;
ncm:22041010|p0001|2026-09-16T00:44:15Z|30;ncm:22041010;22041010;1;30;2026-09-16T00:44:15Z;PILAR;VINHO BRANCO JACOBS CREEK CHARDONNAY;9300727406453;https://cdn-cosmos.bluesoft.com.br/products/9300727406453;;;;;;2014-04-24T11:07:34.000-03:00;2026-08-07T12:06:13.000-03:00;;;;0.0;0.0;3;COSMOS;https://cosmos.bluesoft.com.br/products/barcode/6D9295045D501EB41A41B646F1D0B0C4.png;;;;;22041010;Tipo champanha (champagne);"Bebidas, líquidos alcoólicos e vinagres - Vinhos de uvas frescas, incluídos os vinhos enriquecidos com álcool; mostos de uvas, excluídos os da posição 2009 - Vinhos espumantes e vinhos espumosos - Tipo champanha (champagne)";;74;Vinhos;65;;;;
ncm:22041090|p0001|2026-09-16T00:44:16Z|01;ncm:22041090;22041090;1;1;2026-09-16T00:44:16Z;PILAR;FREIXENET CORDON NEGRO|200|CHAMPAGNE;8410036009298;https://cdn-cosmos.bluesoft.com.br/products/8410036009298;;;;;;2014-04-24T11:07:34.000-03:00;2026-08-05T04:20:02.000-03:00;;;;0.0;0.0;3;COSMOS;https://cosmos.bluesoft.com.br/products/barcode/FB0AFF4D30BA7EE922BD6A69B54CBA10.png;;;;;22041090;Outros;"Bebidas, líquidos alcoólicos e vinagres - Vinhos de uvas frescas, incluídos os vinhos enriquecidos com álcool; mostos de uvas, excluídos os da posição 2009 - Vinhos espumantes e vinhos espumosos - Outros";;143;Espumante e Champanhe;140;;;;
ncm:22041090|p0001|2026-09-16T00:44:16Z|02;ncm:22041090;22041090;1;2;2026-09-16T00:44:16Z;PILAR;CHAMPAGNE FREIXENET BABY C NEVADA;8410036006297;https://cdn-cosmos.bluesoft.com.br/products/8410036006297;;;;;;2014-04-24T11:07:34.000-03:00;2026-08-05T04:20:01.000-03:00;;;;0.0;0.0;2;COSMOS;https://cosmos.bluesoft.com.br/products/barcode/FB0AFF4D30BA7EE9BAC36B43372A0132.png;FREIXENET;/assets/brand-placeholder-7080174fbd24025783105a607811edad.png;;;22041090;Outros;"Bebidas, líquidos alcoólicos e vinagres - Vinhos de uvas frescas, incluídos os vinhos enriquecidos com álcool; mostos de uvas, excluídos os da posição 2009 - Vinhos espumantes e vinhos espumosos - Outros";;143;Espumante e Champanhe;140;;;;
ncm:22041090|p0001|2026-09-16T00:44:16Z|03;ncm:22041090;22041090;1;3;2026-09-16T00:44:16Z;PILAR;ESPUMANTE ARGENTINO BRANCO BRUT MARÍA CODORNÍU CHARDONNAY PINOT NOIR MENDOZA GARRAFA 750ML;7798078236317;https://cdn-cosmos.bluesoft.com.br/products/7798078236317;;;;;;2014-04-24T11:07:34.000-03:00;2026-07-25T03:45:15.000-03:00;;;;0.0;0.0;2;COSMOS;https://cosmos.bluesoft.com.br/products/barcode/96E483AF6A984E90531153D1BC9533FF.png;MARÍA CODORNÍU;/assets/brand-placeholder-7080174fbd24025783105a607811edad.png;;;22041090;Outros;"Bebidas, líquidos alcoólicos e vinagres - Vinhos de uvas frescas, incluídos os vinhos enriquecidos com álcool; mostos de uvas, excluídos os da posição 2009 - Vinhos espumantes e vinhos espumosos - Outros";;143;Espumante e Champanhe;140;;;;
ncm:22041090|p0001|2026-09-16T00:44:16Z|04;ncm:22041090;22041090;1;4;2026-09-16T00:44:16Z;PILAR;ESPUM ARG LUXOS DEMI SEC;7790497690053;;0.0;0.0;0.0;;;2014-04-24T11:07:34.000-03:00;2026-07-25T03:30:47.000-03:00;;;;0.0;0.0;1;COSMOS;https://cosmos.bluesoft.com.br/products/barcode/05EAAAC90128DF17811F2BE1B7F80790.png;;;;;22041090;Outros;"Bebidas, líquidos alcoólicos e vinagres - Vinhos de uvas frescas, incluídos os vinhos enriquecidos com álcool; mostos de uvas, excluídos os da posição 2009 - Vinhos espumantes e vinhos espumosos - Outros";;;;;;;;
ncm:22041090|p0001|2026-09-16T00:44:16Z|05;ncm:22041090;22041090;1;5;2026-09-16T00:44:16Z;PILAR;ESPUMANTE ARGENTINO BRANCO BRUT CUVÉE RÉSERVE MUMM CHARDONNAY PINOT NOIR MENDOZA GARRAFA 750ML;7791560040058;https://cdn-cosmos.bluesoft.com.br/products/7791560040058;;;;;;2014-04-24T11:07:34.000-03:00;2026-07-25T03:35:55.000-03:00;;;;0.0;0.0;2;COSMOS;https://cosmos.bluesoft.com.br/products/barcode/6BB0D4B07C03338E4787D17D0E91DF63.png;MUMM;https://cdn-cosmos.bluesoft.com.br/brands/brand_mumm;;;22041090;Outros;"Bebidas, líquidos alcoólicos e vinagres - Vinhos de uvas frescas, incluídos os vinhos enriquecidos com álcool; mostos de uvas, excluídos os da posição 2009 - Vinhos espumantes e vinhos espumosos - Outros";;143;Espumante e Champanhe;140;;;;
ncm:22041090|p0001|2026-09-16T00:44:16Z|06;ncm:22041090;22041090;1;6;2026-09-16T00:44:16Z;PILAR;ESPUM ARG NORTON BRUT ROSE;7792319969149;;;;;;;2014-04-24T11:07:34.000-03:00;2026-07-25T03:37:45.000-03:00;;;;0.0;0.0;1;COSMOS;https://cosmos.bluesoft.com.br/products/barcode/32BB58163E3DE91D87A78D086CFBC6EE.png;;;;;22041090;Outros;"Bebidas, líquidos alcoólicos e vinagres - Vinhos de uvas frescas, incluídos os vinhos enriquecidos com álcool; mostos de uvas, excluídos os da posição 2009 - Vinhos espumantes e vinhos espumosos - Outros";;;;;;;;
ncm:22041090|p0001|2026-09-16T00:44:16Z|07;ncm:22041090;22041090;1;7;2026-09-16T00:44:16Z;PILAR;ESPUM ARG NORTON DEMI SEC;7792319675804;;;;;;;2014-04-24T11:07:34.000-03:00;2026-07-25T03:37:42.000-03:00;;;;0.0;0.0;1;COSMOS;https://cosmos.bluesoft.com.br/products/barcode/AC0A18D299443F330D08CC47307FD65F.png;;;;;22041090;Outros;"Bebidas, líquidos alcoólicos e vinagres - Vinhos de uvas frescas, incluídos os vinhos enriquecidos com álcool; mostos de uvas, excluídos os da posição 2009 - Vinhos espumantes e vinhos espumosos - Outros";;;;;;;;
ncm:22041090|p0001|2026-09-16T00:44:16Z|08;ncm:22041090;22041090;1;8;2026-09-16T00:44:16Z;PILAR;ESPUM ARG TOSO BRUT;7791670015366;;;;;;;2014-04-24T11:07:34.000-03:00;2026-07-25T03:36:07.000-03:00;;;;0.0;0.0;2;COSMOS;https://cosmos.bluesoft.com.br/products/barcode/B46A8298C1A4C5776920E1084D55CCB8.png;;;;;22041090;Outros;"Bebidas, líquidos alcoólicos e vinagres - Vinhos de uvas frescas, incluídos os vinhos enriquecidos com álcool; mostos de uvas, excluídos os da posição 2009 - Vinhos espumantes e vinhos espumosos - Outros";;;;;;;;
ncm:22041090|p0001|2026-09-16T00:44:16Z|09;ncm:22041090;22041090;1;9;2026-09-16T00:44:16Z;PILAR;ESPUM ARG TOSO DEMI SEC;7791670015052;;0.0;0.0;0.0;;;2014-04-24T11:07:34.000-03:00;2026-07-25T03:36:07.000-03:00;;;;0.0;0.0;2;COSMOS;https://cosmos.bluesoft.com.br/products/barcode/B46A8298C1A4C577E4E50AC7E8B0BD98.png;;;;;22041090;Outros;"Bebidas, líquidos alcoólicos e vinagres - Vinhos de uvas frescas, incluídos os vinhos enriquecidos com álcool; mostos de uvas, excluídos os da posição 2009 - Vinhos espumantes e vinhos espumosos - Outros";;;;;;;;
ncm:22041090|p0001|2026-09-16T00:44:16Z|10;ncm:22041090;22041090;1;10;2026-09-16T00:44:16Z;PILAR;ESPUM ARG TOSO EXTRA PINOT NOIR;7791670023088;;0.0;0.0;0.0;;;2014-04-24T11:07:34.000-03:00;2026-07-25T03:36:10.000-03:00;;;;0.0;0.0;1;COSMOS;https://cosmos.bluesoft.com.br/products/barcode/B46A8298C1A4C5779EA9B535A030A541.png;;;;;22041090;Outros;"Bebidas, líquidos alcoólicos e vinagres - Vinhos de uvas frescas, incluídos os vinhos enriquecidos com álcool; mostos de uvas, excluídos os da posição 2009 - Vinhos espumantes e vinhos espumosos - Outros";;;;;;;;
ncm:22041090|p0001|2026-09-16T00:44:16Z|11;ncm:22041090;22041090;1;11;2026-09-16T00:44:16Z;PILAR;ESPUM ARG TOURNEE FREIXENET;7796626000946;;;;;;;2014-04-24T11:07:34.000-03:00;2026-07-25T03:41:55.000-03:00;;;;0.0;0.0;1;COSMOS;https://cosmos.bluesoft.com.br/products/barcode/C66D657BCD610C13B30D20C8A5B40AE4.png;;;;;22041090;Outros;"Bebidas, líquidos alcoólicos e vinagres - Vinhos de uvas frescas, incluídos os vinhos enriquecidos com álcool; mostos de uvas, excluídos os da posição 2009 - Vinhos espumantes e vinhos espumosos - Outros";;;;;;;;
ncm:22041090|p0001|2026-09-16T00:44:16Z|12;ncm:22041090;22041090;1;12;2026-09-16T00:44:16Z;PILAR;ESPUM ARG TRAPICHE EXTRA BRUT;7790240041484;;;;;;;2014-04-24T11:07:34.000-03:00;2026-07-25T03:29:29.000-03:00;;;;0.0;0.0;2;COSMOS;https://cosmos.bluesoft.com.br/products/barcode/4B7864502ECB40DC8CFEAF6AD9C8136D.png;;;;;22041090;Outros;"Bebidas, líquidos alcoólicos e vinagres - Vinhos de uvas frescas, incluídos os vinhos enriquecidos com álcool; mostos de uvas, excluídos os da posição 2009 - Vinhos espumantes e vinhos espumosos - Outros";;;;;;;;
ncm:22041090|p0001|2026-09-16T00:44:16Z|13;ncm:22041090;22041090;1;13;2026-09-16T00:44:16Z;PILAR;ESPUM CHIL CAS DEL DIABLO SPARKLIN;7804320339320;;;;;;;2014-04-24T11:07:34.000-03:00;2026-07-25T03:56:32.000-03:00;;;;0.0;0.0;1;COSMOS;https://cosmos.bluesoft.com.br/products/barcode/50D01733F0207A8B01A7CB0B95AABAB3.png;;;;;22041090;Outros;"Bebidas, líquidos alcoólicos e vinagres - Vinhos de uvas frescas, incluídos os vinhos enriquecidos com álcool; mostos de uvas, excluídos os da posição 2009 - Vinhos espumantes e vinhos espumosos - Outros";;;;;;;;
ncm:22041090|p0001|2026-09-16T00:44:16Z|14;ncm:22041090;22041090;1;14;2026-09-16T00:44:16Z;PILAR;ESPUM CHIL TARAPACA BRUT;7804340500038;;;;;;;2014-04-24T11:07:34.000-03:00;2026-07-25T03:57:58.000-03:00;;;;0.0;0.0;1;COSMOS;https://cosmos.bluesoft.com.br/products/barcode/EBC4714A88DAB7A12862F5D671B63E38.png;;;;;22041090;Outros;"Bebidas, líquidos alcoólicos e vinagres - Vinhos de uvas frescas, incluídos os vinhos enriquecidos com álcool; mostos de uvas, excluídos os da posição 2009 - Vinhos espumantes e vinhos espumosos - Outros";;;;;;;;
ncm:22041090|p0001|2026-09-16T00:44:16Z|15;ncm:22041090;22041090;1;15;2026-09-16T00:44:16Z;PILAR;ESPUM ESP CODORNIU CUVEE DE RAVEN;8410013990571;;;;;;;2014-04-24T11:07:34.000-03:00;2026-08-05T04:19:43.000-03:00;;;;0.0;0.0;2;COSMOS;https://cosmos.bluesoft.com.br/products/barcode/0A406E2A66FB91D2622424FE74A107D1.png;;;;;22041090;Outros;"Bebidas, líquidos alcoólicos e vinagres - Vinhos de uvas frescas, incluídos os vinhos enriquecidos com álcool; mostos de uvas, excluídos os da posição 2009 - Vinhos espumantes e vinhos espumosos - Outros";;;;;;;;
ncm:22041090|p0001|2026-09-16T00:44:16Z|16;ncm:22041090;22041090;1;16;2026-09-16T00:44:16Z;PILAR;BRUT ROSÉ CODORNIU ESPUMANTE PINOT NOIR;8410013993626;https://cdn-cosmos.bluesoft.com.br/products/8410013993626;;;;;;2014-04-24T11:07:34.000-03:00;2026-08-05T04:19:43.000-03:00;;;;0.0;0.0;2;COSMOS;https://cosmos.bluesoft.com.br/products/barcode/0A406E2A66FB91D2B45510CE9EBCBB88.png;CODORNIU;/assets/brand-placeholder-7080174fbd24025783105a607811edad.png;;;22041090;Outros;"Bebidas, líquidos alcoólicos e vinagres - Vinhos de uvas frescas, incluídos os vinhos enriquecidos com álcool; mostos de uvas, excluídos os da posição 2009 - Vinhos espumantes e vinhos espumosos - Outros";;143;Espumante e Champanhe;140;;;;
ncm:22041090|p0001|2026-09-16T00:44:16Z|17;ncm:22041090;22041090;1;17;2026-09-16T00:44:16Z;PILAR;ESPUM ESP CRISTALINO BRUT ROSE;8411277400318;https://cdn-cosmos.bluesoft.com.br/products/8411277400318;;;;;;2014-04-24T11:07:34.000-03:00;2026-08-05T04:26:08.000-03:00;;;;0.0;0.0;2;COSMOS;https://cosmos.bluesoft.com.br/products/barcode/68143E969CCA4CF8D8C338A33FEE70A3.png;;;;;22041090;Outros;"Bebidas, líquidos alcoólicos e vinagres - Vinhos de uvas frescas, incluídos os vinhos enriquecidos com álcool; mostos de uvas, excluídos os da posição 2009 - Vinhos espumantes e vinhos espumosos - Outros";;;;;;;;
ncm:22041090|p0001|2026-09-16T00:44:16Z|18;ncm:22041090;22041090;1;18;2026-09-16T00:44:16Z;PILAR;CAVA ESPANHOL ROSÉ BRUT GRAN SELECCIÓN CORDON ROSADO FREIXENET GARNACHA TREPAT GARRAFA 750ML;8410036001094;https://cdn-cosmos.bluesoft.com.br/products/8410036001094;;;;;;2014-04-24T11:07:34.000-03:00;2026-08-05T04:20:00.000-03:00;;;;0.0;0.0;2;COSMOS;https://cosmos.bluesoft.com.br/products/barcode/FB0AFF4D30BA7EE9C883746867DA2037.png;FREIXENET;/assets/brand-placeholder-7080174fbd24025783105a607811edad.png;;;22041090;Outros;"Bebidas, líquidos alcoólicos e vinagres - Vinhos de uvas frescas, incluídos os vinhos enriquecidos com álcool; mostos de uvas, excluídos os da posição 2009 - Vinhos espumantes e vinhos espumosos - Outros";;143;Espumante e Champanhe;140;;;;
ncm:22041090|p0001|2026-09-16T00:44:16Z|19;ncm:22041090;22041090;1;19;2026-09-16T00:44:16Z;PILAR;ESPUM ESP PINOT CHARDONNAY BRUT;8003295000245;;0.0;0.0;0.0;;;2014-04-24T11:07:34.000-03:00;2026-08-05T03:53:50.000-03:00;;;;0.0;0.0;1;COSMOS;https://cosmos.bluesoft.com.br/products/barcode/E018B65C5EAC7DFBABDA73E5444B3D06.png;;;;;22041090;Outros;"Bebidas, líquidos alcoólicos e vinagres - Vinhos de uvas frescas, incluídos os vinhos enriquecidos com álcool; mostos de uvas, excluídos os da posição 2009 - Vinhos espumantes e vinhos espumosos - Outros";;;;;;;;
ncm:22041090|p0001|2026-09-16T00:44:16Z|20;ncm:22041090;22041090;1;20;2026-09-16T00:44:16Z;PILAR;ESPUM FRA BARTON&G BRUT CHARDONNAY;3035131780108;;0.0;0.0;0.0;;;2014-04-24T11:07:34.000-03:00;2026-07-23T20:52:16.000-03:00;;;;0.0;0.0;2;COSMOS;https://cosmos.bluesoft.com.br/products/barcode/9E0E8B403289E279F48B2E1E38117609.png;;;;;22041090;Outros;"Bebidas, líquidos alcoólicos e vinagres - Vinhos de uvas frescas, incluídos os vinhos enriquecidos com álcool; mostos de uvas, excluídos os da posição 2009 - Vinhos espumantes e vinhos espumosos - Outros";;;;;;;;
ncm:22041090|p0001|2026-09-16T00:44:16Z|21;ncm:22041090;22041090;1;21;2026-09-16T00:44:16Z;PILAR;ESPUMANTE ITALIANO BRANCO BRUT ANELLA ANDREANI PROSECCO GARRAFA 750ML;7898235980104;https://cdn-cosmos.bluesoft.com.br/products/7898235980104;;;;;;2014-04-24T11:07:34.000-03:00;2026-08-02T05:33:34.000-03:00;;;;0.0;0.0;2;COSMOS;https://cosmos.bluesoft.com.br/products/barcode/24315401D6CC16AA15C19963F99C2776.png;ANELLA ANDREANI;/assets/brand-placeholder-7080174fbd24025783105a607811edad.png;;;22041090;Outros;"Bebidas, líquidos alcoólicos e vinagres - Vinhos de uvas frescas, incluídos os vinhos enriquecidos com álcool; mostos de uvas, excluídos os da posição 2009 - Vinhos espumantes e vinhos espumosos - Outros";;143;Espumante e Champanhe;140;;;;
ncm:22041090|p0001|2026-09-16T00:44:16Z|22;ncm:22041090;22041090;1;22;2026-09-16T00:44:16Z;PILAR;ESPUMANTE ITALIANO BRANCO DOCE FONTANAFREDDA MOSCATO ASTI GARRAFA 750ML;8000174207009;https://cdn-cosmos.bluesoft.com.br/products/8000174207009;;;;;;2014-04-24T11:07:34.000-03:00;2026-08-05T03:45:00.000-03:00;;;;0.0;0.0;1;COSMOS;https://cosmos.bluesoft.com.br/products/barcode/B03FCC7767F523C5C22D34D1C5EC42DF.png;FONTANAFREDDA;/assets/brand-placeholder-7080174fbd24025783105a607811edad.png;;;22041090;Outros;"Bebidas, líquidos alcoólicos e vinagres - Vinhos de uvas frescas, incluídos os vinhos enriquecidos com álcool; mostos de uvas, excluídos os da posição 2009 - Vinhos espumantes e vinhos espumosos - Outros";;143;Espumante e Champanhe;140;;;;
ncm:22041090|p0001|2026-09-16T00:44:16Z|23;ncm:22041090;22041090;1;23;2026-09-16T00:44:16Z;PILAR;ESPUM ITAL CONTARINI EXT DRY PROSE;8005400884542;;0.0;0.0;0.0;;;2014-04-24T11:07:34.000-03:00;2026-08-05T03:59:45.000-03:00;;;;0.0;0.0;1;COSMOS;https://cosmos.bluesoft.com.br/products/barcode/C2B9A2EB5E30FDCB9D1D7D9D3D514CCA.png;;;;;22041090;Outros;"Bebidas, líquidos alcoólicos e vinagres - Vinhos de uvas frescas, incluídos os vinhos enriquecidos com álcool; mostos de uvas, excluídos os da posição 2009 - Vinhos espumantes e vinhos espumosos - Outros";;;;;;;;
ncm:22041090|p0001|2026-09-16T00:44:16Z|24;ncm:22041090;22041090;1;24;2026-09-16T00:44:16Z;PILAR;ESPUM ITAL CONTARINI PROSECCO;8005400884849;;0.0;0.0;0.0;;;2014-04-24T11:07:34.000-03:00;2026-08-05T03:59:45.000-03:00;;;;0.0;0.0;1;COSMOS;https://cosmos.bluesoft.com.br/products/barcode/C2B9A2EB5E30FDCBD2DF7DC31E3CF036.png;;;;;22041090;Outros;"Bebidas, líquidos alcoólicos e vinagres - Vinhos de uvas frescas, incluídos os vinhos enriquecidos com álcool; mostos de uvas, excluídos os da posição 2009 - Vinhos espumantes e vinhos espumosos - Outros";;;;;;;;
ncm:22041090|p0001|2026-09-16T00:44:16Z|25;ncm:22041090;22041090;1;25;2026-09-16T00:44:16Z;PILAR;ESPUM ITAL CONTARINI ROSE;8005400878244;;0.0;0.0;0.0;;;2014-04-24T11:07:34.000-03:00;2026-08-05T03:59:45.000-03:00;;;;0.0;0.0;1;COSMOS;https://cosmos.bluesoft.com.br/products/barcode/C2B9A2EB5E30FDCB3AAF090727E91F3C.png;;;;;22041090;Outros;"Bebidas, líquidos alcoólicos e vinagres - Vinhos de uvas frescas, incluídos os vinhos enriquecidos com álcool; mostos de uvas, excluídos os da posição 2009 - Vinhos espumantes e vinhos espumosos - Outros";;;;;;;;
ncm:22041090|p0001|2026-09-16T00:44:16Z|26;ncm:22041090;22041090;1;26;2026-09-16T00:44:16Z;PILAR;ESPUM ITAL CONTARINI VICTOR ROSE;8005400544040;https://cdn-cosmos.bluesoft.com.br/products/8005400544040;0.0;0.0;0.0;;;2014-04-24T11:07:34.000-03:00;2026-08-05T03:59:41.000-03:00;;;;0.0;0.0;1;COSMOS;https://cosmos.bluesoft.com.br/products/barcode/758717A59101F59B46228CB07ACB650A.png;;;;;22041090;Outros;"Bebidas, líquidos alcoólicos e vinagres - Vinhos de uvas frescas, incluídos os vinhos enriquecidos com álcool; mostos de uvas, excluídos os da posição 2009 - Vinhos espumantes e vinhos espumosos - Outros";;;;;;;;
ncm:22041090|p0001|2026-09-16T00:44:16Z|27;ncm:22041090;22041090;1;27;2026-09-16T00:44:16Z;PILAR;ESPUM ITAL COSTAZZURRA PROSECCO BRUT;7898927981020;;;;;;;2014-04-24T11:07:34.000-03:00;2026-08-03T10:03:19.000-03:00;;;;0.0;0.0;1;COSMOS;https://cosmos.bluesoft.com.br/products/barcode/3697FFEDDA372668D2C902DFF22AF234.png;QUERO;https://cdn-cosmos.bluesoft.com.br/brands/brand_quero;;;22041090;Outros;"Bebidas, líquidos alcoólicos e vinagres - Vinhos de uvas frescas, incluídos os vinhos enriquecidos com álcool; mostos de uvas, excluídos os da posição 2009 - Vinhos espumantes e vinhos espumosos - Outros";;;;;;;;
ncm:22041090|p0001|2026-09-16T00:44:16Z|28;ncm:22041090;22041090;1;28;2026-09-16T00:44:16Z;PILAR;ESPUM ITAL COSTAZZURRA ROSE;8005400713828;;;;;;;2014-04-24T11:07:34.000-03:00;2026-08-05T03:59:42.000-03:00;;;;0.0;0.0;1;COSMOS;https://cosmos.bluesoft.com.br/products/barcode/66CD83721B043A8E8C469D0FE6C75AA1.png;;;;;22041090;Outros;"Bebidas, líquidos alcoólicos e vinagres - Vinhos de uvas frescas, incluídos os vinhos enriquecidos com álcool; mostos de uvas, excluídos os da posição 2009 - Vinhos espumantes e vinhos espumosos - Outros";;;;;;;;
ncm:22041090|p0001|2026-09-16T00:44:16Z|29;ncm:22041090;22041090;1;29;2026-09-16T00:44:16Z;PILAR;ESPUM ITAL GIUSTINO RUGGERI PROSECCO;8010391001137;;0.0;0.0;0.0;;;2014-04-24T11:07:34.000-03:00;2026-08-05T04:07:01.000-03:00;;;;0.0;0.0;1;COSMOS;https://cosmos.bluesoft.com.br/products/barcode/E0B51BEEDDE02B219A46EA885FDE9C29.png;;;;;22041090;Outros;"Bebidas, líquidos alcoólicos e vinagres - Vinhos de uvas frescas, incluídos os vinhos enriquecidos com álcool; mostos de uvas, excluídos os da posição 2009 - Vinhos espumantes e vinhos espumosos - Outros";;;;;;;;
ncm:22041090|p0001|2026-09-16T00:44:16Z|30;ncm:22041090;22041090;1;30;2026-09-16T00:44:16Z;PILAR;ESPUM ITAL LA VENEZIANA PROSECCO;8003905095548;;0.0;0.0;0.0;;;2014-04-24T11:07:34.000-03:00;2026-08-05T03:55:27.000-03:00;;;;0.0;0.0;1;COSMOS;https://cosmos.bluesoft.com.br/products/barcode/F4BAD45ED080B35B68C865F4BD9BDA7B.png;;;;;22041090;Outros;"Bebidas, líquidos alcoólicos e vinagres - Vinhos de uvas frescas, incluídos os vinhos enriquecidos com álcool; mostos de uvas, excluídos os da posição 2009 - Vinhos espumantes e vinhos espumosos - Outros";;143;Espumante e Champanhe;140;;;;
ncm:22042100|p0001|2026-09-16T00:44:17Z|01;ncm:22042100;22042100;1;1;2026-09-16T00:44:17Z;PILAR;VENVE DU VERNAY|750|WINE;3058080097547;https://cdn-cosmos.bluesoft.com.br/products/3058080097547;9.0;31.5;9.0;1609;1609;2014-04-24T11:07:34.000-03:00;2026-09-05T03:19:19.000-03:00;;;;0.0;0.0;3;COSMOS;https://cosmos.bluesoft.com.br/products/barcode/B99C56BDBBE8B7CC40F743F15215EB86.png;VEUVE DU VERNAY;/assets/brand-placeholder-7080174fbd24025783105a607811edad.png;50000000;Alimentos / Bebidas / Tabaco;22042100;Em recipientes de capacidade não superior a 2 l;"Bebidas, líquidos alcoólicos e vinagres - Vinhos de uvas frescas, incluindo os vinhos enriquecidos com álcool; mostos de uvas, excluindo os da posição 20.09. - Outros vinhos; mostos de uvas cuja fermentação tenha sido impedida ou interrompida por adição de álcool: - Em recipientes de capacidade não superior a 2 l";;143;Espumante e Champanhe;140;;;;
ncm:22042100|p0001|2026-09-16T00:44:17Z|02;ncm:22042100;22042100;1;2;2026-09-16T00:44:17Z;PILAR;ESPUM ITAL CHIARELLI PROSECCO;8005400514340;https://cdn-cosmos.bluesoft.com.br/products/8005400514340;0.0;0.0;0.0;750;750;2014-04-24T11:07:34.000-03:00;2026-08-05T03:59:41.000-03:00;;;;0.0;0.0;2;COSMOS;https://cosmos.bluesoft.com.br/products/barcode/758717A59101F59B946143B3FE577323.png;;;;;22042100;Em recipientes de capacidade não superior a 2 l;"Bebidas, líquidos alcoólicos e vinagres - Vinhos de uvas frescas, incluindo os vinhos enriquecidos com álcool; mostos de uvas, excluindo os da posição 20.09. - Outros vinhos; mostos de uvas cuja fermentação tenha sido impedida ou interrompida por adição de álcool: - Em recipientes de capacidade não superior a 2 l";;143;Espumante e Champanhe;140;;;;
ncm:22042100|p0001|2026-09-16T00:44:17Z|03;ncm:22042100;22042100;1;3;2026-09-16T00:44:17Z;PILAR;ESPUM ITAL PERLINO ASTI;8000428000424;https://cdn-cosmos.bluesoft.com.br/products/8000428000424;;;;;;2014-04-24T11:07:34.000-03:00;2026-08-05T03:46:10.000-03:00;;;;0.0;0.0;1;COSMOS;https://cosmos.bluesoft.com.br/products/barcode/EEBE6AE25149DB44FAD25CA5FDC8008D.png;;;;;22042100;Em recipientes de capacidade não superior a 2 l;"Bebidas, líquidos alcoólicos e vinagres - Vinhos de uvas frescas, incluindo os vinhos enriquecidos com álcool; mostos de uvas, excluindo os da posição 20.09. - Outros vinhos; mostos de uvas cuja fermentação tenha sido impedida ou interrompida por adição de álcool: - Em recipientes de capacidade não superior a 2 l";;143;Espumante e Champanhe;140;;;;
ncm:22042100|p0001|2026-09-16T00:44:17Z|04;ncm:22042100;22042100;1;4;2026-09-16T00:44:17Z;PILAR;KIT VINHO CAS D DIABLO CAB/CARM +SACA ROLHA;7804320080611;;;;;;;2014-04-24T11:07:34.000-03:00;2026-07-25T03:56:01.000-03:00;;;;0.0;0.0;1;COSMOS;https://cosmos.bluesoft.com.br/products/barcode/4DD960D888328C53E8090AFCB9A7EF01.png;;;;;22042100;Em recipientes de capacidade não superior a 2 l;"Bebidas, líquidos alcoólicos e vinagres - Vinhos de uvas frescas, incluindo os vinhos enriquecidos com álcool; mostos de uvas, excluindo os da posição 20.09. - Outros vinhos; mostos de uvas cuja fermentação tenha sido impedida ou interrompida por adição de álcool: - Em recipientes de capacidade não superior a 2 l";;;;;;;;
ncm:22042100|p0001|2026-09-16T00:44:17Z|05;ncm:22042100;22042100;1;5;2026-09-16T00:44:17Z;PILAR;LICOR NOCELLO C/EXPRESSO;27484310210;;0.0;0.0;0.0;1;1;2014-04-24T11:07:34.000-03:00;2021-10-05T05:08:50.000-03:00;;;;0.0;0.0;1;COSMOS;https://cosmos.bluesoft.com.br/products/barcode/79A642FFA4D61DD50422A3D33F3DBF5F.png;;;;;22042100;Em recipientes de capacidade não superior a 2 l;"Bebidas, líquidos alcoólicos e vinagres - Vinhos de uvas frescas, incluindo os vinhos enriquecidos com álcool; mostos de uvas, excluindo os da posição 20.09. - Outros vinhos; mostos de uvas cuja fermentação tenha sido impedida ou interrompida por adição de álcool: - Em recipientes de capacidade não superior a 2 l";;;;;;;;
ncm:22042100|p0001|2026-09-16T00:44:17Z|06;ncm:22042100;22042100;1;6;2026-09-16T00:44:17Z;PILAR;LICOR LIMONCELLO PERLINO DEL SOLE 1L;8000428015800;https://cdn-cosmos.bluesoft.com.br/products/8000428015800;;;;750;750;2014-04-24T11:07:34.000-03:00;2026-08-05T03:46:11.000-03:00;;;;0.0;0.0;1;COSMOS;https://cosmos.bluesoft.com.br/products/barcode/EEBE6AE25149DB444AF06979416B74E5.png;;;;;22042100;Em recipientes de capacidade não superior a 2 l;"Bebidas, líquidos alcoólicos e vinagres - Vinhos de uvas frescas, incluindo os vinhos enriquecidos com álcool; mostos de uvas, excluindo os da posição 20.09. - Outros vinhos; mostos de uvas cuja fermentação tenha sido impedida ou interrompida por adição de álcool: - Em recipientes de capacidade não superior a 2 l";;;;;;;;
ncm:22042100|p0001|2026-09-16T00:44:17Z|07;ncm:22042100;22042100;1;7;2026-09-16T00:44:17Z;PILAR;LICOR PERLINO CHOCO DI TORINO;8000428015602;;;;;;;2014-04-24T11:07:34.000-03:00;2026-08-05T03:46:11.000-03:00;;;;0.0;0.0;1;COSMOS;https://cosmos.bluesoft.com.br/products/barcode/EEBE6AE25149DB445397BDE90BA759F7.png;;;;;22042100;Em recipientes de capacidade não superior a 2 l;"Bebidas, líquidos alcoólicos e vinagres - Vinhos de uvas frescas, incluindo os vinhos enriquecidos com álcool; mostos de uvas, excluindo os da posição 20.09. - Outros vinhos; mostos de uvas cuja fermentação tenha sido impedida ou interrompida por adição de álcool: - Em recipientes de capacidade não superior a 2 l";;240;Licor;140;;;;
ncm:22042100|p0001|2026-09-16T00:44:17Z|08;ncm:22042100;22042100;1;8;2026-09-16T00:44:17Z;PILAR;MISTELA SINUELO;7896029250143;;0.0;0.0;0.0;;;2014-04-24T11:07:34.000-03:00;2026-07-30T03:47:08.000-03:00;;;;0.0;0.0;1;COSMOS;https://cosmos.bluesoft.com.br/products/barcode/044014BF709ADE42120D3495BE961AF4.png;;;;;22042100;Em recipientes de capacidade não superior a 2 l;"Bebidas, líquidos alcoólicos e vinagres - Vinhos de uvas frescas, incluindo os vinhos enriquecidos com álcool; mostos de uvas, excluindo os da posição 20.09. - Outros vinhos; mostos de uvas cuja fermentação tenha sido impedida ou interrompida por adição de álcool: - Em recipientes de capacidade não superior a 2 l";;;;;;;;
ncm:22042100|p0001|2026-09-16T00:44:17Z|09;ncm:22042100;22042100;1;9;2026-09-16T00:44:17Z;PILAR;BLACK TOWER TINTO PINOT NOIR 2009;4069600010303;https://cdn-cosmos.bluesoft.com.br/products/black-tower-tinto-pinot-noir-2009_300x300-PU63d5f_1.jpg;0.0;0.0;0.0;;;2014-04-24T11:07:34.000-03:00;2026-08-19T00:36:01.000-03:00;;;;0.0;0.0;1;COSMOS;https://cosmos.bluesoft.com.br/products/barcode/E7826F65D81DF6858B13A04F60A8AFCE.png;;;;;22042100;Em recipientes de capacidade não superior a 2 l;"Bebidas, líquidos alcoólicos e vinagres - Vinhos de uvas frescas, incluindo os vinhos enriquecidos com álcool; mostos de uvas, excluindo os da posição 20.09. - Outros vinhos; mostos de uvas cuja fermentação tenha sido impedida ou interrompida por adição de álcool: - Em recipientes de capacidade não superior a 2 l";;;;;;;;
ncm:22042100|p0001|2026-09-16T00:44:17Z|10;ncm:22042100;22042100;1;10;2026-09-16T00:44:17Z;PILAR;VINHO ALEM DEINHARD GREEN LABEL RIESLING;4003310654914;https://cdn-cosmos.bluesoft.com.br/products/4003310654914;;;;;;2014-04-24T11:07:34.000-03:00;2026-07-23T21:29:30.000-03:00;;;;0.0;0.0;1;COSMOS;https://cosmos.bluesoft.com.br/products/barcode/53374E34250688FD5E41BDD52C750D5A.png;MARCAS DIVERSAS;/assets/brand-placeholder-7080174fbd24025783105a607811edad.png;;;22042100;Em recipientes de capacidade não superior a 2 l;"Bebidas, líquidos alcoólicos e vinagres - Vinhos de uvas frescas, incluindo os vinhos enriquecidos com álcool; mostos de uvas, excluindo os da posição 20.09. - Outros vinhos; mostos de uvas cuja fermentação tenha sido impedida ou interrompida por adição de álcool: - Em recipientes de capacidade não superior a 2 l";;245;Vinho Branco;74;;;;
ncm:22042100|p0001|2026-09-16T00:44:17Z|11;ncm:22042100;22042100;1;11;2026-09-16T00:44:17Z;PILAR;CABERNET SAUVIGNON VALLEY;88586000720;https://cdn-cosmos.bluesoft.com.br/products/88586000720;;;;;;2014-04-24T11:07:34.000-03:00;2024-08-13T21:54:55.000-03:00;;;;0.0;0.0;1;COSMOS;https://cosmos.bluesoft.com.br/products/barcode/7244EBF3737AF74E05D2293FEB243DDD.png;CREST;https://cdn-cosmos.bluesoft.com.br/brands/brand_crest;;;22042100;Em recipientes de capacidade não superior a 2 l;"Bebidas, líquidos alcoólicos e vinagres - Vinhos de uvas frescas, incluindo os vinhos enriquecidos com álcool; mostos de uvas, excluindo os da posição 20.09. - Outros vinhos; mostos de uvas cuja fermentação tenha sido impedida ou interrompida por adição de álcool: - Em recipientes de capacidade não superior a 2 l";;74;Vinhos;65;;;;
ncm:22042100|p0001|2026-09-16T00:44:17Z|12;ncm:22042100;22042100;1;12;2026-09-16T00:44:17Z;PILAR;TWO VINES MERLOT;88586001109;https://cdn-cosmos.bluesoft.com.br/products/88586001109;;;;;;2014-04-24T11:07:34.000-03:00;2025-04-15T03:19:57.000-03:00;;;;0.0;0.0;1;COSMOS;https://cosmos.bluesoft.com.br/products/barcode/7244EBF3737AF74E1F5733A9D40A9FB4.png;;;;;22042100;Em recipientes de capacidade não superior a 2 l;"Bebidas, líquidos alcoólicos e vinagres - Vinhos de uvas frescas, incluindo os vinhos enriquecidos com álcool; mostos de uvas, excluindo os da posição 20.09. - Outros vinhos; mostos de uvas cuja fermentação tenha sido impedida ou interrompida por adição de álcool: - Em recipientes de capacidade não superior a 2 l";;;;;;;;
ncm:22042100|p0001|2026-09-16T00:44:17Z|13;ncm:22042100;22042100;1;13;2026-09-16T00:44:17Z;PILAR;VINHO AMER CONCANNON CAB SAUVIGNON;89627126508;https://cdn-cosmos.bluesoft.com.br/products/89627126508;0.0;0.0;0.0;;;2014-04-24T11:07:34.000-03:00;2023-01-13T04:49:21.000-03:00;;;;0.0;0.0;1;COSMOS;https://cosmos.bluesoft.com.br/products/barcode/4C9A63511373321AB91D66DD11BF6E99.png;HERBAL CONCEPTS;https://cdn-cosmos.bluesoft.com.br/brands/brand_herbal-concepts;;;22042100;Em recipientes de capacidade não superior a 2 l;"Bebidas, líquidos alcoólicos e vinagres - Vinhos de uvas frescas, incluindo os vinhos enriquecidos com álcool; mostos de uvas, excluindo os da posição 20.09. - Outros vinhos; mostos de uvas cuja fermentação tenha sido impedida ou interrompida por adição de álcool: - Em recipientes de capacidade não superior a 2 l";;;;;;;;
ncm:22042100|p0001|2026-09-16T00:44:17Z|14;ncm:22042100;22042100;1;14;2026-09-16T00:44:17Z;PILAR;VINHO ARG ACHAVAL FERRER QUIMERA TINTO;7798091110939;;0.0;0.0;0.0;1;1;2014-04-24T11:07:34.000-03:00;2026-07-25T03:46:20.000-03:00;;;;0.0;0.0;1;COSMOS;https://cosmos.bluesoft.com.br/products/barcode/5F6E0D8ACB91921089FD456F8DD94FDD.png;;;;;22042100;Em recipientes de capacidade não superior a 2 l;"Bebidas, líquidos alcoólicos e vinagres - Vinhos de uvas frescas, incluindo os vinhos enriquecidos com álcool; mostos de uvas, excluindo os da posição 20.09. - Outros vinhos; mostos de uvas cuja fermentação tenha sido impedida ou interrompida por adição de álcool: - Em recipientes de capacidade não superior a 2 l";;;;;;;;
ncm:22042100|p0001|2026-09-16T00:44:17Z|15;ncm:22042100;22042100;1;15;2026-09-16T00:44:17Z;PILAR;TERRAZAS GRAN MALBEC T|750|WINE;7790975001470;https://cdn-cosmos.bluesoft.com.br/products/7790975001470;;;;;;2014-04-24T11:07:34.000-03:00;2026-07-25T03:32:56.000-03:00;;;;0.0;0.0;1;COSMOS;https://cosmos.bluesoft.com.br/products/barcode/47BCD5CD18E6B51A7A8A540BC95A3855.png;;;;;22042100;Em recipientes de capacidade não superior a 2 l;"Bebidas, líquidos alcoólicos e vinagres - Vinhos de uvas frescas, incluindo os vinhos enriquecidos com álcool; mostos de uvas, excluindo os da posição 20.09. - Outros vinhos; mostos de uvas cuja fermentação tenha sido impedida ou interrompida por adição de álcool: - Em recipientes de capacidade não superior a 2 l";;;;;;;;
ncm:22042100|p0001|2026-09-16T00:44:17Z|16;ncm:22042100;22042100;1;16;2026-09-16T00:44:17Z;PILAR;VINHO ARG ALAMOS MALBEC;7794450090829;https://cdn-cosmos.bluesoft.com.br/products/7794450090829;;;;;;2014-04-24T11:07:34.000-03:00;2026-07-25T03:40:04.000-03:00;;;;0.0;0.0;1;COSMOS;https://cosmos.bluesoft.com.br/products/barcode/8F672E46CAF3EE096BFFD8279DE69E32.png;;;;;22042100;Em recipientes de capacidade não superior a 2 l;"Bebidas, líquidos alcoólicos e vinagres - Vinhos de uvas frescas, incluindo os vinhos enriquecidos com álcool; mostos de uvas, excluindo os da posição 20.09. - Outros vinhos; mostos de uvas cuja fermentação tenha sido impedida ou interrompida por adição de álcool: - Em recipientes de capacidade não superior a 2 l";;74;Vinhos;65;;;;
ncm:22042100|p0001|2026-09-16T00:44:17Z|17;ncm:22042100;22042100;1;17;2026-09-16T00:44:17Z;PILAR;VINHO ARGENTINO CHARDONNAY ALAMOS 750ML;7794450008077;https://cdn-cosmos.bluesoft.com.br/products/7794450008077;;;;;;2014-04-24T11:07:34.000-03:00;2026-09-15T11:00:26.000-03:00;;;;0.0;0.0;2;COSMOS;https://cosmos.bluesoft.com.br/products/barcode/8F672E46CAF3EE09E37F262327FE09A5.png;;;10000273;Vinho - Fortificado;22042100;Em recipientes de capacidade não superior a 2 l;"Bebidas, líquidos alcoólicos e vinagres - Vinhos de uvas frescas, incluindo os vinhos enriquecidos com álcool; mostos de uvas, excluindo os da posição 20.09. - Outros vinhos; mostos de uvas cuja fermentação tenha sido impedida ou interrompida por adição de álcool: - Em recipientes de capacidade não superior a 2 l";;74;Vinhos;65;;;;
ncm:22042100|p0001|2026-09-16T00:44:17Z|18;ncm:22042100;22042100;1;18;2026-09-16T00:44:17Z;PILAR;VINHO ARG ALAMOS SAUV BLANC;7794450088383;https://cdn-cosmos.bluesoft.com.br/products/7794450088383;;;;;;2014-04-24T11:07:34.000-03:00;2026-09-15T11:00:30.000-03:00;;;;0.0;0.0;2;COSMOS;https://cosmos.bluesoft.com.br/products/barcode/8F672E46CAF3EE09212840B6C1D1B3A3.png;;;;;22042100;Em recipientes de capacidade não superior a 2 l;"Bebidas, líquidos alcoólicos e vinagres - Vinhos de uvas frescas, incluindo os vinhos enriquecidos com álcool; mostos de uvas, excluindo os da posição 20.09. - Outros vinhos; mostos de uvas cuja fermentação tenha sido impedida ou interrompida por adição de álcool: - Em recipientes de capacidade não superior a 2 l";;74;Vinhos;65;;;;
ncm:22042100|p0001|2026-09-16T00:44:17Z|19;ncm:22042100;22042100;1;19;2026-09-16T00:44:17Z;PILAR;VINHO ARG ALAMOS SYRAH;7794450088703;https://cdn-cosmos.bluesoft.com.br/products/7794450088703;;;;;;2014-04-24T11:07:34.000-03:00;2026-07-25T03:39:58.000-03:00;;;;0.0;0.0;2;COSMOS;https://cosmos.bluesoft.com.br/products/barcode/8F672E46CAF3EE0932B29A295D174369.png;;;;;22042100;Em recipientes de capacidade não superior a 2 l;"Bebidas, líquidos alcoólicos e vinagres - Vinhos de uvas frescas, incluindo os vinhos enriquecidos com álcool; mostos de uvas, excluindo os da posição 20.09. - Outros vinhos; mostos de uvas cuja fermentação tenha sido impedida ou interrompida por adição de álcool: - Em recipientes de capacidade não superior a 2 l";;74;Vinhos;65;;;;
ncm:22042100|p0001|2026-09-16T00:44:17Z|20;ncm:22042100;22042100;1;20;2026-09-16T00:44:17Z;PILAR;ALAMOS SELECCION BODEGAS ESMERALDA TINTO PINOT NOIR 2009;7794450091666;https://cdn-cosmos.bluesoft.com.br/products/7794450091666;;;;;;2014-04-24T11:07:34.000-03:00;2026-07-25T03:40:08.000-03:00;;;;0.0;0.0;2;COSMOS;https://cosmos.bluesoft.com.br/products/barcode/8F672E46CAF3EE095EE4C512578E7F9D.png;;;;;22042100;Em recipientes de capacidade não superior a 2 l;"Bebidas, líquidos alcoólicos e vinagres - Vinhos de uvas frescas, incluindo os vinhos enriquecidos com álcool; mostos de uvas, excluindo os da posição 20.09. - Outros vinhos; mostos de uvas cuja fermentação tenha sido impedida ou interrompida por adição de álcool: - Em recipientes de capacidade não superior a 2 l";;74;Vinhos;65;;;;
ncm:22042100|p0001|2026-09-16T00:44:17Z|21;ncm:22042100;22042100;1;21;2026-09-16T00:44:17Z;PILAR;VINHO ARG ALFREDO ROCA MERLOT;7790607000376;https://cdn-cosmos.bluesoft.com.br/products/7790607000376;;;;;;2014-04-24T11:07:34.000-03:00;2026-07-25T03:31:41.000-03:00;;;;0.0;0.0;1;COSMOS;https://cosmos.bluesoft.com.br/products/barcode/12531B77001DDDF97B62F06E5FD7ABB8.png;;;;;22042100;Em recipientes de capacidade não superior a 2 l;"Bebidas, líquidos alcoólicos e vinagres - Vinhos de uvas frescas, incluindo os vinhos enriquecidos com álcool; mostos de uvas, excluindo os da posição 20.09. - Outros vinhos; mostos de uvas cuja fermentação tenha sido impedida ou interrompida por adição de álcool: - Em recipientes de capacidade não superior a 2 l";;247;Vinho Tinto;74;;;;
ncm:22042100|p0001|2026-09-16T00:44:17Z|22;ncm:22042100;22042100;1;22;2026-09-16T00:44:17Z;PILAR;VINHO ARG ALMA NEGRA PINOT NOIR;7798126080473;https://cdn-cosmos.bluesoft.com.br/products/7798126080473;;;;;;2014-04-24T11:07:34.000-03:00;2026-07-25T03:48:46.000-03:00;;;;0.0;0.0;2;COSMOS;https://cosmos.bluesoft.com.br/products/barcode/BF70C6098BF2324C377BEF546337265C.png;;;;;22042100;Em recipientes de capacidade não superior a 2 l;"Bebidas, líquidos alcoólicos e vinagres - Vinhos de uvas frescas, incluindo os vinhos enriquecidos com álcool; mostos de uvas, excluindo os da posição 20.09. - Outros vinhos; mostos de uvas cuja fermentação tenha sido impedida ou interrompida por adição de álcool: - Em recipientes de capacidade não superior a 2 l";;74;Vinhos;65;;;;
ncm:22042100|p0001|2026-09-16T00:44:17Z|23;ncm:22042100;22042100;1;23;2026-09-16T00:44:17Z;PILAR;VINHO ARG ALMA NEGRA TTO;7798126080015;https://cdn-cosmos.bluesoft.com.br/products/7798126080015;;;;;;2014-04-24T11:07:34.000-03:00;2026-09-15T13:51:08.000-03:00;;;;0.0;0.0;2;COSMOS;https://cosmos.bluesoft.com.br/products/barcode/BF70C6098BF2324CC7F919771EE00A01.png;;;10000273;Vinho - Fortificado;22042100;Em recipientes de capacidade não superior a 2 l;"Bebidas, líquidos alcoólicos e vinagres - Vinhos de uvas frescas, incluindo os vinhos enriquecidos com álcool; mostos de uvas, excluindo os da posição 20.09. - Outros vinhos; mostos de uvas cuja fermentação tenha sido impedida ou interrompida por adição de álcool: - Em recipientes de capacidade não superior a 2 l";;247;Vinho Tinto;74;;;;
ncm:22042100|p0001|2026-09-16T00:44:17Z|24;ncm:22042100;22042100;1;24;2026-09-16T00:44:17Z;PILAR;PREMIUM ALTA VISTA WINES TINTO MALBEC 2011;7798057480090;https://cdn-cosmos.bluesoft.com.br/products/7798057480090;;;;;;2014-04-24T11:07:34.000-03:00;2026-07-25T03:44:18.000-03:00;;;;0.0;0.0;1;COSMOS;https://cosmos.bluesoft.com.br/products/barcode/52147BE6E159EA70D75F25A22FD7D2B2.png;;;;;22042100;Em recipientes de capacidade não superior a 2 l;"Bebidas, líquidos alcoólicos e vinagres - Vinhos de uvas frescas, incluindo os vinhos enriquecidos com álcool; mostos de uvas, excluindo os da posição 20.09. - Outros vinhos; mostos de uvas cuja fermentação tenha sido impedida ou interrompida por adição de álcool: - Em recipientes de capacidade não superior a 2 l";;74;Vinhos;65;;;;
ncm:22042100|p0001|2026-09-16T00:44:17Z|25;ncm:22042100;22042100;1;25;2026-09-16T00:44:17Z;PILAR;VINHO ARG ALTAS CUMBRES MALBEC;7792756200324;https://cdn-cosmos.bluesoft.com.br/products/7792756200324;;;;;;2014-04-24T11:07:34.000-03:00;2026-07-25T03:38:06.000-03:00;;;;0.0;0.0;1;COSMOS;https://cosmos.bluesoft.com.br/products/barcode/D00149E2D9FF70CEF191D62EF0A92CB7.png;ALTAS CUMBRES;/assets/brand-placeholder-7080174fbd24025783105a607811edad.png;;;22042100;Em recipientes de capacidade não superior a 2 l;"Bebidas, líquidos alcoólicos e vinagres - Vinhos de uvas frescas, incluindo os vinhos enriquecidos com álcool; mostos de uvas, excluindo os da posição 20.09. - Outros vinhos; mostos de uvas cuja fermentação tenha sido impedida ou interrompida por adição de álcool: - Em recipientes de capacidade não superior a 2 l";;;;;;;;
ncm:22042100|p0001|2026-09-16T00:44:17Z|26;ncm:22042100;22042100;1;26;2026-09-16T00:44:17Z;PILAR;ALTOS LAS HORMIGAS TINTO MALBEC 2012;7798051950032;https://cdn-cosmos.bluesoft.com.br/products/7798051950032;;;;;;2014-04-24T11:07:34.000-03:00;2026-07-25T03:44:10.000-03:00;;;;0.0;0.0;2;COSMOS;https://cosmos.bluesoft.com.br/products/barcode/517C42F922778A5CF67A55DEE2AF809C.png;;;;;22042100;Em recipientes de capacidade não superior a 2 l;"Bebidas, líquidos alcoólicos e vinagres - Vinhos de uvas frescas, incluindo os vinhos enriquecidos com álcool; mostos de uvas, excluindo os da posição 20.09. - Outros vinhos; mostos de uvas cuja fermentação tenha sido impedida ou interrompida por adição de álcool: - Em recipientes de capacidade não superior a 2 l";;74;Vinhos;65;;;;
ncm:22042100|p0001|2026-09-16T00:44:17Z|27;ncm:22042100;22042100;1;27;2026-09-16T00:44:17Z;PILAR;VINHO ARG ALTO LAS HORMIGAS MALBEC TERROIR;7798051950025;https://cdn-cosmos.bluesoft.com.br/products/7798051950025;;;;;;2014-04-24T11:07:34.000-03:00;2026-07-25T03:44:10.000-03:00;;;;0.0;0.0;1;COSMOS;https://cosmos.bluesoft.com.br/products/barcode/517C42F922778A5CD6CFB3EAC08375CF.png;;;;;22042100;Em recipientes de capacidade não superior a 2 l;"Bebidas, líquidos alcoólicos e vinagres - Vinhos de uvas frescas, incluindo os vinhos enriquecidos com álcool; mostos de uvas, excluindo os da posição 20.09. - Outros vinhos; mostos de uvas cuja fermentação tenha sido impedida ou interrompida por adição de álcool: - Em recipientes de capacidade não superior a 2 l";;74;Vinhos;65;;;;
ncm:22042100|p0001|2026-09-16T00:44:17Z|28;ncm:22042100;22042100;1;28;2026-09-16T00:44:17Z;PILAR;VINHO ARG AMANCAYA GRAN RES MALBEC/CAB SAUV;7798121460812;;0.0;0.0;0.0;;;2014-04-24T11:07:34.000-03:00;2026-07-25T03:48:19.000-03:00;;;;0.0;0.0;1;COSMOS;https://cosmos.bluesoft.com.br/products/barcode/4A9450D0A3726FC2C25862CD6F7901E6.png;;;;;22042100;Em recipientes de capacidade não superior a 2 l;"Bebidas, líquidos alcoólicos e vinagres - Vinhos de uvas frescas, incluindo os vinhos enriquecidos com álcool; mostos de uvas, excluindo os da posição 20.09. - Outros vinhos; mostos de uvas cuja fermentação tenha sido impedida ou interrompida por adição de álcool: - Em recipientes de capacidade não superior a 2 l";;;;;;;;
ncm:22042100|p0001|2026-09-16T00:44:17Z|29;ncm:22042100;22042100;1;29;2026-09-16T00:44:17Z;PILAR;VINHO ARG ANGARO CAB SAUVIGNON;7798081665401;;0.0;0.0;0.0;;;2014-04-24T11:07:34.000-03:00;2026-07-25T03:45:34.000-03:00;;;;0.0;0.0;2;COSMOS;https://cosmos.bluesoft.com.br/products/barcode/175CE543437675D8AB48602D8362AA54.png;;;;;22042100;Em recipientes de capacidade não superior a 2 l;"Bebidas, líquidos alcoólicos e vinagres - Vinhos de uvas frescas, incluindo os vinhos enriquecidos com álcool; mostos de uvas, excluindo os da posição 20.09. - Outros vinhos; mostos de uvas cuja fermentação tenha sido impedida ou interrompida por adição de álcool: - Em recipientes de capacidade não superior a 2 l";;;;;;;;
ncm:22042100|p0001|2026-09-16T00:44:17Z|30;ncm:22042100;22042100;1;30;2026-09-16T00:44:17Z;PILAR;VINHO ARG ANGARO CHARDONNAY;7798081665449;;0.0;0.0;0.0;;;2014-04-24T11:07:34.000-03:00;2026-07-25T03:45:35.000-03:00;;;;0.0;0.0;2;COSMOS;https://cosmos.bluesoft.com.br/products/barcode/175CE543437675D8B6E6561F396070C3.png;;;;;22042100;Em recipientes de capacidade não superior a 2 l;"Bebidas, líquidos alcoólicos e vinagres - Vinhos de uvas frescas, incluindo os vinhos enriquecidos com álcool; mostos de uvas, excluindo os da posição 20.09. - Outros vinhos; mostos de uvas cuja fermentação tenha sido impedida ou interrompida por adição de álcool: - Em recipientes de capacidade não superior a 2 l";;;;;;;;
ncm:22042211|p0001|2026-09-16T00:44:17Z|01;ncm:22042211;22042211;1;1;2026-09-16T00:44:17Z;PILAR;VINHO NAC CANTINA VALE 4L TINTO SECO;7896741681034;;0.0;0.0;0.0;;;2014-04-24T11:07:34.000-03:00;2026-07-31T17:51:30.000-03:00;;;;0.0;0.0;1;COSMOS;https://cosmos.bluesoft.com.br/products/barcode/00151B6505D4390066EB144A87B7CC09.png;;;;;22042211;Em recipientes de capacidade não superior a 5 l;"Bebidas, líquidos alcoólicos e vinagres - Vinhos de uvas frescas, incluindo os vinhos enriquecidos com álcool; mostos de uvas, excluindo os da posição 20.09. - Outros vinhos; mostos de uvas cuja fermentação tenha sido impedida ou interrompida por adição de álcool: - Em recipientes de capacidade não superior a 5 l";;;;;;;;
ncm:22042211|p0001|2026-09-16T00:44:17Z|02;ncm:22042211;22042211;1;2;2026-09-16T00:44:17Z;PILAR;VINHO NAC RANDON 4,6L BRANCO SUAVE;7896741646057;;;;;;;2014-04-24T11:07:34.000-03:00;2026-07-31T17:51:06.000-03:00;;;;0.0;0.0;2;COSMOS;https://cosmos.bluesoft.com.br/products/barcode/00151B6505D43900228DEA3E8AFD5D06.png;;;;;22042211;Em recipientes de capacidade não superior a 5 l;"Bebidas, líquidos alcoólicos e vinagres - Vinhos de uvas frescas, incluindo os vinhos enriquecidos com álcool; mostos de uvas, excluindo os da posição 20.09. - Outros vinhos; mostos de uvas cuja fermentação tenha sido impedida ou interrompida por adição de álcool: - Em recipientes de capacidade não superior a 5 l";;;;;;;;
ncm:22042211|p0001|2026-09-16T00:44:17Z|03;ncm:22042211;22042211;1;3;2026-09-16T00:44:17Z;PILAR;VINHO PALMEIRA .;7896923205010;;;;;;;2014-04-24T11:07:34.000-03:00;2026-07-31T19:14:17.000-03:00;;;;0.0;0.0;1;COSMOS;https://cosmos.bluesoft.com.br/products/barcode/33D4B71452BF3011835287B341268486.png;;;;;22042211;Em recipientes de capacidade não superior a 5 l;"Bebidas, líquidos alcoólicos e vinagres - Vinhos de uvas frescas, incluindo os vinhos enriquecidos com álcool; mostos de uvas, excluindo os da posição 20.09. - Outros vinhos; mostos de uvas cuja fermentação tenha sido impedida ou interrompida por adição de álcool: - Em recipientes de capacidade não superior a 5 l";;;;;;;;
ncm:22042211|p0001|2026-09-16T00:44:17Z|04;ncm:22042211;22042211;1;4;2026-09-16T00:44:17Z;PILAR;VINHO RANDON ROSADO SUAVE 4,6ML;7896741646255;;0.0;0.0;0.0;;;2014-04-24T11:07:34.000-03:00;2026-07-31T17:51:07.000-03:00;;;;0.0;0.0;1;COSMOS;https://cosmos.bluesoft.com.br/products/barcode/00151B6505D439004AFBED7405945FE4.png;;;;;22042211;Em recipientes de capacidade não superior a 5 l;"Bebidas, líquidos alcoólicos e vinagres - Vinhos de uvas frescas, incluindo os vinhos enriquecidos com álcool; mostos de uvas, excluindo os da posição 20.09. - Outros vinhos; mostos de uvas cuja fermentação tenha sido impedida ou interrompida por adição de álcool: - Em recipientes de capacidade não superior a 5 l";;;;;;;;
ncm:22042211|p0001|2026-09-16T00:44:17Z|05;ncm:22042211;22042211;1;5;2026-09-16T00:44:17Z;PILAR;VINHO SAO ROQUE TINTO SUAVE 4 6LT;7896321800688;;0.0;0.0;0.0;1000;1050;2014-04-24T11:07:34.000-03:00;2026-07-30T10:37:09.000-03:00;;;;0.0;0.0;1;COSMOS;https://cosmos.bluesoft.com.br/products/barcode/C3B15BF27425D36F221D65001F053166.png;;;;;22042211;Em recipientes de capacidade não superior a 5 l;"Bebidas, líquidos alcoólicos e vinagres - Vinhos de uvas frescas, incluindo os vinhos enriquecidos com álcool; mostos de uvas, excluindo os da posição 20.09. - Outros vinhos; mostos de uvas cuja fermentação tenha sido impedida ou interrompida por adição de álcool: - Em recipientes de capacidade não superior a 5 l";;;;;;;;
ncm:22042211|p0001|2026-09-16T00:44:17Z|06;ncm:22042211;22042211;1;6;2026-09-16T00:44:17Z;PILAR;VINHO RANDON 1 5LT BRANCO SUAVE;7896741646705;;;;;;;2014-04-24T11:07:34.000-03:00;2026-08-18T09:59:26.000-03:00;;;;0.0;0.0;1;COSMOS;https://cosmos.bluesoft.com.br/products/barcode/00151B6505D43900FA129A0993441FD0.png;;;;;22042211;Em recipientes de capacidade não superior a 5 l;"Bebidas, líquidos alcoólicos e vinagres - Vinhos de uvas frescas, incluindo os vinhos enriquecidos com álcool; mostos de uvas, excluindo os da posição 20.09. - Outros vinhos; mostos de uvas cuja fermentação tenha sido impedida ou interrompida por adição de álcool: - Em recipientes de capacidade não superior a 5 l";;;;;;;;
ncm:22042211|p0001|2026-09-16T00:44:17Z|07;ncm:22042211;22042211;1;7;2026-09-16T00:44:17Z;PILAR;VH NAC CANCAO GARRAFAO TTO SECO 2X4.6 | VINHO CANCAO TINTO SECO;7896780900011;;0.0;0.0;0.0;;;2014-04-24T11:07:34.000-03:00;2026-07-31T18:17:11.000-03:00;;;;0.0;0.0;2;COSMOS;https://cosmos.bluesoft.com.br/products/barcode/76A47E4B739DEBA9BE2EB0078A3C9C38.png;;;;;22042211;Em recipientes de capacidade não superior a 5 l;"Bebidas, líquidos alcoólicos e vinagres - Vinhos de uvas frescas, incluindo os vinhos enriquecidos com álcool; mostos de uvas, excluindo os da posição 20.09. - Outros vinhos; mostos de uvas cuja fermentação tenha sido impedida ou interrompida por adição de álcool: - Em recipientes de capacidade não superior a 5 l";;;;;;;;
ncm:22042211|p0001|2026-09-16T00:44:17Z|08;ncm:22042211;22042211;1;8;2026-09-16T00:44:17Z;PILAR;VINHO CANCAO TINTO SUAVE 4600;7896780900042;;0.0;0.0;0.0;;;2014-04-24T11:07:34.000-03:00;2026-08-18T19:04:36.000-03:00;;;;0.0;0.0;2;COSMOS;https://cosmos.bluesoft.com.br/products/barcode/76A47E4B739DEBA9FD155DEBD517BA43.png;VINHOS CANÇÃO;/assets/brand-placeholder-7080174fbd24025783105a607811edad.png;;;22042211;Em recipientes de capacidade não superior a 5 l;"Bebidas, líquidos alcoólicos e vinagres - Vinhos de uvas frescas, incluindo os vinhos enriquecidos com álcool; mostos de uvas, excluindo os da posição 20.09. - Outros vinhos; mostos de uvas cuja fermentação tenha sido impedida ou interrompida por adição de álcool: - Em recipientes de capacidade não superior a 5 l";;;;;;;;
ncm:22042211|p0001|2026-09-16T00:44:17Z|09;ncm:22042211;22042211;1;9;2026-09-16T00:44:17Z;PILAR;VINHO BRASILEIRO BRANCO MEIO SECO MARCUS JAMES CHARDONNAY SERRA GAÚCHA BAG IN BOX 3L;7891141024313;https://cdn-cosmos.bluesoft.com.br/products/7891141024313;;;;;;2014-04-24T11:07:34.000-03:00;2026-07-26T21:20:35.000-03:00;;;;0.0;0.0;1;COSMOS;https://cosmos.bluesoft.com.br/products/barcode/95E97FAF3516BD31097C3C60AEA98962.png;MARCUS JAMES;/assets/brand-placeholder-7080174fbd24025783105a607811edad.png;;;22042211;Em recipientes de capacidade não superior a 5 l;"Bebidas, líquidos alcoólicos e vinagres - Vinhos de uvas frescas, incluindo os vinhos enriquecidos com álcool; mostos de uvas, excluindo os da posição 20.09. - Outros vinhos; mostos de uvas cuja fermentação tenha sido impedida ou interrompida por adição de álcool: - Em recipientes de capacidade não superior a 5 l";;245;Vinho Branco;74;;;;
ncm:22042211|p0001|2026-09-16T00:44:17Z|10;ncm:22042211;22042211;1;10;2026-09-16T00:44:17Z;PILAR;VINHO IRMAOS PICCOLI 4,5LT BCO SCO;7897365300035;;0.0;0.0;0.0;;;2014-04-24T11:07:34.000-03:00;2026-07-31T21:33:37.000-03:00;;;;0.0;0.0;1;COSMOS;https://cosmos.bluesoft.com.br/products/barcode/A84E3AA8B1B7946817C28F99EEDDC124.png;;;;;22042211;Em recipientes de capacidade não superior a 5 l;"Bebidas, líquidos alcoólicos e vinagres - Vinhos de uvas frescas, incluindo os vinhos enriquecidos com álcool; mostos de uvas, excluindo os da posição 20.09. - Outros vinhos; mostos de uvas cuja fermentação tenha sido impedida ou interrompida por adição de álcool: - Em recipientes de capacidade não superior a 5 l";;;;;;;;
ncm:22042211|p0001|2026-09-16T00:44:17Z|11;ncm:22042211;22042211;1;11;2026-09-16T00:44:17Z;PILAR;VINHO PINHEIRENSE 4 6LT TTO SECO;7898307570028;;;;;;;2014-04-24T11:07:34.000-03:00;2026-08-02T07:10:14.000-03:00;;;;0.0;0.0;1;COSMOS;https://cosmos.bluesoft.com.br/products/barcode/8347A5C423E2B4CCFA19A67AB6DBF0FE.png;;;;;22042211;Em recipientes de capacidade não superior a 5 l;"Bebidas, líquidos alcoólicos e vinagres - Vinhos de uvas frescas, incluindo os vinhos enriquecidos com álcool; mostos de uvas, excluindo os da posição 20.09. - Outros vinhos; mostos de uvas cuja fermentação tenha sido impedida ou interrompida por adição de álcool: - Em recipientes de capacidade não superior a 5 l";;;;;;;;
ncm:22042211|p0001|2026-09-16T00:44:17Z|12;ncm:22042211;22042211;1;12;2026-09-16T00:44:17Z;PILAR;VINHO RANDON 4,6L ROSADO SECO;7896741646200;;0.0;0.0;0.0;;;2014-04-24T11:07:34.000-03:00;2026-07-31T17:51:07.000-03:00;;;;0.0;0.0;1;COSMOS;https://cosmos.bluesoft.com.br/products/barcode/00151B6505D4390056A6162074E81869.png;;;;;22042211;Em recipientes de capacidade não superior a 5 l;"Bebidas, líquidos alcoólicos e vinagres - Vinhos de uvas frescas, incluindo os vinhos enriquecidos com álcool; mostos de uvas, excluindo os da posição 20.09. - Outros vinhos; mostos de uvas cuja fermentação tenha sido impedida ou interrompida por adição de álcool: - Em recipientes de capacidade não superior a 5 l";;;;;;;;
ncm:22042211|p0001|2026-09-16T00:44:17Z|13;ncm:22042211;22042211;1;13;2026-09-16T00:44:17Z;PILAR;VINHO SANGUE BOI TIN/SUAVE 3L;7891141021091;;;;;;;2014-04-24T11:07:34.000-03:00;2026-07-26T21:20:15.000-03:00;;;;0.0;0.0;1;COSMOS;https://cosmos.bluesoft.com.br/products/barcode/95E97FAF3516BD312040848CE97854AB.png;;;;;22042211;Em recipientes de capacidade não superior a 5 l;"Bebidas, líquidos alcoólicos e vinagres - Vinhos de uvas frescas, incluindo os vinhos enriquecidos com álcool; mostos de uvas, excluindo os da posição 20.09. - Outros vinhos; mostos de uvas cuja fermentação tenha sido impedida ou interrompida por adição de álcool: - Em recipientes de capacidade não superior a 5 l";;;;;;;;
ncm:22042211|p0001|2026-09-16T00:44:17Z|14;ncm:22042211;22042211;1;14;2026-09-16T00:44:17Z;PILAR;VINHO IRMAOS PICCOLI 4,5LT TNTO SECO;7897365300011;;0.0;0.0;0.0;;;2014-04-24T11:07:34.000-03:00;2026-07-31T21:33:36.000-03:00;;;;0.0;0.0;1;COSMOS;https://cosmos.bluesoft.com.br/products/barcode/A84E3AA8B1B7946880AB0732944B63F8.png;;;;;22042211;Em recipientes de capacidade não superior a 5 l;"Bebidas, líquidos alcoólicos e vinagres - Vinhos de uvas frescas, incluindo os vinhos enriquecidos com álcool; mostos de uvas, excluindo os da posição 20.09. - Outros vinhos; mostos de uvas cuja fermentação tenha sido impedida ou interrompida por adição de álcool: - Em recipientes de capacidade não superior a 5 l";;;;;;;;
ncm:22042211|p0001|2026-09-16T00:44:17Z|15;ncm:22042211;22042211;1;15;2026-09-16T00:44:17Z;PILAR;COQUEL CANTINA SECO 4,6;7896741682307;https://cdn-cosmos.bluesoft.com.br/products/7896741682307;1.0;1.0;1.0;4600;4700;2014-04-24T11:07:34.000-03:00;2026-07-31T17:51:32.000-03:00;;;;0.0;0.0;2;COSMOS;https://cosmos.bluesoft.com.br/products/barcode/00151B6505D439005D530D0529C417EA.png;;;;;22042211;Em recipientes de capacidade não superior a 5 l;"Bebidas, líquidos alcoólicos e vinagres - Vinhos de uvas frescas, incluindo os vinhos enriquecidos com álcool; mostos de uvas, excluindo os da posição 20.09. - Outros vinhos; mostos de uvas cuja fermentação tenha sido impedida ou interrompida por adição de álcool: - Em recipientes de capacidade não superior a 5 l";;216;Vinhos Brasileiros;74;;;;
ncm:22042211|p0001|2026-09-16T00:44:17Z|16;ncm:22042211;22042211;1;16;2026-09-16T00:44:17Z;PILAR;VINHO RANDON 4 6L TINTO SUAVE;7896741646156;https://cdn-cosmos.bluesoft.com.br/products/7896741646156;;;;;;2014-04-24T11:07:34.000-03:00;2026-08-20T10:00:45.000-03:00;;;;0.0;0.0;1;COSMOS;https://cosmos.bluesoft.com.br/products/barcode/00151B6505D43900893D2623E2384BEA.png;RANDON;/assets/brand-placeholder-7080174fbd24025783105a607811edad.png;;;22042211;Em recipientes de capacidade não superior a 5 l;"Bebidas, líquidos alcoólicos e vinagres - Vinhos de uvas frescas, incluindo os vinhos enriquecidos com álcool; mostos de uvas, excluindo os da posição 20.09. - Outros vinhos; mostos de uvas cuja fermentação tenha sido impedida ou interrompida por adição de álcool: - Em recipientes de capacidade não superior a 5 l";;74;Vinhos;65;;;;
ncm:22042211|p0001|2026-09-16T00:44:17Z|17;ncm:22042211;22042211;1;17;2026-09-16T00:44:17Z;PILAR;COQUETEL VINHO TINTO 7COLINAS 4LT;7896514700153;;;;;;;2014-04-24T11:07:34.000-03:00;2026-07-31T15:32:01.000-03:00;;;;0.0;0.0;1;COSMOS;https://cosmos.bluesoft.com.br/products/barcode/C42DA504AAC1985B2A73192F11AB72AC.png;;;;;22042211;Em recipientes de capacidade não superior a 5 l;"Bebidas, líquidos alcoólicos e vinagres - Vinhos de uvas frescas, incluindo os vinhos enriquecidos com álcool; mostos de uvas, excluindo os da posição 20.09. - Outros vinhos; mostos de uvas cuja fermentação tenha sido impedida ou interrompida por adição de álcool: - Em recipientes de capacidade não superior a 5 l";;;;;;;;
ncm:22042211|p0001|2026-09-16T00:44:17Z|18;ncm:22042211;22042211;1;18;2026-09-16T00:44:17Z;PILAR;VINHO FONTANA TTO SUAVE 4LT;7896654400692;;0.0;0.0;0.0;;;2014-04-24T11:07:34.000-03:00;2026-07-31T17:03:26.000-03:00;;;;0.0;0.0;1;COSMOS;https://cosmos.bluesoft.com.br/products/barcode/2B9F538228D4B9ECB29F0CE1C61310BC.png;;;;;22042211;Em recipientes de capacidade não superior a 5 l;"Bebidas, líquidos alcoólicos e vinagres - Vinhos de uvas frescas, incluindo os vinhos enriquecidos com álcool; mostos de uvas, excluindo os da posição 20.09. - Outros vinhos; mostos de uvas cuja fermentação tenha sido impedida ou interrompida por adição de álcool: - Em recipientes de capacidade não superior a 5 l";;;;;;;;
ncm:22042211|p0001|2026-09-16T00:44:17Z|19;ncm:22042211;22042211;1;19;2026-09-16T00:44:17Z;PILAR;VINHO MARAVILHA GARR 4 5LT SECO;7896731300044;;;;;;;2014-04-24T11:07:34.000-03:00;2026-07-31T17:48:20.000-03:00;;;;0.0;0.0;1;COSMOS;https://cosmos.bluesoft.com.br/products/barcode/BAE5C8D2BB589431D11385A693A3E4C3.png;;;;;22042211;Em recipientes de capacidade não superior a 5 l;"Bebidas, líquidos alcoólicos e vinagres - Vinhos de uvas frescas, incluindo os vinhos enriquecidos com álcool; mostos de uvas, excluindo os da posição 20.09. - Outros vinhos; mostos de uvas cuja fermentação tenha sido impedida ou interrompida por adição de álcool: - Em recipientes de capacidade não superior a 5 l";;;;;;;;
ncm:22042211|p0001|2026-09-16T00:44:17Z|20;ncm:22042211;22042211;1;20;2026-09-16T00:44:17Z;PILAR;VINHO MARAVILHA GARR 4 5LT SUAVE;7896731300235;;0.0;0.0;0.0;4500;4600;2014-04-24T11:07:34.000-03:00;2026-07-31T17:48:25.000-03:00;;;;0.0;0.0;1;COSMOS;https://cosmos.bluesoft.com.br/products/barcode/BAE5C8D2BB589431F288DFAB5B07A0EF.png;;;;;22042211;Em recipientes de capacidade não superior a 5 l;"Bebidas, líquidos alcoólicos e vinagres - Vinhos de uvas frescas, incluindo os vinhos enriquecidos com álcool; mostos de uvas, excluindo os da posição 20.09. - Outros vinhos; mostos de uvas cuja fermentação tenha sido impedida ou interrompida por adição de álcool: - Em recipientes de capacidade não superior a 5 l";;;;;;;;
ncm:22042211|p0001|2026-09-16T00:44:17Z|21;ncm:22042211;22042211;1;21;2026-09-16T00:44:17Z;PILAR;VH NAC CANCAO GARRAFAO BCO SV 2X4.6 | VINHO CANCAO BRANCO SUAVE 4600;7896780900066;;;;;;;2014-04-24T11:07:34.000-03:00;2026-07-31T18:17:12.000-03:00;;;;0.0;0.0;1;COSMOS;https://cosmos.bluesoft.com.br/products/barcode/76A47E4B739DEBA9AF2AE060F05E4A52.png;;;;;22042211;Em recipientes de capacidade não superior a 5 l;"Bebidas, líquidos alcoólicos e vinagres - Vinhos de uvas frescas, incluindo os vinhos enriquecidos com álcool; mostos de uvas, excluindo os da posição 20.09. - Outros vinhos; mostos de uvas cuja fermentação tenha sido impedida ou interrompida por adição de álcool: - Em recipientes de capacidade não superior a 5 l";;;;;;;;
ncm:22042211|p0001|2026-09-16T00:44:17Z|22;ncm:22042211;22042211;1;22;2026-09-16T00:44:17Z;PILAR;GARRAFAO CANCAO 4,6 L TINTO SECO;7896780902008;;;;;;;2014-04-24T11:07:34.000-03:00;2026-07-31T18:17:20.000-03:00;;;;0.0;0.0;1;COSMOS;https://cosmos.bluesoft.com.br/products/barcode/76A47E4B739DEBA9B964F129FF4549FE.png;;;;;22042211;Em recipientes de capacidade não superior a 5 l;"Bebidas, líquidos alcoólicos e vinagres - Vinhos de uvas frescas, incluindo os vinhos enriquecidos com álcool; mostos de uvas, excluindo os da posição 20.09. - Outros vinhos; mostos de uvas cuja fermentação tenha sido impedida ou interrompida por adição de álcool: - Em recipientes de capacidade não superior a 5 l";;;;;;;;
ncm:22042211|p0001|2026-09-16T00:44:17Z|23;ncm:22042211;22042211;1;23;2026-09-16T00:44:17Z;PILAR;VINHO BRASILEIRO BRANCO MEIO SECO MOSTEIRO SERRA GAÚCHA GARRAFÃO 4L;7891141021640;https://cdn-cosmos.bluesoft.com.br/products/7891141021640;;;;;;2015-01-14T22:00:00.000-02:00;2026-09-15T09:32:37.000-03:00;;;;0.0;0.0;2;COSMOS;https://cosmos.bluesoft.com.br/products/barcode/95E97FAF3516BD31A23A929FD157323A.png;MOSTEIRO;/assets/brand-placeholder-7080174fbd24025783105a607811edad.png;;;22042211;Em recipientes de capacidade não superior a 5 l;"Bebidas, líquidos alcoólicos e vinagres - Vinhos de uvas frescas, incluindo os vinhos enriquecidos com álcool; mostos de uvas, excluindo os da posição 20.09. - Outros vinhos; mostos de uvas cuja fermentação tenha sido impedida ou interrompida por adição de álcool: - Em recipientes de capacidade não superior a 5 l";;245;Vinho Branco;74;;;;
ncm:22042211|p0001|2026-09-16T00:44:17Z|24;ncm:22042211;22042211;1;24;2026-09-16T00:44:17Z;PILAR;VINHO RANDON BRANCO SECO 4 6L;7896741649508;;;;;;;2015-01-14T22:00:00.000-02:00;2026-07-31T17:51:21.000-03:00;;;;0.0;0.0;1;COSMOS;https://cosmos.bluesoft.com.br/products/barcode/00151B6505D439009428C852C3A1080D.png;;;;;22042211;Em recipientes de capacidade não superior a 5 l;"Bebidas, líquidos alcoólicos e vinagres - Vinhos de uvas frescas, incluindo os vinhos enriquecidos com álcool; mostos de uvas, excluindo os da posição 20.09. - Outros vinhos; mostos de uvas cuja fermentação tenha sido impedida ou interrompida por adição de álcool: - Em recipientes de capacidade não superior a 5 l";;;;;;;;
ncm:22042211|p0001|2026-09-16T00:44:17Z|25;ncm:22042211;22042211;1;25;2026-09-16T00:44:17Z;PILAR;VINHO RANDON TINTO SECO 4 6L;7896741649652;;;;;;;2015-01-14T22:00:00.000-02:00;2026-07-31T17:51:22.000-03:00;;;;0.0;0.0;0;COSMOS;https://cosmos.bluesoft.com.br/products/barcode/00151B6505D439000CD6474E074B4724.png;;;;;22042211;Em recipientes de capacidade não superior a 5 l;"Bebidas, líquidos alcoólicos e vinagres - Vinhos de uvas frescas, incluindo os vinhos enriquecidos com álcool; mostos de uvas, excluindo os da posição 20.09. - Outros vinhos; mostos de uvas cuja fermentação tenha sido impedida ou interrompida por adição de álcool: - Em recipientes de capacidade não superior a 5 l";;;;;;;;
ncm:22042211|p0001|2026-09-16T00:44:17Z|26;ncm:22042211;22042211;1;26;2026-09-16T00:44:17Z;PILAR;VINHO RANDON TINTO SUAVE 4 6L;7896741649669;https://cdn-cosmos.bluesoft.com.br/products/7896741649669;;;;;;2015-01-14T22:00:00.000-02:00;2026-07-31T17:51:23.000-03:00;;;;0.0;0.0;1;COSMOS;https://cosmos.bluesoft.com.br/products/barcode/00151B6505D439002F43F6247024B753.png;;;;;22042211;Em recipientes de capacidade não superior a 5 l;"Bebidas, líquidos alcoólicos e vinagres - Vinhos de uvas frescas, incluindo os vinhos enriquecidos com álcool; mostos de uvas, excluindo os da posição 20.09. - Outros vinhos; mostos de uvas cuja fermentação tenha sido impedida ou interrompida por adição de álcool: - Em recipientes de capacidade não superior a 5 l";;;;;;;;
ncm:22042211|p0001|2026-09-16T00:44:17Z|27;ncm:22042211;22042211;1;27;2026-09-16T00:44:17Z;PILAR;VINHO TTO SUAVE CAVES S ROQUE GF 4,6 LT;7896031000880;;0.0;0.0;0.0;1000;1050;2015-05-08T18:34:08.000-03:00;2026-07-30T03:50:24.000-03:00;;;;0.0;0.0;1;COSMOS;https://cosmos.bluesoft.com.br/products/barcode/F6B5BA6E9A5ABEB2F9F3C97D9D503B09.png;;;;;22042211;Em recipientes de capacidade não superior a 5 l;"Bebidas, líquidos alcoólicos e vinagres - Vinhos de uvas frescas, incluindo os vinhos enriquecidos com álcool; mostos de uvas, excluindo os da posição 20.09. - Outros vinhos; mostos de uvas cuja fermentação tenha sido impedida ou interrompida por adição de álcool: - Em recipientes de capacidade não superior a 5 l";;;;;;;;
ncm:22042211|p0001|2026-09-16T00:44:17Z|28;ncm:22042211;22042211;1;28;2026-09-16T00:44:17Z;PILAR;MIORANZA |4600|WINE;7896589105020;;;;;;;2015-09-17T06:42:58.000-03:00;2026-07-31T16:26:14.000-03:00;;;;0.0;0.0;1;COSMOS;https://cosmos.bluesoft.com.br/products/barcode/989D4AE7BAC48F25AF49E7E3518FD8DD.png;;;;;22042211;Em recipientes de capacidade não superior a 5 l;"Bebidas, líquidos alcoólicos e vinagres - Vinhos de uvas frescas, incluindo os vinhos enriquecidos com álcool; mostos de uvas, excluindo os da posição 20.09. - Outros vinhos; mostos de uvas cuja fermentação tenha sido impedida ou interrompida por adição de álcool: - Em recipientes de capacidade não superior a 5 l";;;;;;;;
ncm:22042211|p0001|2026-09-16T00:44:17Z|29;ncm:22042211;22042211;1;29;2026-09-16T00:44:17Z;PILAR;HALBERTH GARRAFAO T|4600|WINE;7896136921011;;;;;;;2015-09-17T07:53:31.000-03:00;2026-07-30T07:31:29.000-03:00;;;;0.0;0.0;1;COSMOS;https://cosmos.bluesoft.com.br/products/barcode/582AF2F2B9E4EA73B72184F73D9EAB53.png;;;;;22042211;Em recipientes de capacidade não superior a 5 l;"Bebidas, líquidos alcoólicos e vinagres - Vinhos de uvas frescas, incluindo os vinhos enriquecidos com álcool; mostos de uvas, excluindo os da posição 20.09. - Outros vinhos; mostos de uvas cuja fermentação tenha sido impedida ou interrompida por adição de álcool: - Em recipientes de capacidade não superior a 5 l";;;;;;;;
ncm:22042211|p0001|2026-09-16T00:44:17Z|30;ncm:22042211;22042211;1;30;2026-09-16T00:44:17Z;PILAR;HALBETTH GARRAFAO W|4600|WINE;7896136921202;;;;;;;2015-09-17T07:53:31.000-03:00;2026-07-30T07:31:31.000-03:00;;;;0.0;0.0;1;COSMOS;https://cosmos.bluesoft.com.br/products/barcode/582AF2F2B9E4EA73BA871EA1DD3863C0.png;;;;;22042211;Em recipientes de capacidade não superior a 5 l;"Bebidas, líquidos alcoólicos e vinagres - Vinhos de uvas frescas, incluindo os vinhos enriquecidos com álcool; mostos de uvas, excluindo os da posição 20.09. - Outros vinhos; mostos de uvas cuja fermentação tenha sido impedida ou interrompida por adição de álcool: - Em recipientes de capacidade não superior a 5 l";;;;;;;;
ncm:22042910|p0001|2026-09-16T00:44:18Z|01;ncm:22042910;22042910;1;1;2026-09-16T00:44:18Z;PILAR;VINHO CANGUERA 4 5L TINTO SECO;7897819893045;;0.0;0.0;0.0;;;2014-04-24T11:07:34.000-03:00;2026-07-31T23:48:34.000-03:00;;;;0.0;0.0;1;COSMOS;https://cosmos.bluesoft.com.br/products/barcode/2CD3511E2A38AE012917D21F0E0E0195.png;;;;;22042910;Vinhos;"Bebidas, líquidos alcoólicos e vinagres - Vinhos de uvas frescas, incluídos os vinhos enriquecidos com álcool; mostos de uvas, excluídos os da posição 2009 - Outros vinhos; mostos de uvas cuja fermentação tenha sido impedida ou interrompida por adição de álcool: - Outros  - Vinhos - Vinhos";;247;Vinho Tinto;74;;;;
ncm:22042910|p0001|2026-09-16T00:44:18Z|02;ncm:22042910;22042910;1;2;2026-09-16T00:44:18Z;PILAR;SUCO ADES FRAPE DE COCO;7891700206983;https://cdn-cosmos.bluesoft.com.br/products/7891700206983;;;;;;2014-04-24T11:07:34.000-03:00;2026-07-27T01:52:45.000-03:00;;;;0.0;0.0;1;COSMOS;https://cosmos.bluesoft.com.br/products/barcode/ECE89BB21E3BD2599281EAC2EC1AC1E3.png;ADES;https://cdn-cosmos.bluesoft.com.br/brands/brand_ades;;;22042910;Vinhos;"Bebidas, líquidos alcoólicos e vinagres - Vinhos de uvas frescas, incluídos os vinhos enriquecidos com álcool; mostos de uvas, excluídos os da posição 2009 - Outros vinhos; mostos de uvas cuja fermentação tenha sido impedida ou interrompida por adição de álcool: - Outros  - Vinhos - Vinhos";;;;;;;;
ncm:22042910|p0001|2026-09-16T00:44:18Z|03;ncm:22042910;22042910;1;3;2026-09-16T00:44:18Z;PILAR;VINHO CANGUERA TINTO SECO 2LT;7897819893304;;0.0;0.0;0.0;1000;1050;2014-04-24T11:07:34.000-03:00;2026-07-31T23:48:38.000-03:00;;;;0.0;0.0;1;COSMOS;https://cosmos.bluesoft.com.br/products/barcode/2CD3511E2A38AE016FB8A2954991BBD7.png;;;;;22042910;Vinhos;"Bebidas, líquidos alcoólicos e vinagres - Vinhos de uvas frescas, incluídos os vinhos enriquecidos com álcool; mostos de uvas, excluídos os da posição 2009 - Outros vinhos; mostos de uvas cuja fermentação tenha sido impedida ou interrompida por adição de álcool: - Outros  - Vinhos - Vinhos";;;;;;;;
ncm:22042910|p0001|2026-09-16T00:44:18Z|04;ncm:22042910;22042910;1;4;2026-09-16T00:44:18Z;PILAR;VINHO MONTE CARVALHO BORDO TT SECO;7897779201195;;0.0;0.0;0.0;;;2014-04-24T11:07:34.000-03:00;2026-07-31T23:39:14.000-03:00;;;;0.0;0.0;1;COSMOS;https://cosmos.bluesoft.com.br/products/barcode/05B3B135869A7CCECA6F82C9DD1EF188.png;;;;;22042910;Vinhos;"Bebidas, líquidos alcoólicos e vinagres - Vinhos de uvas frescas, incluídos os vinhos enriquecidos com álcool; mostos de uvas, excluídos os da posição 2009 - Outros vinhos; mostos de uvas cuja fermentação tenha sido impedida ou interrompida por adição de álcool: - Outros  - Vinhos - Vinhos";;;;;;;;
ncm:22042910|p0001|2026-09-16T00:44:18Z|05;ncm:22042910;22042910;1;5;2026-09-16T00:44:18Z;PILAR;VINHO DO FRADE TINTO SUAVE;7898298540185;;;;;;;2014-04-24T11:07:34.000-03:00;2026-08-08T10:05:29.000-03:00;;;;0.0;0.0;1;COSMOS;https://cosmos.bluesoft.com.br/products/barcode/ED771A06496CB763130B413A95A187A5.png;;;;;22042910;Vinhos;"Bebidas, líquidos alcoólicos e vinagres - Vinhos de uvas frescas, incluídos os vinhos enriquecidos com álcool; mostos de uvas, excluídos os da posição 2009 - Outros vinhos; mostos de uvas cuja fermentação tenha sido impedida ou interrompida por adição de álcool: - Outros  - Vinhos - Vinhos";;216;Vinhos Brasileiros;74;;;;
ncm:22042910|p0001|2026-09-16T00:44:18Z|06;ncm:22042910;22042910;1;6;2026-09-16T00:44:18Z;PILAR;VINH MONTE CARVALHO 750M;7897779201096;;1.0;1.0;1.0;;;2014-04-24T11:07:34.000-03:00;2026-07-31T23:39:13.000-03:00;;;;0.0;0.0;1;COSMOS;https://cosmos.bluesoft.com.br/products/barcode/05B3B135869A7CCE11DA78979FC2AC2D.png;;;;;22042910;Vinhos;"Bebidas, líquidos alcoólicos e vinagres - Vinhos de uvas frescas, incluídos os vinhos enriquecidos com álcool; mostos de uvas, excluídos os da posição 2009 - Outros vinhos; mostos de uvas cuja fermentação tenha sido impedida ou interrompida por adição de álcool: - Outros  - Vinhos - Vinhos";;;;;;;;
ncm:22042910|p0001|2026-09-16T00:44:18Z|07;ncm:22042910;22042910;1;7;2026-09-16T00:44:18Z;PILAR;VINHO GOES 4,5L BRANCO SUAVE;7896266100164;;;;;;;2014-04-24T11:07:34.000-03:00;2026-07-30T09:26:16.000-03:00;;;;0.0;0.0;1;COSMOS;https://cosmos.bluesoft.com.br/products/barcode/35E51BA1D819A4089106842E0D896F5C.png;;;;;22042910;Vinhos;"Bebidas, líquidos alcoólicos e vinagres - Vinhos de uvas frescas, incluídos os vinhos enriquecidos com álcool; mostos de uvas, excluídos os da posição 2009 - Outros vinhos; mostos de uvas cuja fermentação tenha sido impedida ou interrompida por adição de álcool: - Outros  - Vinhos - Vinhos";;;;;;;;
ncm:22042910|p0001|2026-09-16T00:44:18Z|08;ncm:22042910;22042910;1;8;2026-09-16T00:44:18Z;PILAR;VINHO TTO VINAS DEL MAR CARMENERE;7809503500535;;;;;;;2014-04-24T11:07:34.000-03:00;2026-07-25T04:05:33.000-03:00;;;;0.0;0.0;1;COSMOS;https://cosmos.bluesoft.com.br/products/barcode/BA7E177A6D954E46CAC11D0CB9A9CA53.png;;;;;22042910;Vinhos;"Bebidas, líquidos alcoólicos e vinagres - Vinhos de uvas frescas, incluídos os vinhos enriquecidos com álcool; mostos de uvas, excluídos os da posição 2009 - Outros vinhos; mostos de uvas cuja fermentação tenha sido impedida ou interrompida por adição de álcool: - Outros  - Vinhos - Vinhos";;;;;;;;
ncm:22042910|p0001|2026-09-16T00:44:18Z|09;ncm:22042910;22042910;1;9;2026-09-16T00:44:18Z;PILAR;COQUETEL VINHO IRMAOS PICCOLI 4,5L TTO;7897365300028;;;;;1000;1050;2014-04-24T11:07:34.000-03:00;2026-07-31T21:33:37.000-03:00;;;;0.0;0.0;1;COSMOS;https://cosmos.bluesoft.com.br/products/barcode/A84E3AA8B1B79468F5BD7AC22E5FA9DE.png;;;;;22042910;Vinhos;"Bebidas, líquidos alcoólicos e vinagres - Vinhos de uvas frescas, incluídos os vinhos enriquecidos com álcool; mostos de uvas, excluídos os da posição 2009 - Outros vinhos; mostos de uvas cuja fermentação tenha sido impedida ou interrompida por adição de álcool: - Outros  - Vinhos - Vinhos";;;;;;;;
ncm:22042910|p0001|2026-09-16T00:44:18Z|10;ncm:22042910;22042910;1;10;2026-09-16T00:44:18Z;PILAR;CALIFORNIA SHIRAZ 2002;81054594301;https://cdn-cosmos.bluesoft.com.br/products/81054594301;;;;;;2015-09-16T19:29:03.000-03:00;2022-01-04T12:49:02.000-03:00;;;;0.0;0.0;1;COSMOS;https://cosmos.bluesoft.com.br/products/barcode/26FA773C8AA4D4C3F1BCE94269ABC97C.png;;;10000273;Vinho - Fortificado;22042910;Vinhos;"Bebidas, líquidos alcoólicos e vinagres - Vinhos de uvas frescas, incluídos os vinhos enriquecidos com álcool; mostos de uvas, excluídos os da posição 2009 - Outros vinhos; mostos de uvas cuja fermentação tenha sido impedida ou interrompida por adição de álcool: - Outros  - Vinhos - Vinhos";;74;Vinhos;65;;;;
ncm:22042910|p0001|2026-09-16T00:44:18Z|11;ncm:22042910;22042910;1;11;2026-09-16T00:44:18Z;PILAR;PINOT NOIR;16697006669;https://cdn-cosmos.bluesoft.com.br/products/16697006669;;;;;;2015-09-16T20:10:20.000-03:00;2023-05-30T10:10:17.000-03:00;;;;0.0;0.0;1;COSMOS;https://cosmos.bluesoft.com.br/products/barcode/E713766667CB5539CD6C80B9D412E5E7.png;;;;;22042910;Vinhos;"Bebidas, líquidos alcoólicos e vinagres - Vinhos de uvas frescas, incluídos os vinhos enriquecidos com álcool; mostos de uvas, excluídos os da posição 2009 - Outros vinhos; mostos de uvas cuja fermentação tenha sido impedida ou interrompida por adição de álcool: - Outros  - Vinhos - Vinhos";;74;Vinhos;65;;;;
ncm:22042910|p0001|2026-09-16T00:44:18Z|12;ncm:22042910;22042910;1;12;2026-09-16T00:44:18Z;PILAR;CALIFORNIA CHARDONNAY 2002;81054594400;https://cdn-cosmos.bluesoft.com.br/products/81054594400;;;;;;2015-09-16T21:49:51.000-03:00;2021-10-17T07:07:29.000-03:00;;;;0.0;0.0;2;COSMOS;https://cosmos.bluesoft.com.br/products/barcode/26FA773C8AA4D4C37BC4845FA04A57F0.png;;;10000273;Vinho - Fortificado;22042910;Vinhos;"Bebidas, líquidos alcoólicos e vinagres - Vinhos de uvas frescas, incluídos os vinhos enriquecidos com álcool; mostos de uvas, excluídos os da posição 2009 - Outros vinhos; mostos de uvas cuja fermentação tenha sido impedida ou interrompida por adição de álcool: - Outros  - Vinhos - Vinhos";;74;Vinhos;65;;;;
ncm:22042910|p0001|2026-09-16T00:44:18Z|13;ncm:22042910;22042910;1;13;2026-09-16T00:44:18Z;PILAR;CHARDONNAY SONOMA CUVEE;16697000292;https://cdn-cosmos.bluesoft.com.br/products/16697000292;;;;;;2015-09-16T23:04:50.000-03:00;2021-10-17T07:07:30.000-03:00;;;;0.0;0.0;1;COSMOS;https://cosmos.bluesoft.com.br/products/barcode/E713766667CB5539747BA43E1B86F0CC.png;EL GUAPO;https://cdn-cosmos.bluesoft.com.br/brands/brand_el-guapo;;;22042910;Vinhos;"Bebidas, líquidos alcoólicos e vinagres - Vinhos de uvas frescas, incluídos os vinhos enriquecidos com álcool; mostos de uvas, excluídos os da posição 2009 - Outros vinhos; mostos de uvas cuja fermentação tenha sido impedida ou interrompida por adição de álcool: - Outros  - Vinhos - Vinhos";;74;Vinhos;65;;;;
ncm:22042910|p0001|2026-09-16T00:44:18Z|14;ncm:22042910;22042910;1;14;2026-09-16T00:44:18Z;PILAR;VINHO PALMEIRAS BRANCO;7896923205034;;0.0;0.0;0.0;1;1;2015-09-17T06:44:39.000-03:00;2026-07-31T19:14:18.000-03:00;;;;0.0;0.0;1;COSMOS;https://cosmos.bluesoft.com.br/products/barcode/33D4B71452BF3011C04570B0891C5392.png;;;;;22042910;Vinhos;"Bebidas, líquidos alcoólicos e vinagres - Vinhos de uvas frescas, incluídos os vinhos enriquecidos com álcool; mostos de uvas, excluídos os da posição 2009 - Outros vinhos; mostos de uvas cuja fermentação tenha sido impedida ou interrompida por adição de álcool: - Outros  - Vinhos - Vinhos";;;;;;;;
ncm:22042910|p0001|2026-09-16T00:44:18Z|15;ncm:22042910;22042910;1;15;2026-09-16T00:44:18Z;PILAR;VH NAC CANCAO TINTO SUAVE 12X;7896780900318;;;;;;;2015-09-18T16:29:06.000-03:00;2025-08-27T11:46:16.000-03:00;;;;0.0;0.0;1;COSMOS;https://cosmos.bluesoft.com.br/products/barcode/76A47E4B739DEBA94028661AD80FAB3D.png;;;;;22042910;Vinhos;"Bebidas, líquidos alcoólicos e vinagres - Vinhos de uvas frescas, incluídos os vinhos enriquecidos com álcool; mostos de uvas, excluídos os da posição 2009 - Outros vinhos; mostos de uvas cuja fermentação tenha sido impedida ou interrompida por adição de álcool: - Outros  - Vinhos - Vinhos";;;;;;;;
ncm:22042910|p0001|2026-09-16T00:44:18Z|16;ncm:22042910;22042910;1;16;2026-09-16T00:44:18Z;PILAR;VINHO GOES LICOROSO ROSADO 4 5L;7896266100157;;0.0;0.0;0.0;4500;4500;2016-01-19T14:04:51.000-02:00;2026-07-30T09:26:15.000-03:00;;;;0.0;0.0;1;COSMOS;https://cosmos.bluesoft.com.br/products/barcode/35E51BA1D819A408B3E6923526FC29F9.png;;;;;22042910;Vinhos;"Bebidas, líquidos alcoólicos e vinagres - Vinhos de uvas frescas, incluídos os vinhos enriquecidos com álcool; mostos de uvas, excluídos os da posição 2009 - Outros vinhos; mostos de uvas cuja fermentação tenha sido impedida ou interrompida por adição de álcool: - Outros  - Vinhos - Vinhos";;;;;;;;
ncm:22042910|p0001|2026-09-16T00:44:18Z|17;ncm:22042910;22042910;1;17;2026-09-16T00:44:18Z;PILAR;VINHO BORDELES 750ML TINTO SUAVE;7896696600364;;0.0;0.0;0.0;;;2016-04-05T21:06:08.000-03:00;2026-07-31T17:30:18.000-03:00;;;;0.0;0.0;1;COSMOS;https://cosmos.bluesoft.com.br/products/barcode/3F4037F4E21A61F115201DFF6D737F09.png;;;;;22042910;Vinhos;"Bebidas, líquidos alcoólicos e vinagres - Vinhos de uvas frescas, incluídos os vinhos enriquecidos com álcool; mostos de uvas, excluídos os da posição 2009 - Outros vinhos; mostos de uvas cuja fermentação tenha sido impedida ou interrompida por adição de álcool: - Outros  - Vinhos - Vinhos";;;;;;;;
ncm:22042910|p0001|2026-09-16T00:44:18Z|18;ncm:22042910;22042910;1;18;2026-09-16T00:44:18Z;PILAR;VINHO BORDELES 750ML TINTO SECO;7896696600296;;0.0;0.0;0.0;;;2016-04-05T21:14:51.000-03:00;2026-07-31T17:30:17.000-03:00;;;;0.0;0.0;1;COSMOS;https://cosmos.bluesoft.com.br/products/barcode/3F4037F4E21A61F1AA5F85BD38C51982.png;;;;;22042910;Vinhos;"Bebidas, líquidos alcoólicos e vinagres - Vinhos de uvas frescas, incluídos os vinhos enriquecidos com álcool; mostos de uvas, excluídos os da posição 2009 - Outros vinhos; mostos de uvas cuja fermentação tenha sido impedida ou interrompida por adição de álcool: - Outros  - Vinhos - Vinhos";;;;;;;;
ncm:22042910|p0001|2026-09-16T00:44:18Z|19;ncm:22042910;22042910;1;19;2026-09-16T00:44:18Z;PILAR;VINHO GOES 4,5L L.LICOROSO;7896266100140;;0.0;0.0;0.0;;;2016-04-05T21:24:16.000-03:00;2026-07-30T09:26:15.000-03:00;;;;0.0;0.0;1;COSMOS;https://cosmos.bluesoft.com.br/products/barcode/35E51BA1D819A408D5BD6422F21A4094.png;;;;;22042910;Vinhos;"Bebidas, líquidos alcoólicos e vinagres - Vinhos de uvas frescas, incluídos os vinhos enriquecidos com álcool; mostos de uvas, excluídos os da posição 2009 - Outros vinhos; mostos de uvas cuja fermentação tenha sido impedida ou interrompida por adição de álcool: - Outros  - Vinhos - Vinhos";;;;;;;;
ncm:22042910|p0001|2026-09-16T00:44:18Z|20;ncm:22042910;22042910;1;20;2026-09-16T00:44:18Z;PILAR;VINHO DEL GRANO TINTO BORDO SUAVE 1LT;7897015209985;https://cdn-cosmos.bluesoft.com.br/products/7897015209985;;;;;;2016-04-06T01:14:55.000-03:00;2026-08-18T10:11:56.000-03:00;;;;0.0;0.0;3;COSMOS;https://cosmos.bluesoft.com.br/products/barcode/9D30A3AD7D1FA65368D8902D32F5CCF5.png;DEL GRANO;/assets/brand-placeholder-7080174fbd24025783105a607811edad.png;;;22042910;Vinhos;"Bebidas, líquidos alcoólicos e vinagres - Vinhos de uvas frescas, incluídos os vinhos enriquecidos com álcool; mostos de uvas, excluídos os da posição 2009 - Outros vinhos; mostos de uvas cuja fermentação tenha sido impedida ou interrompida por adição de álcool: - Outros  - Vinhos - Vinhos";;216;Vinhos Brasileiros;74;;;;
ncm:22042910|p0001|2026-09-16T00:44:18Z|21;ncm:22042910;22042910;1;21;2026-09-16T00:44:18Z;PILAR;VINHO DEL GRANO BRANCO SECO NIAGARA 1LT;7897015202061;;;;;;;2016-04-06T01:16:29.000-03:00;2026-08-11T06:45:38.000-03:00;;;;0.0;0.0;2;COSMOS;https://cosmos.bluesoft.com.br/products/barcode/9D30A3AD7D1FA653859A0C65624DA815.png;;;;;22042910;Vinhos;"Bebidas, líquidos alcoólicos e vinagres - Vinhos de uvas frescas, incluídos os vinhos enriquecidos com álcool; mostos de uvas, excluídos os da posição 2009 - Outros vinhos; mostos de uvas cuja fermentação tenha sido impedida ou interrompida por adição de álcool: - Outros  - Vinhos - Vinhos";;;;;;;;
ncm:22042910|p0001|2026-09-16T00:44:18Z|22;ncm:22042910;22042910;1;22;2026-09-16T00:44:18Z;PILAR;VINHO DEL GRANO BRANCO SUAVE 1LT;7897015202078;;;;;;;2016-04-06T01:16:30.000-03:00;2026-08-13T19:20:41.000-03:00;;;;0.0;0.0;2;COSMOS;https://cosmos.bluesoft.com.br/products/barcode/9D30A3AD7D1FA6531560E3DDE39B5FA9.png;;;;;22042910;Vinhos;"Bebidas, líquidos alcoólicos e vinagres - Vinhos de uvas frescas, incluídos os vinhos enriquecidos com álcool; mostos de uvas, excluídos os da posição 2009 - Outros vinhos; mostos de uvas cuja fermentação tenha sido impedida ou interrompida por adição de álcool: - Outros  - Vinhos - Vinhos";;;;;;;;
ncm:22042910|p0001|2026-09-16T00:44:18Z|23;ncm:22042910;22042910;1;23;2026-09-16T00:44:18Z;PILAR;VINHO PICCOLI 4.6LT TTO SECO;7897507400036;;;;;;;2016-04-06T02:27:18.000-03:00;2026-07-31T22:13:10.000-03:00;;;;0.0;0.0;1;COSMOS;https://cosmos.bluesoft.com.br/products/barcode/4AE1F427B5788E30293F33D659527B7A.png;;;;;22042910;Vinhos;"Bebidas, líquidos alcoólicos e vinagres - Vinhos de uvas frescas, incluídos os vinhos enriquecidos com álcool; mostos de uvas, excluídos os da posição 2009 - Outros vinhos; mostos de uvas cuja fermentação tenha sido impedida ou interrompida por adição de álcool: - Outros  - Vinhos - Vinhos";;;;;;;;
ncm:22042910|p0001|2026-09-16T00:44:18Z|24;ncm:22042910;22042910;1;24;2026-09-16T00:44:18Z;PILAR;VINHO 7 COLINAS 4L TINTO SUAVE;7896514701365;;;;;;;2017-07-28T09:29:58.000-03:00;2024-06-13T15:37:10.000-03:00;;;;0.0;0.0;1;COSMOS;https://cosmos.bluesoft.com.br/products/barcode/C42DA504AAC1985BBB06FCB0BF52C345.png;;;;;22042910;Vinhos;"Bebidas, líquidos alcoólicos e vinagres - Vinhos de uvas frescas, incluídos os vinhos enriquecidos com álcool; mostos de uvas, excluídos os da posição 2009 - Outros vinhos; mostos de uvas cuja fermentação tenha sido impedida ou interrompida por adição de álcool: - Outros  - Vinhos - Vinhos";;;;;;;;
ncm:22042910|p0001|2026-09-16T00:44:18Z|25;ncm:22042910;22042910;1;25;2026-09-16T00:44:18Z;PILAR;VINHO ITALIA 750ML SASSOALLORO;8033210410255;https://cdn-cosmos.bluesoft.com.br/products/8033210410255/2018-06-29-13-57-13-0300;7.5;30.5;7.5;750;1350;2017-09-14T10:31:39.000-03:00;2026-08-05T04:14:25.000-03:00;;;;0.0;0.0;1;COSMOS;https://cosmos.bluesoft.com.br/products/barcode/D5F31E022365682F5B684EF149983629.png;SASSOALLORO;/assets/brand-placeholder-7080174fbd24025783105a607811edad.png;10000273;Vinho - Fortificado;22042910;Vinhos;"Bebidas, líquidos alcoólicos e vinagres - Vinhos de uvas frescas, incluídos os vinhos enriquecidos com álcool; mostos de uvas, excluídos os da posição 2009 - Outros vinhos; mostos de uvas cuja fermentação tenha sido impedida ou interrompida por adição de álcool: - Outros  - Vinhos - Vinhos";;74;Vinhos;65;;;;
ncm:22042910|p0001|2026-09-16T00:44:18Z|26;ncm:22042910;22042910;1;26;2026-09-16T00:44:18Z;PILAR;VINHO GIACOBAZZI 750ML BIANCO;8008920850820;;;;;;;2017-10-13T07:56:26.000-03:00;2026-08-05T04:05:43.000-03:00;;;;0.0;0.0;1;COSMOS;https://cosmos.bluesoft.com.br/products/barcode/3F4C796D9631D5F866EA620B8FD63FCE.png;;;;;22042910;Vinhos;"Bebidas, líquidos alcoólicos e vinagres - Vinhos de uvas frescas, incluídos os vinhos enriquecidos com álcool; mostos de uvas, excluídos os da posição 2009 - Outros vinhos; mostos de uvas cuja fermentação tenha sido impedida ou interrompida por adição de álcool: - Outros  - Vinhos - Vinhos";;74;Vinhos;65;;;;
ncm:22042910|p0001|2026-09-16T00:44:18Z|27;ncm:22042910;22042910;1;27;2026-09-16T00:44:18Z;PILAR;VINHO LOS TILOS 750ML CABER SAUVIGNON;7804426000247;;;;;;;2017-10-13T07:56:45.000-03:00;2026-07-25T04:00:22.000-03:00;;;;0.0;0.0;1;COSMOS;https://cosmos.bluesoft.com.br/products/barcode/69971AD5E6D4E0C73EA517D4D50BD005.png;;;;;22042910;Vinhos;"Bebidas, líquidos alcoólicos e vinagres - Vinhos de uvas frescas, incluídos os vinhos enriquecidos com álcool; mostos de uvas, excluídos os da posição 2009 - Outros vinhos; mostos de uvas cuja fermentação tenha sido impedida ou interrompida por adição de álcool: - Outros  - Vinhos - Vinhos";;74;Vinhos;65;;;;
ncm:22042910|p0001|2026-09-16T00:44:18Z|28;ncm:22042910;22042910;1;28;2026-09-16T00:44:18Z;PILAR;VINHO CHI MONTES ALPHA CABERNET SAUVIG;7899413373268;https://cdn-cosmos.bluesoft.com.br/products/7899413373268;;;;;;2018-06-24T06:52:14.000-03:00;2026-08-03T15:20:58.000-03:00;;;;0.0;0.0;1;COSMOS;https://cosmos.bluesoft.com.br/products/barcode/BF1074CA64444536E1740BE79F1F2C6F.png;;;;;22042910;Vinhos;"Bebidas, líquidos alcoólicos e vinagres - Vinhos de uvas frescas, incluídos os vinhos enriquecidos com álcool; mostos de uvas, excluídos os da posição 2009 - Outros vinhos; mostos de uvas cuja fermentação tenha sido impedida ou interrompida por adição de álcool: - Outros  - Vinhos - Vinhos";;;;;;;;
ncm:22042910|p0001|2026-09-16T00:44:18Z|29;ncm:22042910;22042910;1;29;2026-09-16T00:44:18Z;PILAR;VINHO MIORANZA 4,6LT BRANCO SUAVE;7896589105068;;;;;;;2018-08-03T18:36:57.000-03:00;2026-07-31T16:26:14.000-03:00;;;;0.0;0.0;1;COSMOS;https://cosmos.bluesoft.com.br/products/barcode/989D4AE7BAC48F252E20DEDF6798CCE2.png;;;;;22042910;Vinhos;"Bebidas, líquidos alcoólicos e vinagres - Vinhos de uvas frescas, incluídos os vinhos enriquecidos com álcool; mostos de uvas, excluídos os da posição 2009 - Outros vinhos; mostos de uvas cuja fermentação tenha sido impedida ou interrompida por adição de álcool: - Outros  - Vinhos - Vinhos";;;;;;;;
ncm:22042910|p0001|2026-09-16T00:44:18Z|30;ncm:22042910;22042910;1;30;2026-09-16T00:44:18Z;PILAR;VINHO PORTUGUES PACHECA 750ML PORTO LAGRIMA;5602947002014;;;;;;;2018-08-14T01:02:23.000-03:00;2026-07-25T01:59:11.000-03:00;;;;0.0;0.0;1;COSMOS;https://cosmos.bluesoft.com.br/products/barcode/6073EC7C397F52BA8C8142B022ACC59D.png;;;;;22042910;Vinhos;"Bebidas, líquidos alcoólicos e vinagres - Vinhos de uvas frescas, incluídos os vinhos enriquecidos com álcool; mostos de uvas, excluídos os da posição 2009 - Outros vinhos; mostos de uvas cuja fermentação tenha sido impedida ou interrompida por adição de álcool: - Outros  - Vinhos - Vinhos";;;;;;;;
ncm:22051000|p0001|2026-09-16T00:44:18Z|01;ncm:22051000;22051000;1;1;2026-09-16T00:44:18Z;PILAR;VERMELHO MARTINI BIANCO | VERMELHOOUTH MARTINI BIANCO;7891125160303;https://cdn-cosmos.bluesoft.com.br/products/7891125160303;;;;;;2014-04-24T11:07:34.000-03:00;2026-07-26T21:09:17.000-03:00;;;;0.0;0.0;1;COSMOS;https://cosmos.bluesoft.com.br/products/barcode/D5D6BB2529369C6F1F822649033A417D.png;BACARDI;https://cdn-cosmos.bluesoft.com.br/brands/brand_bacardi;50000000;Alimentos / Bebidas / Tabaco;22051000;Em recipientes de capacidade não superior a 2 l;Bebidas, líquidos alcoólicos e vinagres - Vermutes e outros vinhos de uvas frescas aromatizados por plantas ou substâncias aromáticas. - Em recipientes de capacidade não superior a 2 l;;;;;;;;
ncm:22051000|p0001|2026-09-16T00:44:18Z|02;ncm:22051000;22051000;1;2;2026-09-16T00:44:18Z;PILAR;VINHO PRIMOR FRATINI TTO ERV;7896291600080;;0.0;0.0;0.0;880;924;2014-04-24T11:07:34.000-03:00;2026-07-30T10:01:01.000-03:00;;;;0.0;0.0;1;COSMOS;https://cosmos.bluesoft.com.br/products/barcode/18B41A10CFA2AA937D665A896D9F9085.png;;;;;22051000;Em recipientes de capacidade não superior a 2 l;Bebidas, líquidos alcoólicos e vinagres - Vermutes e outros vinhos de uvas frescas aromatizados por plantas ou substâncias aromáticas. - Em recipientes de capacidade não superior a 2 l;;216;Vinhos Brasileiros;74;;;;
ncm:22051000|p0001|2026-09-16T00:44:18Z|03;ncm:22051000;22051000;1;3;2026-09-16T00:44:18Z;PILAR;KIT ESTILO TANNAT C/ 1TACA;7896100502185;;0.0;0.0;0.0;;;2014-04-24T11:07:34.000-03:00;2026-07-30T06:49:29.000-03:00;;;;0.0;0.0;1;COSMOS;https://cosmos.bluesoft.com.br/products/barcode/132CADFE30334840AC7AAC298AB44A02.png;;;;;22051000;Em recipientes de capacidade não superior a 2 l;Bebidas, líquidos alcoólicos e vinagres - Vermutes e outros vinhos de uvas frescas aromatizados por plantas ou substâncias aromáticas. - Em recipientes de capacidade não superior a 2 l;;216;Vinhos Brasileiros;74;;;;
ncm:22051000|p0001|2026-09-16T00:44:18Z|04;ncm:22051000;22051000;1;4;2026-09-16T00:44:18Z;PILAR;KIT VARIETAL JOTA PE CAB SAUVIGNON;7896452100190;;;;;;;2014-04-24T11:07:34.000-03:00;2026-07-31T14:39:59.000-03:00;;;;0.0;0.0;1;COSMOS;https://cosmos.bluesoft.com.br/products/barcode/84CD710E4660325F775B87090CF987B4.png;;;;;22051000;Em recipientes de capacidade não superior a 2 l;Bebidas, líquidos alcoólicos e vinagres - Vermutes e outros vinhos de uvas frescas aromatizados por plantas ou substâncias aromáticas. - Em recipientes de capacidade não superior a 2 l;;;;;;;;
ncm:22051000|p0001|2026-09-16T00:44:18Z|05;ncm:22051000;22051000;1;5;2026-09-16T00:44:18Z;PILAR;KIT VARIETAL JOTA PE MERLOT;7896452100237;;;;;;;2014-04-24T11:07:34.000-03:00;2026-07-31T14:39:59.000-03:00;;;;0.0;0.0;1;COSMOS;https://cosmos.bluesoft.com.br/products/barcode/84CD710E4660325F1E3A4094755DDBFE.png;;;;;22051000;Em recipientes de capacidade não superior a 2 l;Bebidas, líquidos alcoólicos e vinagres - Vermutes e outros vinhos de uvas frescas aromatizados por plantas ou substâncias aromáticas. - Em recipientes de capacidade não superior a 2 l;;;;;;;;
ncm:22051000|p0001|2026-09-16T00:44:18Z|06;ncm:22051000;22051000;1;6;2026-09-16T00:44:18Z;PILAR;CONTINE;7896008100117;https://cdn-cosmos.bluesoft.com.br/products/7896008100117;;;;;;2014-04-24T11:07:34.000-03:00;2026-07-30T02:10:30.000-03:00;;;;0.0;0.0;1;COSMOS;https://cosmos.bluesoft.com.br/products/barcode/76A292F550AE188943900E381EA035D6.png;;;;;22051000;Em recipientes de capacidade não superior a 2 l;Bebidas, líquidos alcoólicos e vinagres - Vermutes e outros vinhos de uvas frescas aromatizados por plantas ou substâncias aromáticas. - Em recipientes de capacidade não superior a 2 l;;;;;;;;
ncm:22051000|p0001|2026-09-16T00:44:18Z|07;ncm:22051000;22051000;1;7;2026-09-16T00:44:18Z;PILAR;VERMUTE ROSSO CONTINI GARRAFA 900ML;7896008104917;https://cdn-cosmos.bluesoft.com.br/products/7896008104917;;;;;;2014-04-24T11:07:34.000-03:00;2026-09-06T07:40:18.000-03:00;;;;0.0;0.0;1;COSMOS;https://cosmos.bluesoft.com.br/products/barcode/76A292F550AE1889FFFC14F43111B595.png;CONTINI;/assets/brand-placeholder-7080174fbd24025783105a607811edad.png;;;22051000;Em recipientes de capacidade não superior a 2 l;Bebidas, líquidos alcoólicos e vinagres - Vermutes e outros vinhos de uvas frescas aromatizados por plantas ou substâncias aromáticas. - Em recipientes de capacidade não superior a 2 l;;240;Licor;140;;;;
ncm:22051000|p0001|2026-09-16T00:44:18Z|08;ncm:22051000;22051000;1;8;2026-09-16T00:44:18Z;PILAR;VERMUTE TINTO PUNT E MES GARRAFA 750ML;7790290007195;https://cdn-cosmos.bluesoft.com.br/products/7790290007195;;;;;;2014-04-24T11:07:34.000-03:00;2026-09-05T09:01:42.000-03:00;;;;0.0;0.0;2;COSMOS;https://cosmos.bluesoft.com.br/products/barcode/D488B2A7645B91C16019C26420C44AD8.png;FRATELLI BRANCA DESTILERIAS;/assets/brand-placeholder-7080174fbd24025783105a607811edad.png;;;22051000;Em recipientes de capacidade não superior a 2 l;Bebidas, líquidos alcoólicos e vinagres - Vermutes e outros vinhos de uvas frescas aromatizados por plantas ou substâncias aromáticas. - Em recipientes de capacidade não superior a 2 l;;247;Vinho Tinto;74;;;;
ncm:22051000|p0001|2026-09-16T00:44:18Z|09;ncm:22051000;22051000;1;9;2026-09-16T00:44:18Z;PILAR;MARTINI ROS‚|900|VERMOUTH | MARTINI ROSE;7891125160440;https://cdn-cosmos.bluesoft.com.br/products/7891125160440;;;;;;2014-04-24T11:07:34.000-03:00;2026-09-14T10:00:28.000-03:00;;;;0.0;0.0;2;COSMOS;https://cosmos.bluesoft.com.br/products/barcode/D5D6BB2529369C6FD18C07F488D7E07E.png;BACARDI;https://cdn-cosmos.bluesoft.com.br/brands/brand_bacardi;50000000;Alimentos / Bebidas / Tabaco;22051000;Em recipientes de capacidade não superior a 2 l;Bebidas, líquidos alcoólicos e vinagres - Vermutes e outros vinhos de uvas frescas aromatizados por plantas ou substâncias aromáticas. - Em recipientes de capacidade não superior a 2 l;;;;;;;;
ncm:22051000|p0001|2026-09-16T00:44:18Z|10;ncm:22051000;22051000;1;10;2026-09-16T00:44:18Z;PILAR;CINZANO ROSSO|900|VERMOUTH | CINZANO ROSSO;7891136058002;https://cdn-cosmos.bluesoft.com.br/products/7891136058002;;;;;;2014-04-24T11:07:34.000-03:00;2026-07-26T21:17:43.000-03:00;;;;0.0;0.0;2;COSMOS;https://cosmos.bluesoft.com.br/products/barcode/D08C761C8FD6C4463499C27BC25C5D16.png;;;;;22051000;Em recipientes de capacidade não superior a 2 l;Bebidas, líquidos alcoólicos e vinagres - Vermutes e outros vinhos de uvas frescas aromatizados por plantas ou substâncias aromáticas. - Em recipientes de capacidade não superior a 2 l;;;;;;;;
ncm:22051000|p0001|2026-09-16T00:44:18Z|11;ncm:22051000;22051000;1;11;2026-09-16T00:44:18Z;PILAR;ST RAPHAEL ROUGE|750|VERMOUTH;7891125169276;;;;;;;2014-04-24T11:07:34.000-03:00;2026-07-26T21:09:23.000-03:00;;;;0.0;0.0;1;COSMOS;https://cosmos.bluesoft.com.br/products/barcode/D5D6BB2529369C6F31F58F8783422BE0.png;BACARDI;https://cdn-cosmos.bluesoft.com.br/brands/brand_bacardi;50000000;Alimentos / Bebidas / Tabaco;22051000;Em recipientes de capacidade não superior a 2 l;Bebidas, líquidos alcoólicos e vinagres - Vermutes e outros vinhos de uvas frescas aromatizados por plantas ou substâncias aromáticas. - Em recipientes de capacidade não superior a 2 l;;;;;;;;
ncm:22051000|p0001|2026-09-16T00:44:18Z|12;ncm:22051000;22051000;1;12;2026-09-16T00:44:18Z;PILAR;VERMOUTH BARZINI BRANCO DOCE;7896403900176;;0.0;0.0;0.0;;;2014-04-24T11:07:34.000-03:00;2026-07-30T11:35:35.000-03:00;;;;0.0;0.0;1;COSMOS;https://cosmos.bluesoft.com.br/products/barcode/B069158BD2920E4B20B2A5FD824A43B2.png;;;;;22051000;Em recipientes de capacidade não superior a 2 l;Bebidas, líquidos alcoólicos e vinagres - Vermutes e outros vinhos de uvas frescas aromatizados por plantas ou substâncias aromáticas. - Em recipientes de capacidade não superior a 2 l;;;;;;;;
ncm:22051000|p0001|2026-09-16T00:44:18Z|13;ncm:22051000;22051000;1;13;2026-09-16T00:44:18Z;PILAR;VERMOUTH CALDEZANO BRANCO;7896008100063;;0.0;0.0;0.0;;;2014-04-24T11:07:34.000-03:00;2026-07-30T02:10:29.000-03:00;;;;0.0;0.0;1;COSMOS;https://cosmos.bluesoft.com.br/products/barcode/76A292F550AE18892E3FB370236765B5.png;;;;;22051000;Em recipientes de capacidade não superior a 2 l;Bebidas, líquidos alcoólicos e vinagres - Vermutes e outros vinhos de uvas frescas aromatizados por plantas ou substâncias aromáticas. - Em recipientes de capacidade não superior a 2 l;;;;;;;;
ncm:22051000|p0001|2026-09-16T00:44:18Z|14;ncm:22051000;22051000;1;14;2026-09-16T00:44:18Z;PILAR;VERMOUTH MARTILLINI;7896654401231;;;;;;;2014-04-24T11:07:34.000-03:00;2026-07-31T17:03:35.000-03:00;;;;0.0;0.0;1;COSMOS;https://cosmos.bluesoft.com.br/products/barcode/2B9F538228D4B9ECC9E573FEE160E209.png;;;;;22051000;Em recipientes de capacidade não superior a 2 l;Bebidas, líquidos alcoólicos e vinagres - Vermutes e outros vinhos de uvas frescas aromatizados por plantas ou substâncias aromáticas. - Em recipientes de capacidade não superior a 2 l;;;;;;;;
ncm:22051000|p0001|2026-09-16T00:44:18Z|15;ncm:22051000;22051000;1;15;2026-09-16T00:44:18Z;PILAR;VERMOUTH RIVARI BITTER;7896008100223;;;;;;;2014-04-24T11:07:34.000-03:00;2026-07-30T02:10:32.000-03:00;;;;0.0;0.0;1;COSMOS;https://cosmos.bluesoft.com.br/products/barcode/76A292F550AE188924E9B0352D7EA2A8.png;;;;;22051000;Em recipientes de capacidade não superior a 2 l;Bebidas, líquidos alcoólicos e vinagres - Vermutes e outros vinhos de uvas frescas aromatizados por plantas ou substâncias aromáticas. - Em recipientes de capacidade não superior a 2 l;;;;;;;;
ncm:22051000|p0001|2026-09-16T00:44:18Z|16;ncm:22051000;22051000;1;16;2026-09-16T00:44:18Z;PILAR;VERMUTE ROSSO CINZANO GARRAFA 950ML;7891136058019;https://cdn-cosmos.bluesoft.com.br/products/7891136058019;;;;;;2014-04-24T11:07:34.000-03:00;2026-07-26T21:17:43.000-03:00;;;;0.0;0.0;2;COSMOS;https://cosmos.bluesoft.com.br/products/barcode/D08C761C8FD6C446F5195CE392FFA7D7.png;CINZANO;/assets/brand-placeholder-7080174fbd24025783105a607811edad.png;;;22051000;Em recipientes de capacidade não superior a 2 l;Bebidas, líquidos alcoólicos e vinagres - Vermutes e outros vinhos de uvas frescas aromatizados por plantas ou substâncias aromáticas. - Em recipientes de capacidade não superior a 2 l;;269;Aperitivos;140;;;;
ncm:22051000|p0001|2026-09-16T00:44:18Z|17;ncm:22051000;22051000;1;17;2026-09-16T00:44:18Z;PILAR;VERMUTE ROSSO CORTEZANO GARRAFA 900ML;7896072911121;https://cdn-cosmos.bluesoft.com.br/products/7896072911121;;;;;;2014-04-24T11:07:34.000-03:00;2026-08-26T15:41:12.000-03:00;;;;0.0;0.0;3;COSMOS;https://cosmos.bluesoft.com.br/products/barcode/17F9F8EF30CD9F0144207F06958ECA04.png;BRETZKE;https://cdn-cosmos.bluesoft.com.br/brands/brand_bretzke-alimentos;50000000;Alimentos / Bebidas / Tabaco;22051000;Em recipientes de capacidade não superior a 2 l;Bebidas, líquidos alcoólicos e vinagres - Vermutes e outros vinhos de uvas frescas aromatizados por plantas ou substâncias aromáticas. - Em recipientes de capacidade não superior a 2 l;;;;;;;;
ncm:22051000|p0001|2026-09-16T00:44:18Z|18;ncm:22051000;22051000;1;18;2026-09-16T00:44:18Z;PILAR;CATUABA PODEROSO;7896051229100;;;;;;;2014-04-24T11:07:34.000-03:00;2026-07-30T05:06:27.000-03:00;;;;0.0;0.0;1;COSMOS;https://cosmos.bluesoft.com.br/products/barcode/C444B75B05FFD8DEF41E2D03513A803B.png;;;;;22051000;Em recipientes de capacidade não superior a 2 l;Bebidas, líquidos alcoólicos e vinagres - Vermutes e outros vinhos de uvas frescas aromatizados por plantas ou substâncias aromáticas. - Em recipientes de capacidade não superior a 2 l;;;;;;;;
ncm:22051000|p0001|2026-09-16T00:44:18Z|19;ncm:22051000;22051000;1;19;2026-09-16T00:44:18Z;PILAR;COQ VINHO TROPICAL JURUBEBA;7898043100138;;;;;;;2014-04-24T11:07:34.000-03:00;2026-08-02T01:00:15.000-03:00;;;;0.0;0.0;1;COSMOS;https://cosmos.bluesoft.com.br/products/barcode/969F6D6EA58AA62F2D6033A445E6CA87.png;;;;;22051000;Em recipientes de capacidade não superior a 2 l;Bebidas, líquidos alcoólicos e vinagres - Vermutes e outros vinhos de uvas frescas aromatizados por plantas ou substâncias aromáticas. - Em recipientes de capacidade não superior a 2 l;;;;;;;;
ncm:22051000|p0001|2026-09-16T00:44:18Z|20;ncm:22051000;22051000;1;20;2026-09-16T00:44:18Z;PILAR;VERMOUTH FIORINI TINTO;7896092500169;https://cdn-cosmos.bluesoft.com.br/products/7896092500169;0.0;0.0;0.0;;;2014-04-24T11:07:34.000-03:00;2026-07-30T06:31:40.000-03:00;;;;0.0;0.0;2;COSMOS;https://cosmos.bluesoft.com.br/products/barcode/342845AF9D7A74BFDE3CA425AD5B659B.png;FIORINI;/assets/brand-placeholder-7080174fbd24025783105a607811edad.png;;;22051000;Em recipientes de capacidade não superior a 2 l;Bebidas, líquidos alcoólicos e vinagres - Vermutes e outros vinhos de uvas frescas aromatizados por plantas ou substâncias aromáticas. - Em recipientes de capacidade não superior a 2 l;;240;Licor;140;;;;
ncm:22051000|p0001|2026-09-16T00:44:18Z|21;ncm:22051000;22051000;1;21;2026-09-16T00:44:18Z;PILAR;VERMOUTH FRATINI BRANCO;7896291600073;;;;;;;2014-04-24T11:07:34.000-03:00;2026-07-30T10:01:01.000-03:00;;;;0.0;0.0;1;COSMOS;https://cosmos.bluesoft.com.br/products/barcode/18B41A10CFA2AA93EEF47D27A74111DB.png;;;;;22051000;Em recipientes de capacidade não superior a 2 l;Bebidas, líquidos alcoólicos e vinagres - Vermutes e outros vinhos de uvas frescas aromatizados por plantas ou substâncias aromáticas. - Em recipientes de capacidade não superior a 2 l;;;;;;;;
ncm:22051000|p0001|2026-09-16T00:44:18Z|22;ncm:22051000;22051000;1;22;2026-09-16T00:44:18Z;PILAR;VERMUTE BIANCO CORTEZANO GARRAFA 900ML;7896072911138;https://cdn-cosmos.bluesoft.com.br/products/7896072911138;;;;;;2014-04-24T11:07:34.000-03:00;2026-09-10T11:26:41.000-03:00;;;;0.0;0.0;3;COSMOS;https://cosmos.bluesoft.com.br/products/barcode/17F9F8EF30CD9F016A164561947C655D.png;CORTEZANO;/assets/brand-placeholder-7080174fbd24025783105a607811edad.png;;;22051000;Em recipientes de capacidade não superior a 2 l;Bebidas, líquidos alcoólicos e vinagres - Vermutes e outros vinhos de uvas frescas aromatizados por plantas ou substâncias aromáticas. - Em recipientes de capacidade não superior a 2 l;;69;Destilados;140;;;;
ncm:22051000|p0001|2026-09-16T00:44:18Z|23;ncm:22051000;22051000;1;23;2026-09-16T00:44:18Z;PILAR;CONT VERMELHO GOLD SC;7896008100315;;0.0;0.0;0.0;900;945;2014-04-24T11:07:34.000-03:00;2026-07-30T02:10:33.000-03:00;;;;0.0;0.0;1;COSMOS;https://cosmos.bluesoft.com.br/products/barcode/76A292F550AE18893BCFD4DF3FE63D67.png;;;;;22051000;Em recipientes de capacidade não superior a 2 l;Bebidas, líquidos alcoólicos e vinagres - Vermutes e outros vinhos de uvas frescas aromatizados por plantas ou substâncias aromáticas. - Em recipientes de capacidade não superior a 2 l;;;;;;;;
ncm:22051000|p0001|2026-09-16T00:44:18Z|24;ncm:22051000;22051000;1;24;2026-09-16T00:44:18Z;PILAR;CINZANO BIANCO|900|LIQUEURS;7891136060005;https://cdn-cosmos.bluesoft.com.br/products/7891136060005;;;;;;2014-04-24T11:07:34.000-03:00;2026-07-26T21:17:43.000-03:00;;;;0.0;0.0;2;COSMOS;https://cosmos.bluesoft.com.br/products/barcode/D08C761C8FD6C4461E6FB400AA834463.png;MAYORAL;/assets/brand-placeholder-7080174fbd24025783105a607811edad.png;;;22051000;Em recipientes de capacidade não superior a 2 l;Bebidas, líquidos alcoólicos e vinagres - Vermutes e outros vinhos de uvas frescas aromatizados por plantas ou substâncias aromáticas. - Em recipientes de capacidade não superior a 2 l;;74;Vinhos;65;;;;
ncm:22051000|p0001|2026-09-16T00:44:18Z|25;ncm:22051000;22051000;1;25;2026-09-16T00:44:18Z;PILAR;VERMOUTH PAIZANO TINTO;7896051215028;;;;;;;2014-04-24T11:07:34.000-03:00;2026-07-30T05:06:17.000-03:00;;;;0.0;0.0;0;COSMOS;https://cosmos.bluesoft.com.br/products/barcode/C444B75B05FFD8DE84896B95A428D3BE.png;;;;;22051000;Em recipientes de capacidade não superior a 2 l;Bebidas, líquidos alcoólicos e vinagres - Vermutes e outros vinhos de uvas frescas aromatizados por plantas ou substâncias aromáticas. - Em recipientes de capacidade não superior a 2 l;;;;;;;;
ncm:22051000|p0001|2026-09-16T00:44:18Z|26;ncm:22051000;22051000;1;26;2026-09-16T00:44:18Z;PILAR;MARTINI ROSSO|900|VERMOUTH | MARTINI ROSSO;7891125160105;https://cdn-cosmos.bluesoft.com.br/products/7891125160105;;;;;;2014-04-24T11:07:34.000-03:00;2026-07-26T21:09:16.000-03:00;;;;0.0;0.0;1;COSMOS;https://cosmos.bluesoft.com.br/products/barcode/D5D6BB2529369C6F8B5C90CACD2809A7.png;BACARDI;https://cdn-cosmos.bluesoft.com.br/brands/brand_bacardi;50000000;Alimentos / Bebidas / Tabaco;22051000;Em recipientes de capacidade não superior a 2 l;Bebidas, líquidos alcoólicos e vinagres - Vermutes e outros vinhos de uvas frescas aromatizados por plantas ou substâncias aromáticas. - Em recipientes de capacidade não superior a 2 l;;;;;;;;
ncm:22051000|p0001|2026-09-16T00:44:18Z|27;ncm:22051000;22051000;1;27;2026-09-16T00:44:18Z;PILAR;VHO CONO SUR BICLETA GEWURZTRAMINER;7804320753904;;;;;;;2014-04-24T11:07:34.000-03:00;2026-07-25T03:57:04.000-03:00;;;;0.0;0.0;1;COSMOS;https://cosmos.bluesoft.com.br/products/barcode/B7125E2076EB470CAE2E5C1EACDD2057.png;;;;;22051000;Em recipientes de capacidade não superior a 2 l;Bebidas, líquidos alcoólicos e vinagres - Vermutes e outros vinhos de uvas frescas aromatizados por plantas ou substâncias aromáticas. - Em recipientes de capacidade não superior a 2 l;;;;;;;;
ncm:22051000|p0001|2026-09-16T00:44:18Z|28;ncm:22051000;22051000;1;28;2026-09-16T00:44:18Z;PILAR;VINHO CHATEAL MOULIN DE MALLET;3394150029965;;0.0;0.0;0.0;;;2014-04-24T11:07:34.000-03:00;2026-07-23T21:13:26.000-03:00;;;;0.0;0.0;1;COSMOS;https://cosmos.bluesoft.com.br/products/barcode/C3D5BB9295628DB178F940C25B6362D3.png;;;;;22051000;Em recipientes de capacidade não superior a 2 l;Bebidas, líquidos alcoólicos e vinagres - Vermutes e outros vinhos de uvas frescas aromatizados por plantas ou substâncias aromáticas. - Em recipientes de capacidade não superior a 2 l;;;;;;;;
ncm:22051000|p0001|2026-09-16T00:44:18Z|29;ncm:22051000;22051000;1;29;2026-09-16T00:44:18Z;PILAR;VINHO DOMAINE DE PELLEHAUT BETE GASTON;3760087760040;;0.0;0.0;0.0;;;2014-04-24T11:07:34.000-03:00;2026-07-23T21:25:23.000-03:00;;;;0.0;0.0;1;COSMOS;https://cosmos.bluesoft.com.br/products/barcode/43DE73D5956472410C9F77B8EB5C6B14.png;;;;;22051000;Em recipientes de capacidade não superior a 2 l;Bebidas, líquidos alcoólicos e vinagres - Vermutes e outros vinhos de uvas frescas aromatizados por plantas ou substâncias aromáticas. - Em recipientes de capacidade não superior a 2 l;;;;;;;;
ncm:22051000|p0001|2026-09-16T00:44:18Z|30;ncm:22051000;22051000;1;30;2026-09-16T00:44:18Z;PILAR;VINHO TTO VAN LOVEREN RED MUSCADEL;6002269000238;;0.0;0.0;0.0;;;2014-04-24T11:07:34.000-03:00;2026-07-25T02:10:33.000-03:00;;;;0.0;0.0;1;COSMOS;https://cosmos.bluesoft.com.br/products/barcode/F1F51D77B1FA150E1C9940663D8948B7.png;;;;;22051000;Em recipientes de capacidade não superior a 2 l;Bebidas, líquidos alcoólicos e vinagres - Vermutes e outros vinhos de uvas frescas aromatizados por plantas ou substâncias aromáticas. - Em recipientes de capacidade não superior a 2 l;;;;;;;;
ncm:22059000|p0001|2026-09-16T00:44:18Z|01;ncm:22059000;22059000;1;1;2026-09-16T00:44:18Z;PILAR;CONTINI ROSE;7896008104719;;0.0;0.0;0.0;;;2014-04-24T11:07:34.000-03:00;2026-07-30T02:10:46.000-03:00;;;;0.0;0.0;1;COSMOS;https://cosmos.bluesoft.com.br/products/barcode/76A292F550AE18892D908D9D56D18BE5.png;;;;;22059000;Outros;Bebidas, líquidos alcoólicos e vinagres - Vermutes e outros vinhos de uvas frescas aromatizados por plantas ou substâncias aromáticas. - Outros;;;;;;;;
ncm:22059000|p0001|2026-09-16T00:44:18Z|02;ncm:22059000;22059000;1;2;2026-09-16T00:44:18Z;PILAR;VINHO PORT ADRIANO R PINTO TAWNY;5601332000109;http://thumbs.buscape.com.br/vinho/jockey-club-reserva-tawny-burmester-porto_300x300-PU46e58_1.jpg;;;;;;2014-04-24T11:07:34.000-03:00;2026-07-25T01:54:19.000-03:00;;;;0.0;0.0;1;COSMOS;https://cosmos.bluesoft.com.br/products/barcode/854E359565DA3EBEEBAC072F7DF74CED.png;;;;;22059000;Outros;Bebidas, líquidos alcoólicos e vinagres - Vermutes e outros vinhos de uvas frescas aromatizados por plantas ou substâncias aromáticas. - Outros;;;;;;;;
ncm:22059000|p0001|2026-09-16T00:44:18Z|03;ncm:22059000;22059000;1;3;2026-09-16T00:44:18Z;PILAR;VINHO PORT DUAS QUINTAS DOURO TTO;5601332006736;;0.0;0.0;0.0;1;1;2014-04-24T11:07:34.000-03:00;2026-07-25T01:54:24.000-03:00;;;;0.0;0.0;1;COSMOS;https://cosmos.bluesoft.com.br/products/barcode/854E359565DA3EBE9995BDFCDDB44751.png;;;;;22059000;Outros;Bebidas, líquidos alcoólicos e vinagres - Vermutes e outros vinhos de uvas frescas aromatizados por plantas ou substâncias aromáticas. - Outros;;;;;;;;
ncm:22059000|p0001|2026-09-16T00:44:18Z|04;ncm:22059000;22059000;1;4;2026-09-16T00:44:18Z;PILAR;VINHO PORT ESPORAO RESERVA BRANCO;5601989993649;;;;;;;2014-04-24T11:07:34.000-03:00;2026-07-25T01:56:57.000-03:00;;;;0.0;0.0;1;COSMOS;https://cosmos.bluesoft.com.br/products/barcode/15F828878998AC94E6814CF96EA5F02A.png;;;;;22059000;Outros;Bebidas, líquidos alcoólicos e vinagres - Vermutes e outros vinhos de uvas frescas aromatizados por plantas ou substâncias aromáticas. - Outros;;;;;;;;
ncm:22059000|p0001|2026-09-16T00:44:18Z|05;ncm:22059000;22059000;1;5;2026-09-16T00:44:18Z;PILAR;ALANDRA HERDADE DO ESPORAO TINTO CASTELÃO MORETO TRINCADEIRA 2008;5601989996206;https://cdn-cosmos.bluesoft.com.br/products/alandra-375ml-herdade-do-esporao-tinto-castelao-moreto-trincadeira-2008_600x600-PU78984_1.jpg;;;;;;2014-04-24T11:07:34.000-03:00;2026-07-25T01:57:00.000-03:00;;;;0.0;0.0;1;COSMOS;https://cosmos.bluesoft.com.br/products/barcode/15F828878998AC945009F3D8A6CF993D.png;;;;;22059000;Outros;Bebidas, líquidos alcoólicos e vinagres - Vermutes e outros vinhos de uvas frescas aromatizados por plantas ou substâncias aromáticas. - Outros;;;;;;;;
ncm:22059000|p0001|2026-09-16T00:44:18Z|06;ncm:22059000;22059000;1;6;2026-09-16T00:44:18Z;PILAR;VINHO ARGENTO MALBEC ROSE;7794450090850;;;;;;;2014-04-24T11:07:34.000-03:00;2026-07-25T03:40:05.000-03:00;;;;0.0;0.0;1;COSMOS;https://cosmos.bluesoft.com.br/products/barcode/8F672E46CAF3EE09B0598FB4C65BCE2A.png;;;;;22059000;Outros;Bebidas, líquidos alcoólicos e vinagres - Vermutes e outros vinhos de uvas frescas aromatizados por plantas ou substâncias aromáticas. - Outros;;;;;;;;
ncm:22059000|p0001|2026-09-16T00:44:18Z|07;ncm:22059000;22059000;1;7;2026-09-16T00:44:18Z;PILAR;VINHO ARGENTO TTO MALBEC;7798105520235;;0.0;0.0;0.0;1;1;2014-04-24T11:07:34.000-03:00;2026-07-25T03:47:05.000-03:00;;;;0.0;0.0;1;COSMOS;https://cosmos.bluesoft.com.br/products/barcode/39C4C2451E7FA5C26D758095C4AB2CB4.png;;;;;22059000;Outros;Bebidas, líquidos alcoólicos e vinagres - Vermutes e outros vinhos de uvas frescas aromatizados por plantas ou substâncias aromáticas. - Outros;;;;;;;;
ncm:22059000|p0001|2026-09-16T00:44:18Z|08;ncm:22059000;22059000;1;8;2026-09-16T00:44:18Z;PILAR;VINHO BARON DE PARIS ROUGE;3186127725723;;0.0;0.0;0.0;;;2014-04-24T11:07:34.000-03:00;2026-07-23T21:01:18.000-03:00;;;;0.0;0.0;1;COSMOS;https://cosmos.bluesoft.com.br/products/barcode/883C7561F4F4B0949EB533CBE7D2C90B.png;;;;;22059000;Outros;Bebidas, líquidos alcoólicos e vinagres - Vermutes e outros vinhos de uvas frescas aromatizados por plantas ou substâncias aromáticas. - Outros;;;;;;;;
ncm:22059000|p0001|2026-09-16T00:44:18Z|09;ncm:22059000;22059000;1;9;2026-09-16T00:44:18Z;PILAR;VINHO CARTA VIEJA CARME SECO;7804310544420;;0.0;0.0;0.0;;;2014-04-24T11:07:34.000-03:00;2026-07-25T03:55:12.000-03:00;;;;0.0;0.0;1;COSMOS;https://cosmos.bluesoft.com.br/products/barcode/2BBC4BE2055F97BEC2EDA58758421691.png;;;;;22059000;Outros;Bebidas, líquidos alcoólicos e vinagres - Vermutes e outros vinhos de uvas frescas aromatizados por plantas ou substâncias aromáticas. - Outros;;;;;;;;
ncm:22059000|p0001|2026-09-16T00:44:18Z|10;ncm:22059000;22059000;1;10;2026-09-16T00:44:18Z;PILAR;VINHO CHATEAU SAUVIGNON 6/750;7896086800046;;;;;;;2014-04-24T11:07:34.000-03:00;2026-07-30T06:22:44.000-03:00;;;;0.0;0.0;1;COSMOS;https://cosmos.bluesoft.com.br/products/barcode/169E4CAAD62FDB57A5FC85C2C0A04FF6.png;;;;;22059000;Outros;Bebidas, líquidos alcoólicos e vinagres - Vermutes e outros vinhos de uvas frescas aromatizados por plantas ou substâncias aromáticas. - Outros;;;;;;;;
ncm:22059000|p0001|2026-09-16T00:44:18Z|11;ncm:22059000;22059000;1;11;2026-09-16T00:44:18Z;PILAR;VINHO CHATEAUNEUF PAPE CALVAIRE 750M;3262850034605;;0.0;0.0;0.0;1;1;2014-04-24T11:07:34.000-03:00;2026-07-23T21:05:29.000-03:00;;;;0.0;0.0;1;COSMOS;https://cosmos.bluesoft.com.br/products/barcode/39D2D50B6373019794B693AA32FCE615.png;;;;;22059000;Outros;Bebidas, líquidos alcoólicos e vinagres - Vermutes e outros vinhos de uvas frescas aromatizados por plantas ou substâncias aromáticas. - Outros;;;;;;;;
ncm:22059000|p0001|2026-09-16T00:44:18Z|12;ncm:22059000;22059000;1;12;2026-09-16T00:44:18Z;PILAR;VINHO COSTAZURRA MONT ABRUZZO;7898927981051;;;;;;;2014-04-24T11:07:34.000-03:00;2026-08-03T10:03:20.000-03:00;;;;0.0;0.0;1;COSMOS;https://cosmos.bluesoft.com.br/products/barcode/3697FFEDDA37266851C419E4F0DAA158.png;QUERO;https://cdn-cosmos.bluesoft.com.br/brands/brand_quero;;;22059000;Outros;Bebidas, líquidos alcoólicos e vinagres - Vermutes e outros vinhos de uvas frescas aromatizados por plantas ou substâncias aromáticas. - Outros;;;;;;;;
ncm:22059000|p0001|2026-09-16T00:44:18Z|13;ncm:22059000;22059000;1;13;2026-09-16T00:44:18Z;PILAR;VINHO COSTAZZURRA LAMBRUSCO BCO;8008820103132;;0.0;0.0;0.0;;;2014-04-24T11:07:34.000-03:00;2026-08-05T04:04:44.000-03:00;;;;0.0;0.0;1;COSMOS;https://cosmos.bluesoft.com.br/products/barcode/9614AC9810238EDF3CD20AFD526D1E34.png;;;;;22059000;Outros;Bebidas, líquidos alcoólicos e vinagres - Vermutes e outros vinhos de uvas frescas aromatizados por plantas ou substâncias aromáticas. - Outros;;;;;;;;
ncm:22059000|p0001|2026-09-16T00:44:18Z|14;ncm:22059000;22059000;1;14;2026-09-16T00:44:18Z;PILAR;VINHO FLEUR DE ROUGE;3351650000818;;0.0;0.0;0.0;1;1;2014-04-24T11:07:34.000-03:00;2026-07-23T21:11:29.000-03:00;;;;0.0;0.0;1;COSMOS;https://cosmos.bluesoft.com.br/products/barcode/D9427313A4A1744F0B62B7B8FACE3E50.png;;;;;22059000;Outros;Bebidas, líquidos alcoólicos e vinagres - Vermutes e outros vinhos de uvas frescas aromatizados por plantas ou substâncias aromáticas. - Outros;;;;;;;;
ncm:22059000|p0001|2026-09-16T00:44:18Z|15;ncm:22059000;22059000;1;15;2026-09-16T00:44:18Z;PILAR;CHILI CABERNET MERLOT RSE VIN ETRANGER CHILI | VH CH GATO NEGRO ROSE;7804300120634;https://cdn-cosmos.bluesoft.com.br/products/7804300120634;;;;;;2014-04-24T11:07:34.000-03:00;2026-07-25T03:54:09.000-03:00;;;;0.0;0.0;1;COSMOS;https://cosmos.bluesoft.com.br/products/barcode/E8CF0441D2B4AD32694F9F5BA86F58A5.png;GATO NEGRO;/assets/brand-placeholder-7080174fbd24025783105a607811edad.png;;;22059000;Outros;Bebidas, líquidos alcoólicos e vinagres - Vermutes e outros vinhos de uvas frescas aromatizados por plantas ou substâncias aromáticas. - Outros;;246;Vinho Rosé;74;;;;
ncm:22059000|p0001|2026-09-16T00:44:18Z|16;ncm:22059000;22059000;1;16;2026-09-16T00:44:18Z;PILAR;VINHO LA PLAYA CABER SAUV ROSE;7809591501087;;;;;;;2014-04-24T11:07:34.000-03:00;2026-07-25T04:06:57.000-03:00;;;;0.0;0.0;1;COSMOS;https://cosmos.bluesoft.com.br/products/barcode/21EA6C4A8D7F71EA1DD8F160B98CF059.png;;;;;22059000;Outros;Bebidas, líquidos alcoólicos e vinagres - Vermutes e outros vinhos de uvas frescas aromatizados por plantas ou substâncias aromáticas. - Outros;;;;;;;;
ncm:22059000|p0001|2026-09-16T00:44:18Z|17;ncm:22059000;22059000;1;17;2026-09-16T00:44:18Z;PILAR;VINHO LA PLAYA SAUVIGNON BLANC;7809591500271;;;;;;;2014-04-24T11:07:34.000-03:00;2026-07-25T04:06:56.000-03:00;;;;0.0;0.0;1;COSMOS;https://cosmos.bluesoft.com.br/products/barcode/21EA6C4A8D7F71EAB0437C623DA2460B.png;;;;;22059000;Outros;Bebidas, líquidos alcoólicos e vinagres - Vermutes e outros vinhos de uvas frescas aromatizados por plantas ou substâncias aromáticas. - Outros;;;;;;;;
ncm:22059000|p0001|2026-09-16T00:44:18Z|18;ncm:22059000;22059000;1;18;2026-09-16T00:44:18Z;PILAR;VINHO LAMBRUSCO ALLEGRO ROSSO;8010462003336;;0.0;0.0;0.0;1;1;2014-04-24T11:07:34.000-03:00;2026-08-05T04:07:08.000-03:00;;;;0.0;0.0;1;COSMOS;https://cosmos.bluesoft.com.br/products/barcode/1AF7B7D93C230DCF0F5CC9F7FF62254A.png;;;;;22059000;Outros;Bebidas, líquidos alcoólicos e vinagres - Vermutes e outros vinhos de uvas frescas aromatizados por plantas ou substâncias aromáticas. - Outros;;;;;;;;
ncm:22059000|p0001|2026-09-16T00:44:18Z|19;ncm:22059000;22059000;1;19;2026-09-16T00:44:18Z;PILAR;VINHO LIBERTAD MALBEC;7794450091789;;0.0;0.0;0.0;;;2014-04-24T11:07:34.000-03:00;2026-07-25T03:40:08.000-03:00;;;;0.0;0.0;1;COSMOS;https://cosmos.bluesoft.com.br/products/barcode/8F672E46CAF3EE093112A383A948E75E.png;;;;;22059000;Outros;Bebidas, líquidos alcoólicos e vinagres - Vermutes e outros vinhos de uvas frescas aromatizados por plantas ou substâncias aromáticas. - Outros;;;;;;;;
ncm:22059000|p0001|2026-09-16T00:44:18Z|20;ncm:22059000;22059000;1;20;2026-09-16T00:44:18Z;PILAR;VINHO MARANELLO LAMBRUSCO;8004300011386;;0.0;0.0;0.0;0;0;2014-04-24T11:07:34.000-03:00;2026-08-05T03:56:04.000-03:00;;;;0.0;0.0;1;COSMOS;https://cosmos.bluesoft.com.br/products/barcode/268B6876830F4D76DF893EBBBCB95FDF.png;;;;;22059000;Outros;Bebidas, líquidos alcoólicos e vinagres - Vermutes e outros vinhos de uvas frescas aromatizados por plantas ou substâncias aromáticas. - Outros;;;;;;;;
ncm:22059000|p0001|2026-09-16T00:44:18Z|21;ncm:22059000;22059000;1;21;2026-09-16T00:44:18Z;PILAR;VINHO PIAGENTINI TINTO PESSEGO;7896028251936;;;;;;;2014-04-24T11:07:34.000-03:00;2026-07-30T03:42:20.000-03:00;;;;0.0;0.0;1;COSMOS;https://cosmos.bluesoft.com.br/products/barcode/2153AA059CB8550CF5A57551005734C4.png;;;;;22059000;Outros;Bebidas, líquidos alcoólicos e vinagres - Vermutes e outros vinhos de uvas frescas aromatizados por plantas ou substâncias aromáticas. - Outros;;;;;;;;
ncm:22059000|p0001|2026-09-16T00:44:18Z|22;ncm:22059000;22059000;1;22;2026-09-16T00:44:18Z;PILAR;ESPUMANTE FRANCÊS BRANCO BRUT PIERLANT GARRAFA 750ML;3500610006821;https://cdn-cosmos.bluesoft.com.br/products/3500610006821;;;;;;2014-04-24T11:07:34.000-03:00;2026-08-15T00:30:10.000-03:00;;;;0.0;0.0;1;COSMOS;https://cosmos.bluesoft.com.br/products/barcode/802873A0F7D233C0DC59E5A4C723FE36.png;;;;;22059000;Outros;Bebidas, líquidos alcoólicos e vinagres - Vermutes e outros vinhos de uvas frescas aromatizados por plantas ou substâncias aromáticas. - Outros;;143;Espumante e Champanhe;140;;;;
ncm:22059000|p0001|2026-09-16T00:44:18Z|23;ncm:22059000;22059000;1;23;2026-09-16T00:44:18Z;PILAR;ESPUMANTE FRANCÊS BRANCO DEMI-SEC PIERLANT GARRAFA 750ML;3500610006838;https://cdn-cosmos.bluesoft.com.br/products/3500610006838;;;;;;2014-04-24T11:07:34.000-03:00;2026-08-15T00:30:11.000-03:00;;;;0.0;0.0;1;COSMOS;https://cosmos.bluesoft.com.br/products/barcode/802873A0F7D233C09BFBA9A206275197.png;;;;;22059000;Outros;Bebidas, líquidos alcoólicos e vinagres - Vermutes e outros vinhos de uvas frescas aromatizados por plantas ou substâncias aromáticas. - Outros;;143;Espumante e Champanhe;140;;;;
ncm:22059000|p0001|2026-09-16T00:44:18Z|24;ncm:22059000;22059000;1;24;2026-09-16T00:44:18Z;PILAR;VINHO PORTO MESSIAS 10ANOS C/LT;5601292175183;https://cdn-cosmos.bluesoft.com.br/products/5601292175183;;;;;;2014-04-24T11:07:34.000-03:00;2026-07-25T01:54:07.000-03:00;;;;0.0;0.0;3;COSMOS;https://cosmos.bluesoft.com.br/products/barcode/8E950DB713484D7EECF90A614A46F0D5.png;;;;;22059000;Outros;Bebidas, líquidos alcoólicos e vinagres - Vermutes e outros vinhos de uvas frescas aromatizados por plantas ou substâncias aromáticas. - Outros;;74;Vinhos;65;;;;
ncm:22059000|p0001|2026-09-16T00:44:18Z|25;ncm:22059000;22059000;1;25;2026-09-16T00:44:18Z;PILAR;SOFT ROSE WINE;80516135342;https://cdn-cosmos.bluesoft.com.br/products/80516135342;0.0;0.0;0.0;;;2014-04-24T11:07:34.000-03:00;2025-11-18T09:07:20.000-03:00;;;;0.0;0.0;1;COSMOS;https://cosmos.bluesoft.com.br/products/barcode/63A5280689B3F26989E431DCF3CF9065.png;;;;;22059000;Outros;Bebidas, líquidos alcoólicos e vinagres - Vermutes e outros vinhos de uvas frescas aromatizados por plantas ou substâncias aromáticas. - Outros;;;;;;;;
ncm:22059000|p0001|2026-09-16T00:44:18Z|26;ncm:22059000;22059000;1;26;2026-09-16T00:44:18Z;PILAR;VINHO ROCAS VIEJAS TTO SUAVE;7790314058264;;0.0;0.0;0.0;;;2014-04-24T11:07:34.000-03:00;2026-07-25T03:30:06.000-03:00;;;;0.0;0.0;1;COSMOS;https://cosmos.bluesoft.com.br/products/barcode/90A1FF07BE0D792A485FE2F29B4AB006.png;;;;;22059000;Outros;Bebidas, líquidos alcoólicos e vinagres - Vermutes e outros vinhos de uvas frescas aromatizados por plantas ou substâncias aromáticas. - Outros;;;;;;;;
ncm:22059000|p0001|2026-09-16T00:44:18Z|27;ncm:22059000;22059000;1;27;2026-09-16T00:44:18Z;PILAR;VINHO SABATINI LICOROSO;7897268833326;;;;;;;2014-04-24T11:07:34.000-03:00;2026-07-31T21:13:48.000-03:00;;;;0.0;0.0;1;COSMOS;https://cosmos.bluesoft.com.br/products/barcode/D88899839B21808E6DC1F27B902510EA.png;;;;;22059000;Outros;Bebidas, líquidos alcoólicos e vinagres - Vermutes e outros vinhos de uvas frescas aromatizados por plantas ou substâncias aromáticas. - Outros;;;;;;;;
ncm:22059000|p0001|2026-09-16T00:44:18Z|28;ncm:22059000;22059000;1;28;2026-09-16T00:44:18Z;PILAR;VINHO SABATINI ROSE;7897268844421;;;;;;;2014-04-24T11:07:34.000-03:00;2026-07-31T21:13:48.000-03:00;;;;0.0;0.0;1;COSMOS;https://cosmos.bluesoft.com.br/products/barcode/D88899839B21808EE50BDE033A4018A8.png;;;;;22059000;Outros;Bebidas, líquidos alcoólicos e vinagres - Vermutes e outros vinhos de uvas frescas aromatizados por plantas ou substâncias aromáticas. - Outros;;;;;;;;
ncm:22059000|p0001|2026-09-16T00:44:18Z|29;ncm:22059000;22059000;1;29;2026-09-16T00:44:18Z;PILAR;VINHO SAN SIMON RES ESP TTO;7802940730756;;;;;;;2014-04-24T11:07:34.000-03:00;2026-07-25T03:53:36.000-03:00;;;;0.0;0.0;1;COSMOS;https://cosmos.bluesoft.com.br/products/barcode/DF14546E674B571E96A6B9F73B992189.png;;;;;22059000;Outros;Bebidas, líquidos alcoólicos e vinagres - Vermutes e outros vinhos de uvas frescas aromatizados por plantas ou substâncias aromáticas. - Outros;;;;;;;;
ncm:22059000|p0001|2026-09-16T00:44:18Z|30;ncm:22059000;22059000;1;30;2026-09-16T00:44:18Z;PILAR;GINGINHA NATURAL NETO COSTA;5601193200014;;0.0;0.0;0.0;;;2014-04-24T11:07:34.000-03:00;2026-07-25T01:51:14.000-03:00;;;;0.0;0.0;1;COSMOS;https://cosmos.bluesoft.com.br/products/barcode/920D33837B25AA7B271499888AEA50C5.png;;;;;22059000;Outros;Bebidas, líquidos alcoólicos e vinagres - Vermutes e outros vinhos de uvas frescas aromatizados por plantas ou substâncias aromáticas. - Outros;;;;;;;;
ncm:22060010|p0001|2026-09-16T00:44:19Z|01;ncm:22060010;22060010;1;1;2026-09-16T00:44:19Z;PILAR;ESPUMA DE PRATA;7896097722085;https://cdn-cosmos.bluesoft.com.br/products/7896097722085;;;;;;2014-04-24T11:07:34.000-03:00;2026-07-30T06:44:51.000-03:00;;;;0.0;0.0;2;COSMOS;https://cosmos.bluesoft.com.br/products/barcode/47F2ADA06F3035C87D76DB585C917BE4.png;PRODUTOS BUFALO;https://cdn-cosmos.bluesoft.com.br/brands/brand_produtos-bufalo;47000000;Produtos de Higiene / Limpeza;22060010;Sidra;"Bebidas, líquidos alcoólicos e vinagres - Outras bebidas fermentadas (sidra, perada, hidromel, por exemplo); misturas de bebidas fermentadas e misturas de bebidas fermentadas com bebidas não alcoólicas, não especificadas nem compreendidas em outras posições - Sidra";;;;;;;;
ncm:22060010|p0001|2026-09-16T00:44:19Z|02;ncm:22060010;22060010;1;2;2026-09-16T00:44:19Z;PILAR;FESTA DE PRATA BRANCO;7896031000613;;;;;;;2014-04-24T11:07:34.000-03:00;2026-07-30T03:50:22.000-03:00;;;;0.0;0.0;2;COSMOS;https://cosmos.bluesoft.com.br/products/barcode/F6B5BA6E9A5ABEB2C13EABBF45CF1DBC.png;;;;;22060010;Sidra;"Bebidas, líquidos alcoólicos e vinagres - Outras bebidas fermentadas (sidra, perada, hidromel, por exemplo); misturas de bebidas fermentadas e misturas de bebidas fermentadas com bebidas não alcoólicas, não especificadas nem compreendidas em outras posições - Sidra";;;;;;;;
ncm:22060010|p0001|2026-09-16T00:44:19Z|03;ncm:22060010;22060010;1;3;2026-09-16T00:44:19Z;PILAR;ESPUMANTE SIDRA VALENCIANA MACA S/ALCOOL;7896028866123;;;;;;;2014-04-24T11:07:34.000-03:00;2026-07-30T03:43:04.000-03:00;;;;0.0;0.0;1;COSMOS;https://cosmos.bluesoft.com.br/products/barcode/29EC6F1B10DC910A97E7592C1EF8F55E.png;;;;;22060010;Sidra;"Bebidas, líquidos alcoólicos e vinagres - Outras bebidas fermentadas (sidra, perada, hidromel, por exemplo); misturas de bebidas fermentadas e misturas de bebidas fermentadas com bebidas não alcoólicas, não especificadas nem compreendidas em outras posições - Sidra";;;;;;;;
ncm:22060010|p0001|2026-09-16T00:44:19Z|04;ncm:22060010;22060010;1;4;2026-09-16T00:44:19Z;PILAR;SIDRA VALENCIANA 12/;7896028251226;;;;;;;2014-04-24T11:07:34.000-03:00;2026-07-30T03:42:08.000-03:00;;;;0.0;0.0;1;COSMOS;https://cosmos.bluesoft.com.br/products/barcode/2153AA059CB8550CCFF908F4622F7378.png;;;;;22060010;Sidra;"Bebidas, líquidos alcoólicos e vinagres - Outras bebidas fermentadas (sidra, perada, hidromel, por exemplo); misturas de bebidas fermentadas e misturas de bebidas fermentadas com bebidas não alcoólicas, não especificadas nem compreendidas em outras posições - Sidra";;;;;1826;0202200;Sidra e similares;1656
ncm:22060010|p0001|2026-09-16T00:44:19Z|05;ncm:22060010;22060010;1;5;2026-09-16T00:44:19Z;PILAR;SIDRA CORINTHIANS CERESER TIMES GARRAFA 660ML;7896072902600;https://cdn-cosmos.bluesoft.com.br/products/7896072902600;;;;;;2014-04-24T11:07:34.000-03:00;2026-07-30T05:54:12.000-03:00;;;;0.0;0.0;3;COSMOS;https://cosmos.bluesoft.com.br/products/barcode/17F9F8EF30CD9F0131789ED1AAB95AED.png;CERESER;/assets/brand-placeholder-7080174fbd24025783105a607811edad.png;;;22060010;Sidra;"Bebidas, líquidos alcoólicos e vinagres - Outras bebidas fermentadas (sidra, perada, hidromel, por exemplo); misturas de bebidas fermentadas e misturas de bebidas fermentadas com bebidas não alcoólicas, não especificadas nem compreendidas em outras posições - Sidra";;143;Espumante e Champanhe;140;1826;0202200;Sidra e similares;1656
ncm:22060010|p0001|2026-09-16T00:44:19Z|06;ncm:22060010;22060010;1;6;2026-09-16T00:44:19Z;PILAR;SIDRA LIDER TRADICIONAL, MACA;7898280620024;;;;;;;2014-04-24T11:07:34.000-03:00;2026-08-02T06:35:27.000-03:00;;;;0.0;0.0;1;COSMOS;https://cosmos.bluesoft.com.br/products/barcode/66EF106777836F907A017BBC4B0356DC.png;;;;;22060010;Sidra;"Bebidas, líquidos alcoólicos e vinagres - Outras bebidas fermentadas (sidra, perada, hidromel, por exemplo); misturas de bebidas fermentadas e misturas de bebidas fermentadas com bebidas não alcoólicas, não especificadas nem compreendidas em outras posições - Sidra";;;;;1826;0202200;Sidra e similares;1656
ncm:22060010|p0001|2026-09-16T00:44:19Z|07;ncm:22060010;22060010;1;7;2026-09-16T00:44:19Z;PILAR;ESPUMANTE CRISTAL PRATA BRANCA;7898280620208;https://cdn-cosmos.bluesoft.com.br/products/7898280620208;;;;;;2014-04-24T11:07:34.000-03:00;2026-08-02T06:35:30.000-03:00;;;;0.0;0.0;2;COSMOS;https://cosmos.bluesoft.com.br/products/barcode/66EF106777836F90AB5FB3C4F94C72DB.png;;;;;22060010;Sidra;"Bebidas, líquidos alcoólicos e vinagres - Outras bebidas fermentadas (sidra, perada, hidromel, por exemplo); misturas de bebidas fermentadas e misturas de bebidas fermentadas com bebidas não alcoólicas, não especificadas nem compreendidas em outras posições - Sidra";;143;Espumante e Champanhe;140;1826;0202200;Sidra e similares;1656
ncm:22060010|p0001|2026-09-16T00:44:19Z|08;ncm:22060010;22060010;1;8;2026-09-16T00:44:19Z;PILAR;SIDRA SÃO PAULO CERESER TIMES GARRAFA 660ML;7896072902822;https://cdn-cosmos.bluesoft.com.br/products/7896072902822;;;;;;2014-04-24T11:07:34.000-03:00;2026-07-30T05:54:14.000-03:00;;;;0.0;0.0;3;COSMOS;https://cosmos.bluesoft.com.br/products/barcode/17F9F8EF30CD9F015A2E071A4F48D06B.png;CERESER;/assets/brand-placeholder-7080174fbd24025783105a607811edad.png;;;22060010;Sidra;"Bebidas, líquidos alcoólicos e vinagres - Outras bebidas fermentadas (sidra, perada, hidromel, por exemplo); misturas de bebidas fermentadas e misturas de bebidas fermentadas com bebidas não alcoólicas, não especificadas nem compreendidas em outras posições - Sidra";;143;Espumante e Champanhe;140;1826;0202200;Sidra e similares;1656
ncm:22060010|p0001|2026-09-16T00:44:19Z|09;ncm:22060010;22060010;1;9;2026-09-16T00:44:19Z;PILAR;SIDRA PALMEIRAS CERESER GARRAFA 660ML;7896072902228;https://cdn-cosmos.bluesoft.com.br/products/7896072902228;;;;;;2014-04-24T11:07:34.000-03:00;2026-07-30T05:54:10.000-03:00;;;;0.0;0.0;2;COSMOS;https://cosmos.bluesoft.com.br/products/barcode/17F9F8EF30CD9F0126052026D847A4DF.png;CERESER;/assets/brand-placeholder-7080174fbd24025783105a607811edad.png;;;22060010;Sidra;"Bebidas, líquidos alcoólicos e vinagres - Outras bebidas fermentadas (sidra, perada, hidromel, por exemplo); misturas de bebidas fermentadas e misturas de bebidas fermentadas com bebidas não alcoólicas, não especificadas nem compreendidas em outras posições - Sidra";;143;Espumante e Champanhe;140;1826;0202200;Sidra e similares;1656
ncm:22060010|p0001|2026-09-16T00:44:19Z|10;ncm:22060010;22060010;1;10;2026-09-16T00:44:19Z;PILAR;SIDRA SANTOS CERESER TIMES GARRAFA 660ML;7896072902877;https://cdn-cosmos.bluesoft.com.br/products/7896072902877;;;;;;2014-04-24T11:07:34.000-03:00;2026-07-30T05:54:15.000-03:00;;;;0.0;0.0;3;COSMOS;https://cosmos.bluesoft.com.br/products/barcode/17F9F8EF30CD9F01DB4A904EB4DF862B.png;CERESER;/assets/brand-placeholder-7080174fbd24025783105a607811edad.png;;;22060010;Sidra;"Bebidas, líquidos alcoólicos e vinagres - Outras bebidas fermentadas (sidra, perada, hidromel, por exemplo); misturas de bebidas fermentadas e misturas de bebidas fermentadas com bebidas não alcoólicas, não especificadas nem compreendidas em outras posições - Sidra";;143;Espumante e Champanhe;140;1826;0202200;Sidra e similares;1656
ncm:22060010|p0001|2026-09-16T00:44:19Z|11;ncm:22060010;22060010;1;11;2026-09-16T00:44:19Z;PILAR;CHAMPAGNE BRINDESPUMA 2 LTRS ROSE;7896028250311;;;;;;;2014-04-24T11:07:34.000-03:00;2026-07-30T03:42:05.000-03:00;;;;0.0;0.0;1;COSMOS;https://cosmos.bluesoft.com.br/products/barcode/2153AA059CB8550CD5C1FA9503E582EE.png;;;;;22060010;Sidra;"Bebidas, líquidos alcoólicos e vinagres - Outras bebidas fermentadas (sidra, perada, hidromel, por exemplo); misturas de bebidas fermentadas e misturas de bebidas fermentadas com bebidas não alcoólicas, não especificadas nem compreendidas em outras posições - Sidra";;;;;;;;
ncm:22060010|p0001|2026-09-16T00:44:19Z|12;ncm:22060010;22060010;1;12;2026-09-16T00:44:19Z;PILAR;SIDRA PULLMAN S/ALCOOL;7896031000507;;0.0;0.0;0.0;1;1;2014-04-24T11:07:34.000-03:00;2026-07-30T03:50:19.000-03:00;;;;0.0;0.0;1;COSMOS;https://cosmos.bluesoft.com.br/products/barcode/F6B5BA6E9A5ABEB22BDF155F72F5BB11.png;;;;;22060010;Sidra;"Bebidas, líquidos alcoólicos e vinagres - Outras bebidas fermentadas (sidra, perada, hidromel, por exemplo); misturas de bebidas fermentadas e misturas de bebidas fermentadas com bebidas não alcoólicas, não especificadas nem compreendidas em outras posições - Sidra";;;;;1826;0202200;Sidra e similares;1656
ncm:22060010|p0001|2026-09-16T00:44:19Z|13;ncm:22060010;22060010;1;13;2026-09-16T00:44:19Z;PILAR;SIDRA GASEIF CHAMPS CLASSIQUE;7896336800734;;;;;;;2014-04-24T11:07:34.000-03:00;2026-07-30T10:50:20.000-03:00;;;;0.0;0.0;2;COSMOS;https://cosmos.bluesoft.com.br/products/barcode/BCBACB2392EA3F75148B055D2F211F5E.png;;;;;22060010;Sidra;"Bebidas, líquidos alcoólicos e vinagres - Outras bebidas fermentadas (sidra, perada, hidromel, por exemplo); misturas de bebidas fermentadas e misturas de bebidas fermentadas com bebidas não alcoólicas, não especificadas nem compreendidas em outras posições - Sidra";;;;;1826;0202200;Sidra e similares;1656
ncm:22060010|p0001|2026-09-16T00:44:19Z|14;ncm:22060010;22060010;1;14;2026-09-16T00:44:19Z;PILAR;SIDRA GASEIF CHAMPS ROSE;7896336801052;;;;;;;2014-04-24T11:07:34.000-03:00;2026-07-30T10:50:26.000-03:00;;;;0.0;0.0;2;COSMOS;https://cosmos.bluesoft.com.br/products/barcode/BCBACB2392EA3F7582A6218B00FB97CB.png;;;;;22060010;Sidra;"Bebidas, líquidos alcoólicos e vinagres - Outras bebidas fermentadas (sidra, perada, hidromel, por exemplo); misturas de bebidas fermentadas e misturas de bebidas fermentadas com bebidas não alcoólicas, não especificadas nem compreendidas em outras posições - Sidra";;;;;1826;0202200;Sidra e similares;1656
ncm:22060010|p0001|2026-09-16T00:44:19Z|15;ncm:22060010;22060010;1;15;2026-09-16T00:44:19Z;PILAR;SIDRA PETERLONGO MACA 2;7896097727103;;0.0;0.0;0.0;;;2014-04-24T11:07:34.000-03:00;2026-07-30T06:44:53.000-03:00;;;;0.0;0.0;1;COSMOS;https://cosmos.bluesoft.com.br/products/barcode/47F2ADA06F3035C8242F114583C020F0.png;;;;;22060010;Sidra;"Bebidas, líquidos alcoólicos e vinagres - Outras bebidas fermentadas (sidra, perada, hidromel, por exemplo); misturas de bebidas fermentadas e misturas de bebidas fermentadas com bebidas não alcoólicas, não especificadas nem compreendidas em outras posições - Sidra";;;;;1826;0202200;Sidra e similares;1656
ncm:22060010|p0001|2026-09-16T00:44:19Z|16;ncm:22060010;22060010;1;16;2026-09-16T00:44:19Z;PILAR;SIDRA PETERLONGO MACA;7896097727097;;0.0;0.0;0.0;;;2014-04-24T11:07:34.000-03:00;2026-07-30T06:44:53.000-03:00;;;;0.0;0.0;1;COSMOS;https://cosmos.bluesoft.com.br/products/barcode/47F2ADA06F3035C8DB3B185EC7E9890D.png;;;;;22060010;Sidra;"Bebidas, líquidos alcoólicos e vinagres - Outras bebidas fermentadas (sidra, perada, hidromel, por exemplo); misturas de bebidas fermentadas e misturas de bebidas fermentadas com bebidas não alcoólicas, não especificadas nem compreendidas em outras posições - Sidra";;;;;1826;0202200;Sidra e similares;1656
ncm:22060010|p0001|2026-09-16T00:44:19Z|17;ncm:22060010;22060010;1;17;2026-09-16T00:44:19Z;PILAR;KIT ESPUM SIDRA NATAL C/2 TACAS;7896403971305;;;;;;;2014-04-24T11:07:34.000-03:00;2026-07-30T11:35:58.000-03:00;;;;0.0;0.0;2;COSMOS;https://cosmos.bluesoft.com.br/products/barcode/B069158BD2920E4BB2409BA94CB4DD3B.png;;;;;22060010;Sidra;"Bebidas, líquidos alcoólicos e vinagres - Outras bebidas fermentadas (sidra, perada, hidromel, por exemplo); misturas de bebidas fermentadas e misturas de bebidas fermentadas com bebidas não alcoólicas, não especificadas nem compreendidas em outras posições - Sidra";;;;;;;;
ncm:22060010|p0001|2026-09-16T00:44:19Z|18;ncm:22060010;22060010;1;18;2026-09-16T00:44:19Z;PILAR;ESPUMANTE LEADER CESTA NATAL;7898280620307;;;;;;;2014-04-24T11:07:34.000-03:00;2026-08-02T06:35:32.000-03:00;;;;0.0;0.0;1;COSMOS;https://cosmos.bluesoft.com.br/products/barcode/66EF106777836F90E4BF8BB56B1E3452.png;;;;;22060010;Sidra;"Bebidas, líquidos alcoólicos e vinagres - Outras bebidas fermentadas (sidra, perada, hidromel, por exemplo); misturas de bebidas fermentadas e misturas de bebidas fermentadas com bebidas não alcoólicas, não especificadas nem compreendidas em outras posições - Sidra";;;;;1826;0202200;Sidra e similares;1656
ncm:22060010|p0001|2026-09-16T00:44:19Z|19;ncm:22060010;22060010;1;19;2026-09-16T00:44:19Z;PILAR;FILTRADO DRINK DE PRATA ROSADO;7897688504035;;;;;;;2014-04-24T11:07:34.000-03:00;2026-07-31T23:09:27.000-03:00;;;;0.0;0.0;2;COSMOS;https://cosmos.bluesoft.com.br/products/barcode/BAFE59B847574414D0D8AC7DF9B48A70.png;;;;;22060010;Sidra;"Bebidas, líquidos alcoólicos e vinagres - Outras bebidas fermentadas (sidra, perada, hidromel, por exemplo); misturas de bebidas fermentadas e misturas de bebidas fermentadas com bebidas não alcoólicas, não especificadas nem compreendidas em outras posições - Sidra";;;;;;;;
ncm:22060010|p0001|2026-09-16T00:44:19Z|20;ncm:22060010;22060010;1;20;2026-09-16T00:44:19Z;PILAR;SIDRA BRASILEIRA CERESER GARRAFA 660ML;7896072911145;https://cdn-cosmos.bluesoft.com.br/products/7896072911145;;;;;;2014-04-24T11:07:34.000-03:00;2026-09-03T19:31:25.000-03:00;;;;0.0;0.0;3;COSMOS;https://cosmos.bluesoft.com.br/products/barcode/17F9F8EF30CD9F0150326458A1CFC7E4.png;BRETZKE;https://cdn-cosmos.bluesoft.com.br/brands/brand_bretzke-alimentos;50000000;Alimentos / Bebidas / Tabaco;22060010;Sidra;"Bebidas, líquidos alcoólicos e vinagres - Outras bebidas fermentadas (sidra, perada, hidromel, por exemplo); misturas de bebidas fermentadas e misturas de bebidas fermentadas com bebidas não alcoólicas, não especificadas nem compreendidas em outras posições - Sidra";;143;Espumante e Champanhe;140;1826;0202200;Sidra e similares;1656
ncm:22060010|p0001|2026-09-16T00:44:19Z|21;ncm:22060010;22060010;1;21;2026-09-16T00:44:19Z;PILAR;SIDRA LIDER MACA;7898280620017;https://cdn-cosmos.bluesoft.com.br/products/7898280620017;;;;;;2014-04-24T11:07:34.000-03:00;2026-08-02T06:35:27.000-03:00;;;;0.0;0.0;2;COSMOS;https://cosmos.bluesoft.com.br/products/barcode/66EF106777836F90DBBE3A68ABC51987.png;;;;;22060010;Sidra;"Bebidas, líquidos alcoólicos e vinagres - Outras bebidas fermentadas (sidra, perada, hidromel, por exemplo); misturas de bebidas fermentadas e misturas de bebidas fermentadas com bebidas não alcoólicas, não especificadas nem compreendidas em outras posições - Sidra";;142;Sidra;140;;;;
ncm:22060010|p0001|2026-09-16T00:44:19Z|22;ncm:22060010;22060010;1;22;2026-09-16T00:44:19Z;PILAR;SIDRA VALENCIANA 2LT;7896028200316;;0.0;0.0;0.0;;;2014-04-24T11:07:34.000-03:00;2026-07-30T03:41:26.000-03:00;;;;0.0;0.0;1;COSMOS;https://cosmos.bluesoft.com.br/products/barcode/2153AA059CB8550CCA44D94D487F3B61.png;;;;;22060010;Sidra;"Bebidas, líquidos alcoólicos e vinagres - Outras bebidas fermentadas (sidra, perada, hidromel, por exemplo); misturas de bebidas fermentadas e misturas de bebidas fermentadas com bebidas não alcoólicas, não especificadas nem compreendidas em outras posições - Sidra";;;;;1826;0202200;Sidra e similares;1656
ncm:22060010|p0001|2026-09-16T00:44:19Z|23;ncm:22060010;22060010;1;23;2026-09-16T00:44:19Z;PILAR;SIDRA VALENCIANA;7896028251486;;0.0;0.0;0.0;;;2014-04-24T11:07:34.000-03:00;2026-07-30T03:42:14.000-03:00;;;;0.0;0.0;1;COSMOS;https://cosmos.bluesoft.com.br/products/barcode/2153AA059CB8550C76355388A9392358.png;;;;;22060010;Sidra;"Bebidas, líquidos alcoólicos e vinagres - Outras bebidas fermentadas (sidra, perada, hidromel, por exemplo); misturas de bebidas fermentadas e misturas de bebidas fermentadas com bebidas não alcoólicas, não especificadas nem compreendidas em outras posições - Sidra";;;;;1826;0202200;Sidra e similares;1656
ncm:22060010|p0001|2026-09-16T00:44:19Z|24;ncm:22060010;22060010;1;24;2026-09-16T00:44:19Z;PILAR;SIDRA VALENCIANA;7896028251509;;;;;;;2014-04-24T11:07:34.000-03:00;2026-07-30T03:42:14.000-03:00;;;;0.0;0.0;1;COSMOS;https://cosmos.bluesoft.com.br/products/barcode/2153AA059CB8550C4A83FE6A31792880.png;;;;;22060010;Sidra;"Bebidas, líquidos alcoólicos e vinagres - Outras bebidas fermentadas (sidra, perada, hidromel, por exemplo); misturas de bebidas fermentadas e misturas de bebidas fermentadas com bebidas não alcoólicas, não especificadas nem compreendidas em outras posições - Sidra";;;;;1826;0202200;Sidra e similares;1656
ncm:22060010|p0001|2026-09-16T00:44:19Z|25;ncm:22060010;22060010;1;25;2026-09-16T00:44:19Z;PILAR;RUN CAPITAN CORTEZ CARTA CRYSTAL;7896072901375;;;;;;;2014-04-24T11:07:34.000-03:00;2026-07-30T05:54:07.000-03:00;;;;0.0;0.0;1;COSMOS;https://cosmos.bluesoft.com.br/products/barcode/17F9F8EF30CD9F01E4F69D68D95293E5.png;;;;;22060010;Sidra;"Bebidas, líquidos alcoólicos e vinagres - Outras bebidas fermentadas (sidra, perada, hidromel, por exemplo); misturas de bebidas fermentadas e misturas de bebidas fermentadas com bebidas não alcoólicas, não especificadas nem compreendidas em outras posições - Sidra";;;;;1826;0202200;Sidra e similares;1656
ncm:22060010|p0001|2026-09-16T00:44:19Z|26;ncm:22060010;22060010;1;26;2026-09-16T00:44:19Z;PILAR;SIDRA DRINK DE PRATA;7897688504011;;;;;;;2014-04-24T11:07:34.000-03:00;2026-07-31T23:09:26.000-03:00;;;;0.0;0.0;1;COSMOS;https://cosmos.bluesoft.com.br/products/barcode/BAFE59B847574414F07054C40A1765FC.png;;;;;22060010;Sidra;"Bebidas, líquidos alcoólicos e vinagres - Outras bebidas fermentadas (sidra, perada, hidromel, por exemplo); misturas de bebidas fermentadas e misturas de bebidas fermentadas com bebidas não alcoólicas, não especificadas nem compreendidas em outras posições - Sidra";;;;;1826;0202200;Sidra e similares;1656
ncm:22060010|p0001|2026-09-16T00:44:19Z|27;ncm:22060010;22060010;1;27;2026-09-16T00:44:19Z;PILAR;CHAMPAGNE;7898915125023;;;;;;;2014-04-24T11:07:34.000-03:00;2026-08-03T08:43:14.000-03:00;;;;0.0;0.0;1;COSMOS;https://cosmos.bluesoft.com.br/products/barcode/615E8CD92321072853CF2016623120C8.png;;;;;22060010;Sidra;"Bebidas, líquidos alcoólicos e vinagres - Outras bebidas fermentadas (sidra, perada, hidromel, por exemplo); misturas de bebidas fermentadas e misturas de bebidas fermentadas com bebidas não alcoólicas, não especificadas nem compreendidas em outras posições - Sidra";;;;;1826;0202200;Sidra e similares;1656
ncm:22060010|p0001|2026-09-16T00:44:19Z|28;ncm:22060010;22060010;1;28;2026-09-16T00:44:19Z;PILAR;SIDRA FESTVAL DE PRATA ROSE;7898915125047;;0.0;0.0;0.0;;;2014-04-24T11:07:34.000-03:00;2026-08-03T08:43:14.000-03:00;;;;0.0;0.0;1;COSMOS;https://cosmos.bluesoft.com.br/products/barcode/615E8CD92321072834D7F9C5B3F6CD36.png;;;;;22060010;Sidra;"Bebidas, líquidos alcoólicos e vinagres - Outras bebidas fermentadas (sidra, perada, hidromel, por exemplo); misturas de bebidas fermentadas e misturas de bebidas fermentadas com bebidas não alcoólicas, não especificadas nem compreendidas em outras posições - Sidra";;;;;1826;0202200;Sidra e similares;1656
ncm:22060010|p0001|2026-09-16T00:44:19Z|29;ncm:22060010;22060010;1;29;2026-09-16T00:44:19Z;PILAR;SIDRA NATAL GASEIFICADA DOCE;7896403901838;;;;;;;2014-04-24T11:07:34.000-03:00;2026-08-02T19:00:36.000-03:00;;;;0.0;0.0;2;COSMOS;https://cosmos.bluesoft.com.br/products/barcode/B069158BD2920E4BE8BE9446B1C8081E.png;;;;;22060010;Sidra;"Bebidas, líquidos alcoólicos e vinagres - Outras bebidas fermentadas (sidra, perada, hidromel, por exemplo); misturas de bebidas fermentadas e misturas de bebidas fermentadas com bebidas não alcoólicas, não especificadas nem compreendidas em outras posições - Sidra";;;;;1826;0202200;Sidra e similares;1656
ncm:22060010|p0001|2026-09-16T00:44:19Z|30;ncm:22060010;22060010;1;30;2026-09-16T00:44:19Z;PILAR;CHAMP SIDRA PULLMAN;7896031000552;https://cdn-cosmos.bluesoft.com.br/products/7896031000552;;;;;;2014-04-24T11:07:34.000-03:00;2026-07-30T03:50:20.000-03:00;;;;0.0;0.0;2;COSMOS;https://cosmos.bluesoft.com.br/products/barcode/F6B5BA6E9A5ABEB221CF08E0C1482585.png;SIDRA PULLMAN;/assets/brand-placeholder-7080174fbd24025783105a607811edad.png;;;22060010;Sidra;"Bebidas, líquidos alcoólicos e vinagres - Outras bebidas fermentadas (sidra, perada, hidromel, por exemplo); misturas de bebidas fermentadas e misturas de bebidas fermentadas com bebidas não alcoólicas, não especificadas nem compreendidas em outras posições - Sidra";;;;;1826;0202200;Sidra e similares;1656
ncm:22060090|p0001|2026-09-16T00:44:19Z|01;ncm:22060090;22060090;1;1;2026-09-16T00:44:19Z;PILAR;BEBIDA MISTA ALCOÓLICA BELLINI CANELLA GARRAFA 750ML;8006233108003;https://cdn-cosmos.bluesoft.com.br/products/8006233108003;;;;;;2014-04-24T11:07:34.000-03:00;2026-08-05T04:01:09.000-03:00;;;;0.0;0.0;1;COSMOS;https://cosmos.bluesoft.com.br/products/barcode/69313CB822F97E0207447A9E574B0A59.png;BELLINI CANELLA;/assets/brand-placeholder-7080174fbd24025783105a607811edad.png;;;22060090;Outras;"Bebidas, líquidos alcoólicos e vinagres - Outras bebidas fermentadas (sidra, perada, hidromel, por exemplo); misturas de bebidas fermentadas e misturas de bebidas fermentadas com bebidas não alcoólicas, não especificadas nem compreendidas em outras posições - Outras";;;;;;;;
ncm:22060090|p0001|2026-09-16T00:44:19Z|02;ncm:22060090;22060090;1;2;2026-09-16T00:44:19Z;PILAR;CATUABA DUELO;7896718200398;https://cdn-cosmos.bluesoft.com.br/products/7896718200398;0.0;0.0;0.0;;;2014-04-24T11:07:34.000-03:00;2026-07-31T17:41:15.000-03:00;;;;0.0;0.0;2;COSMOS;https://cosmos.bluesoft.com.br/products/barcode/63CC1C3766A82536BAC47C6CA9E6B6EB.png;DUELO;/assets/brand-placeholder-7080174fbd24025783105a607811edad.png;;;22060090;Outras;"Bebidas, líquidos alcoólicos e vinagres - Outras bebidas fermentadas (sidra, perada, hidromel, por exemplo); misturas de bebidas fermentadas e misturas de bebidas fermentadas com bebidas não alcoólicas, não especificadas nem compreendidas em outras posições - Outras";;;;;;;;
ncm:22060090|p0001|2026-09-16T00:44:19Z|03;ncm:22060090;22060090;1;3;2026-09-16T00:44:19Z;PILAR;INSANA AMERICAN PALE ALE;7898568810093;https://cdn-cosmos.bluesoft.com.br/products/7898568810093;;;;;;2014-04-24T11:07:34.000-03:00;2026-08-03T00:57:47.000-03:00;;;;0.0;0.0;1;COSMOS;https://cosmos.bluesoft.com.br/products/barcode/EA6AD66C39D2AF9E5F32F485B3BFC0C9.png;INSANA;/assets/brand-placeholder-7080174fbd24025783105a607811edad.png;10000159;Cerveja;22060090;Outras;"Bebidas, líquidos alcoólicos e vinagres - Outras bebidas fermentadas (sidra, perada, hidromel, por exemplo); misturas de bebidas fermentadas e misturas de bebidas fermentadas com bebidas não alcoólicas, não especificadas nem compreendidas em outras posições - Outras";;204;Cervejas Especiais;203;;;;
ncm:22060090|p0001|2026-09-16T00:44:19Z|04;ncm:22060090;22060090;1;4;2026-09-16T00:44:19Z;PILAR;COOLER GOES PESSEGO;7896266100485;https://cdn-cosmos.bluesoft.com.br/products/7896266100485;;;;;;2014-04-24T11:07:34.000-03:00;2026-07-30T09:26:21.000-03:00;;;;0.0;0.0;3;COSMOS;https://cosmos.bluesoft.com.br/products/barcode/35E51BA1D819A408683999B2140AF1DC.png;;;;;22060090;Outras;"Bebidas, líquidos alcoólicos e vinagres - Outras bebidas fermentadas (sidra, perada, hidromel, por exemplo); misturas de bebidas fermentadas e misturas de bebidas fermentadas com bebidas não alcoólicas, não especificadas nem compreendidas em outras posições - Outras";;;;;;;;
ncm:22060090|p0001|2026-09-16T00:44:19Z|05;ncm:22060090;22060090;1;5;2026-09-16T00:44:19Z;PILAR;COOLER GOES PINA COLADA;7896266100508;;;;;;;2014-04-24T11:07:34.000-03:00;2026-07-30T09:26:22.000-03:00;;;;0.0;0.0;1;COSMOS;https://cosmos.bluesoft.com.br/products/barcode/35E51BA1D819A40877A093F5ABC9BA6A.png;;;;;22060090;Outras;"Bebidas, líquidos alcoólicos e vinagres - Outras bebidas fermentadas (sidra, perada, hidromel, por exemplo); misturas de bebidas fermentadas e misturas de bebidas fermentadas com bebidas não alcoólicas, não especificadas nem compreendidas em outras posições - Outras";;;;;;;;
ncm:22060090|p0001|2026-09-16T00:44:19Z|06;ncm:22060090;22060090;1;6;2026-09-16T00:44:19Z;PILAR;COQUETEL RAIZOV ACAI;7896711103290;;;;;;;2014-04-24T11:07:34.000-03:00;2026-07-31T17:36:01.000-03:00;;;;0.0;0.0;1;COSMOS;https://cosmos.bluesoft.com.br/products/barcode/B032B5A846C8AE47E475F1EBDEA401B7.png;;;;;22060090;Outras;"Bebidas, líquidos alcoólicos e vinagres - Outras bebidas fermentadas (sidra, perada, hidromel, por exemplo); misturas de bebidas fermentadas e misturas de bebidas fermentadas com bebidas não alcoólicas, não especificadas nem compreendidas em outras posições - Outras";;;;;;;;
ncm:22060090|p0001|2026-09-16T00:44:19Z|07;ncm:22060090;22060090;1;7;2026-09-16T00:44:19Z;PILAR;COQUETEL RAIZOV FRUIT;7896711103191;;;;;;;2014-04-24T11:07:34.000-03:00;2026-07-31T17:36:00.000-03:00;;;;0.0;0.0;1;COSMOS;https://cosmos.bluesoft.com.br/products/barcode/B032B5A846C8AE47B94178D3E1A402EA.png;;;;;22060090;Outras;"Bebidas, líquidos alcoólicos e vinagres - Outras bebidas fermentadas (sidra, perada, hidromel, por exemplo); misturas de bebidas fermentadas e misturas de bebidas fermentadas com bebidas não alcoólicas, não especificadas nem compreendidas em outras posições - Outras";;;;;;;;
ncm:22060090|p0001|2026-09-16T00:44:19Z|08;ncm:22060090;22060090;1;8;2026-09-16T00:44:19Z;PILAR;COQUETEL RAIZOV KIWI;7896711103276;;;;;;;2014-04-24T11:07:34.000-03:00;2026-07-31T17:36:00.000-03:00;;;;0.0;0.0;1;COSMOS;https://cosmos.bluesoft.com.br/products/barcode/B032B5A846C8AE478D6B9E784B37531C.png;;;;;22060090;Outras;"Bebidas, líquidos alcoólicos e vinagres - Outras bebidas fermentadas (sidra, perada, hidromel, por exemplo); misturas de bebidas fermentadas e misturas de bebidas fermentadas com bebidas não alcoólicas, não especificadas nem compreendidas em outras posições - Outras";;;;;;;;
ncm:22060090|p0001|2026-09-16T00:44:19Z|09;ncm:22060090;22060090;1;9;2026-09-16T00:44:19Z;PILAR;COQUETEL RAIZOV PESSEGO;7896711103207;https://cdn-cosmos.bluesoft.com.br/products/7896711103207;;;;;;2014-04-24T11:07:34.000-03:00;2026-07-31T17:36:00.000-03:00;;;;0.0;0.0;1;COSMOS;https://cosmos.bluesoft.com.br/products/barcode/B032B5A846C8AE47722349FA7B54630C.png;;;;;22060090;Outras;"Bebidas, líquidos alcoólicos e vinagres - Outras bebidas fermentadas (sidra, perada, hidromel, por exemplo); misturas de bebidas fermentadas e misturas de bebidas fermentadas com bebidas não alcoólicas, não especificadas nem compreendidas em outras posições - Outras";;;;;;;;
ncm:22060090|p0001|2026-09-16T00:44:19Z|10;ncm:22060090;22060090;1;10;2026-09-16T00:44:19Z;PILAR;COQUETEL RAIZOV VANILLA;7896711103184;;;;;;;2014-04-24T11:07:34.000-03:00;2026-07-31T17:35:59.000-03:00;;;;0.0;0.0;1;COSMOS;https://cosmos.bluesoft.com.br/products/barcode/B032B5A846C8AE4797DA7D2F97CDBC45.png;;;;;22060090;Outras;"Bebidas, líquidos alcoólicos e vinagres - Outras bebidas fermentadas (sidra, perada, hidromel, por exemplo); misturas de bebidas fermentadas e misturas de bebidas fermentadas com bebidas não alcoólicas, não especificadas nem compreendidas em outras posições - Outras";;;;;;;;
ncm:22060090|p0001|2026-09-16T00:44:19Z|11;ncm:22060090;22060090;1;11;2026-09-16T00:44:19Z;PILAR;COQUETEL TEXANA LIMAOZINHO;7896741650016;;;;;;;2014-04-24T11:07:34.000-03:00;2026-07-31T17:51:24.000-03:00;;;;0.0;0.0;2;COSMOS;https://cosmos.bluesoft.com.br/products/barcode/00151B6505D439007B4108AF9BEE735A.png;;;;;22060090;Outras;"Bebidas, líquidos alcoólicos e vinagres - Outras bebidas fermentadas (sidra, perada, hidromel, por exemplo); misturas de bebidas fermentadas e misturas de bebidas fermentadas com bebidas não alcoólicas, não especificadas nem compreendidas em outras posições - Outras";;;;;;;;
ncm:22060090|p0001|2026-09-16T00:44:19Z|12;ncm:22060090;22060090;1;12;2026-09-16T00:44:19Z;PILAR;COQUETEL VINHO DRESDEN;7896514700641;;0.0;0.0;0.0;;;2014-04-24T11:07:34.000-03:00;2026-07-31T15:32:03.000-03:00;;;;0.0;0.0;1;COSMOS;https://cosmos.bluesoft.com.br/products/barcode/C42DA504AAC1985BEB0DD0CF8825F696.png;;;;;22060090;Outras;"Bebidas, líquidos alcoólicos e vinagres - Outras bebidas fermentadas (sidra, perada, hidromel, por exemplo); misturas de bebidas fermentadas e misturas de bebidas fermentadas com bebidas não alcoólicas, não especificadas nem compreendidas em outras posições - Outras";;;;;;;;
ncm:22060090|p0001|2026-09-16T00:44:19Z|13;ncm:22060090;22060090;1;13;2026-09-16T00:44:19Z;PILAR;JURUBEBA CHAPEU DE COURO;7896092500596;https://cdn-cosmos.bluesoft.com.br/products/7896092500596;;;;;;2014-04-24T11:07:34.000-03:00;2026-07-30T06:31:43.000-03:00;;;;0.0;0.0;2;COSMOS;https://cosmos.bluesoft.com.br/products/barcode/342845AF9D7A74BFA256D79A43A87D52.png;;;;;22060090;Outras;"Bebidas, líquidos alcoólicos e vinagres - Outras bebidas fermentadas (sidra, perada, hidromel, por exemplo); misturas de bebidas fermentadas e misturas de bebidas fermentadas com bebidas não alcoólicas, não especificadas nem compreendidas em outras posições - Outras";;269;Aperitivos;140;;;;
ncm:22060090|p0001|2026-09-16T00:44:19Z|14;ncm:22060090;22060090;1;14;2026-09-16T00:44:19Z;PILAR;JURUBEBA LEAO DO VALE;7896741681027;;1.0;1.0;1.0;;;2014-04-24T11:07:34.000-03:00;2026-07-31T17:51:30.000-03:00;;;;0.0;0.0;2;COSMOS;https://cosmos.bluesoft.com.br/products/barcode/00151B6505D43900920A2CD7E2A5F323.png;;;;;22060090;Outras;"Bebidas, líquidos alcoólicos e vinagres - Outras bebidas fermentadas (sidra, perada, hidromel, por exemplo); misturas de bebidas fermentadas e misturas de bebidas fermentadas com bebidas não alcoólicas, não especificadas nem compreendidas em outras posições - Outras";;;;;;;;
ncm:22060090|p0001|2026-09-16T00:44:19Z|15;ncm:22060090;22060090;1;15;2026-09-16T00:44:19Z;PILAR;SAQUÊ LICOROSO MIRIN KENKO GARRAFA 500ML;7896007831357;https://cdn-cosmos.bluesoft.com.br/products/7896007831357;;;;;;2014-04-24T11:07:34.000-03:00;2026-07-30T02:09:02.000-03:00;;;;0.0;0.0;2;COSMOS;https://cosmos.bluesoft.com.br/products/barcode/639743169985E621CD6F04060C8CDA36.png;KENKO;/assets/brand-placeholder-7080174fbd24025783105a607811edad.png;;;22060090;Outras;"Bebidas, líquidos alcoólicos e vinagres - Outras bebidas fermentadas (sidra, perada, hidromel, por exemplo); misturas de bebidas fermentadas e misturas de bebidas fermentadas com bebidas não alcoólicas, não especificadas nem compreendidas em outras posições - Outras";;;;;;;;
ncm:22060090|p0001|2026-09-16T00:44:19Z|16;ncm:22060090;22060090;1;16;2026-09-16T00:44:19Z;PILAR;SAQUÊ LICOROSO MIRIN CULINÁRIO AZUMA GARRAFA 500ML;7896299101107;https://cdn-cosmos.bluesoft.com.br/products/7896299101107;;;;;;2014-04-24T11:07:34.000-03:00;2026-07-30T10:13:20.000-03:00;;;;0.0;0.0;2;COSMOS;https://cosmos.bluesoft.com.br/products/barcode/70A57B245D7A575EE63CDD32CD97C7BE.png;TOZAN;/assets/brand-placeholder-7080174fbd24025783105a607811edad.png;;;22060090;Outras;"Bebidas, líquidos alcoólicos e vinagres - Outras bebidas fermentadas (sidra, perada, hidromel, por exemplo); misturas de bebidas fermentadas e misturas de bebidas fermentadas com bebidas não alcoólicas, não especificadas nem compreendidas em outras posições - Outras";;240;Licor;140;1829;0202500;Outras bebidas alcoólicas não especificadas nos itens anteriores;1656
ncm:22060090|p0001|2026-09-16T00:44:19Z|17;ncm:22060090;22060090;1;17;2026-09-16T00:44:19Z;PILAR;SAQUÊ SECO JUNMAI RYUUJIN BLACK GARRAFA 745ML;7898994017325;https://cdn-cosmos.bluesoft.com.br/products/7898994017325;;;;;;2014-04-24T11:07:34.000-03:00;2026-08-03T13:31:13.000-03:00;;;;0.0;0.0;2;COSMOS;https://cosmos.bluesoft.com.br/products/barcode/60C4101042B676A06F88E4ED469CF14B.png;RYUUJIN;/assets/brand-placeholder-7080174fbd24025783105a607811edad.png;;;22060090;Outras;"Bebidas, líquidos alcoólicos e vinagres - Outras bebidas fermentadas (sidra, perada, hidromel, por exemplo); misturas de bebidas fermentadas e misturas de bebidas fermentadas com bebidas não alcoólicas, não especificadas nem compreendidas em outras posições - Outras";;;;;;;;
ncm:22060090|p0001|2026-09-16T00:44:19Z|18;ncm:22060090;22060090;1;18;2026-09-16T00:44:19Z;PILAR;SIDRA LIDER;7898280620215;https://cdn-cosmos.bluesoft.com.br/products/7898280620215;;;;;;2014-04-24T11:07:34.000-03:00;2026-09-14T09:26:22.000-03:00;;;;0.0;0.0;1;COSMOS;https://cosmos.bluesoft.com.br/products/barcode/66EF106777836F9038B0AB73F13BB9BA.png;LÍDER BEBIDAS;/assets/brand-placeholder-7080174fbd24025783105a607811edad.png;;;22060090;Outras;"Bebidas, líquidos alcoólicos e vinagres - Outras bebidas fermentadas (sidra, perada, hidromel, por exemplo); misturas de bebidas fermentadas e misturas de bebidas fermentadas com bebidas não alcoólicas, não especificadas nem compreendidas em outras posições - Outras";;143;Espumante e Champanhe;140;1826;0202200;Sidra e similares;1656
ncm:22060090|p0001|2026-09-16T00:44:19Z|19;ncm:22060090;22060090;1;19;2026-09-16T00:44:19Z;PILAR;BEBIDA SIDRA PULLMAN PESSEGO;7896031000521;;;;;;;2014-04-24T11:07:34.000-03:00;2026-07-30T03:50:20.000-03:00;;;;0.0;0.0;2;COSMOS;https://cosmos.bluesoft.com.br/products/barcode/F6B5BA6E9A5ABEB2169FD2325E3B1BC7.png;;;;;22060090;Outras;"Bebidas, líquidos alcoólicos e vinagres - Outras bebidas fermentadas (sidra, perada, hidromel, por exemplo); misturas de bebidas fermentadas e misturas de bebidas fermentadas com bebidas não alcoólicas, não especificadas nem compreendidas em outras posições - Outras";;;;;1826;0202200;Sidra e similares;1656
ncm:22060090|p0001|2026-09-16T00:44:19Z|20;ncm:22060090;22060090;1;20;2026-09-16T00:44:19Z;PILAR;CATUABA RANDON;7896741649041;https://cdn-cosmos.bluesoft.com.br/products/7896741649041;;;;;;2014-04-24T11:07:34.000-03:00;2026-09-10T08:10:32.000-03:00;;;;0.0;0.0;2;COSMOS;https://cosmos.bluesoft.com.br/products/barcode/00151B6505D43900C2F98136903BB912.png;ÁGUA MINERAL RANDON;/assets/brand-placeholder-7080174fbd24025783105a607811edad.png;;;22060090;Outras;"Bebidas, líquidos alcoólicos e vinagres - Outras bebidas fermentadas (sidra, perada, hidromel, por exemplo); misturas de bebidas fermentadas e misturas de bebidas fermentadas com bebidas não alcoólicas, não especificadas nem compreendidas em outras posições - Outras";;216;Vinhos Brasileiros;74;;;;
ncm:22060090|p0001|2026-09-16T00:44:19Z|21;ncm:22060090;22060090;1;21;2026-09-16T00:44:19Z;PILAR;VINHO CAMPO LARGO COOLER MORANGO 12/;7896931611483;;;;;;;2014-04-24T11:07:34.000-03:00;2026-07-31T19:15:38.000-03:00;;;;0.0;0.0;2;COSMOS;https://cosmos.bluesoft.com.br/products/barcode/14DAE3D3C58AA21CD305C2F1E09D7AAE.png;J P CHENET;/assets/brand-placeholder-7080174fbd24025783105a607811edad.png;;;22060090;Outras;"Bebidas, líquidos alcoólicos e vinagres - Outras bebidas fermentadas (sidra, perada, hidromel, por exemplo); misturas de bebidas fermentadas e misturas de bebidas fermentadas com bebidas não alcoólicas, não especificadas nem compreendidas em outras posições - Outras";;216;Vinhos Brasileiros;74;;;;
ncm:22060090|p0001|2026-09-16T00:44:19Z|22;ncm:22060090;22060090;1;22;2026-09-16T00:44:19Z;PILAR;COQ DUELO PESSEGO;7896718200817;https://cdn-cosmos.bluesoft.com.br/products/7896718200817;;;;;;2014-04-24T11:07:34.000-03:00;2026-07-31T17:41:18.000-03:00;;;;0.0;0.0;1;COSMOS;https://cosmos.bluesoft.com.br/products/barcode/63CC1C3766A82536AEC7A22666EC4C4C.png;DUELO;/assets/brand-placeholder-7080174fbd24025783105a607811edad.png;;;22060090;Outras;"Bebidas, líquidos alcoólicos e vinagres - Outras bebidas fermentadas (sidra, perada, hidromel, por exemplo); misturas de bebidas fermentadas e misturas de bebidas fermentadas com bebidas não alcoólicas, não especificadas nem compreendidas em outras posições - Outras";;74;Vinhos;65;;;;
ncm:22060090|p0001|2026-09-16T00:44:19Z|23;ncm:22060090;22060090;1;23;2026-09-16T00:44:19Z;PILAR;COQ DUELO CACAU;7896718201692;https://cdn-cosmos.bluesoft.com.br/products/7896718201692;0.0;0.0;0.0;;;2014-04-24T11:07:34.000-03:00;2026-07-31T17:41:23.000-03:00;;;;0.0;0.0;1;COSMOS;https://cosmos.bluesoft.com.br/products/barcode/63CC1C3766A82536C9F9757784EE5C9A.png;DUELO;/assets/brand-placeholder-7080174fbd24025783105a607811edad.png;;;22060090;Outras;"Bebidas, líquidos alcoólicos e vinagres - Outras bebidas fermentadas (sidra, perada, hidromel, por exemplo); misturas de bebidas fermentadas e misturas de bebidas fermentadas com bebidas não alcoólicas, não especificadas nem compreendidas em outras posições - Outras";;;;;;;;
ncm:22060090|p0001|2026-09-16T00:44:19Z|24;ncm:22060090;22060090;1;24;2026-09-16T00:44:19Z;PILAR;COQ DUELO COCO;7896718201524;https://cdn-cosmos.bluesoft.com.br/products/7896718201524;0.0;0.0;0.0;;;2014-04-24T11:07:34.000-03:00;2026-07-31T17:41:23.000-03:00;;;;0.0;0.0;2;COSMOS;https://cosmos.bluesoft.com.br/products/barcode/63CC1C3766A82536E2E29687CB0B58CE.png;DUELO;/assets/brand-placeholder-7080174fbd24025783105a607811edad.png;;;22060090;Outras;"Bebidas, líquidos alcoólicos e vinagres - Outras bebidas fermentadas (sidra, perada, hidromel, por exemplo); misturas de bebidas fermentadas e misturas de bebidas fermentadas com bebidas não alcoólicas, não especificadas nem compreendidas em outras posições - Outras";;;;;;;;
ncm:22060090|p0001|2026-09-16T00:44:19Z|25;ncm:22060090;22060090;1;25;2026-09-16T00:44:19Z;PILAR;COQ DUELO MARACUJA;7896718201173;https://cdn-cosmos.bluesoft.com.br/products/7896718201173;;;;;;2014-04-24T11:07:34.000-03:00;2026-07-31T17:41:22.000-03:00;;;;0.0;0.0;3;COSMOS;https://cosmos.bluesoft.com.br/products/barcode/63CC1C3766A82536600B4F9572003A96.png;DUELO;/assets/brand-placeholder-7080174fbd24025783105a607811edad.png;;;22060090;Outras;"Bebidas, líquidos alcoólicos e vinagres - Outras bebidas fermentadas (sidra, perada, hidromel, por exemplo); misturas de bebidas fermentadas e misturas de bebidas fermentadas com bebidas não alcoólicas, não especificadas nem compreendidas em outras posições - Outras";;;;;;;;
ncm:22060090|p0001|2026-09-16T00:44:19Z|26;ncm:22060090;22060090;1;26;2026-09-16T00:44:19Z;PILAR;COQ DUELO MOR;7896718202620;;0.0;0.0;0.0;;;2014-04-24T11:07:34.000-03:00;2026-07-31T17:41:27.000-03:00;;;;0.0;0.0;1;COSMOS;https://cosmos.bluesoft.com.br/products/barcode/63CC1C3766A8253684F0251B046A6E75.png;;;;;22060090;Outras;"Bebidas, líquidos alcoólicos e vinagres - Outras bebidas fermentadas (sidra, perada, hidromel, por exemplo); misturas de bebidas fermentadas e misturas de bebidas fermentadas com bebidas não alcoólicas, não especificadas nem compreendidas em outras posições - Outras";;;;;;;;
ncm:22060090|p0001|2026-09-16T00:44:19Z|27;ncm:22060090;22060090;1;27;2026-09-16T00:44:19Z;PILAR;COQ DUELO TANG;7896718200794;https://cdn-cosmos.bluesoft.com.br/products/7896718200794;0.0;0.0;0.0;;;2014-04-24T11:07:34.000-03:00;2026-07-31T17:41:17.000-03:00;;;;0.0;0.0;3;COSMOS;https://cosmos.bluesoft.com.br/products/barcode/63CC1C3766A825366B35FB8422FF4347.png;DUELO;/assets/brand-placeholder-7080174fbd24025783105a607811edad.png;;;22060090;Outras;"Bebidas, líquidos alcoólicos e vinagres - Outras bebidas fermentadas (sidra, perada, hidromel, por exemplo); misturas de bebidas fermentadas e misturas de bebidas fermentadas com bebidas não alcoólicas, não especificadas nem compreendidas em outras posições - Outras";;;;;;;;
ncm:22060090|p0001|2026-09-16T00:44:19Z|28;ncm:22060090;22060090;1;28;2026-09-16T00:44:19Z;PILAR;SAKE AZUMA KIRIN DOURADO;7896299101169;;0.0;0.0;0.0;375;450;2014-04-24T11:07:34.000-03:00;2026-07-30T10:13:21.000-03:00;;;;0.0;0.0;1;COSMOS;https://cosmos.bluesoft.com.br/products/barcode/70A57B245D7A575ECC84E172D2092612.png;AZUMA KIRIN;/assets/brand-placeholder-7080174fbd24025783105a607811edad.png;;;22060090;Outras;"Bebidas, líquidos alcoólicos e vinagres - Outras bebidas fermentadas (sidra, perada, hidromel, por exemplo); misturas de bebidas fermentadas e misturas de bebidas fermentadas com bebidas não alcoólicas, não especificadas nem compreendidas em outras posições - Outras";;;;;2537;0299900;Outras Bebidas alcoolicas;1656
ncm:22060090|p0001|2026-09-16T00:44:19Z|29;ncm:22060090;22060090;1;29;2026-09-16T00:44:19Z;PILAR;SAQUÊ SECO JUN DAITI GARRAFA 670ML;7893218002422;https://cdn-cosmos.bluesoft.com.br/products/7893218002422;;;;;;2014-04-24T11:07:34.000-03:00;2026-07-27T03:15:14.000-03:00;;;;0.0;0.0;1;COSMOS;https://cosmos.bluesoft.com.br/products/barcode/21E9E32DB158193CACC9C7651A8ED3EA.png;JUN DAITI;/assets/brand-placeholder-7080174fbd24025783105a607811edad.png;;;22060090;Outras;"Bebidas, líquidos alcoólicos e vinagres - Outras bebidas fermentadas (sidra, perada, hidromel, por exemplo); misturas de bebidas fermentadas e misturas de bebidas fermentadas com bebidas não alcoólicas, não especificadas nem compreendidas em outras posições - Outras";;152;Saquê e Bebidas a Base de Arroz;140;;;;
ncm:22060090|p0001|2026-09-16T00:44:19Z|30;ncm:22060090;22060090;1;30;2026-09-16T00:44:19Z;PILAR;SAQUE DAITI PRATA SECO;7896007860500;;;;;;;2014-04-24T11:07:34.000-03:00;2026-07-30T02:09:20.000-03:00;;;;0.0;0.0;2;COSMOS;https://cosmos.bluesoft.com.br/products/barcode/639743169985E62171C90F7964B81B6D.png;DAITI;/assets/brand-placeholder-7080174fbd24025783105a607811edad.png;;;22060090;Outras;"Bebidas, líquidos alcoólicos e vinagres - Outras bebidas fermentadas (sidra, perada, hidromel, por exemplo); misturas de bebidas fermentadas e misturas de bebidas fermentadas com bebidas não alcoólicas, não especificadas nem compreendidas em outras posições - Outras";;;;;2537;0299900;Outras Bebidas alcoolicas;1656
ncm:22082000|p0001|2026-09-16T00:44:20Z|01;ncm:22082000;22082000;1;1;2026-09-16T00:44:20Z;PILAR;BRANDY CORTEL NAPOLEÓN V.S.O.P 700ML;3269550712918;https://cdn-cosmos.bluesoft.com.br/products/3269550712918;;;;;;2014-04-24T11:07:34.000-03:00;2026-08-14T00:34:10.000-03:00;;;;0.0;0.0;2;COSMOS;https://cosmos.bluesoft.com.br/products/barcode/D9EEC91E85CA7DF99B2319A5D1B2A523.png;;;;;22082000;Aguardentes de vinho ou de bagaço de uvas;"Bebidas, líquidos alcoólicos e vinagres - Álcool etílico não desnaturado, com um teor alcoólico, em volume, inferior a 80 % vol; aguardentes, licores e outras bebidas espirituosas. - Aguardentes de vinho ou de bagaço de uvas";;;;;;;;
ncm:22082000|p0001|2026-09-16T00:44:20Z|02;ncm:22082000;22082000;1;2;2026-09-16T00:44:20Z;PILAR;CONHAQUE VSOP HENNESSY GARRAFA 700ML;3245990969402;https://cdn-cosmos.bluesoft.com.br/products/3245990969402;;;;;;2014-04-24T11:07:34.000-03:00;2026-08-14T00:32:29.000-03:00;;;;0.0;0.0;1;COSMOS;https://cosmos.bluesoft.com.br/products/barcode/74839E8A0395B87E2FDF7EFDE1F9B8C8.png;HENNESSY;/assets/brand-placeholder-7080174fbd24025783105a607811edad.png;50000000;Alimentos / Bebidas / Tabaco;22082000;Aguardentes de vinho ou de bagaço de uvas;"Bebidas, líquidos alcoólicos e vinagres - Álcool etílico não desnaturado, com um teor alcoólico, em volume, inferior a 80 % vol; aguardentes, licores e outras bebidas espirituosas. - Aguardentes de vinho ou de bagaço de uvas";;149;Conhaque;69;;;;
ncm:22082000|p0001|2026-09-16T00:44:20Z|03;ncm:22082000;22082000;1;3;2026-09-16T00:44:20Z;PILAR;AGUARDENTE COROADA LIMAO;7898234630093;;0.0;0.0;0.0;1;1;2014-04-24T11:07:34.000-03:00;2026-08-02T05:32:30.000-03:00;;;;0.0;0.0;1;COSMOS;https://cosmos.bluesoft.com.br/products/barcode/9A7E8CDF7AE516F24CAA76ED3684B538.png;;;;;22082000;Aguardentes de vinho ou de bagaço de uvas;"Bebidas, líquidos alcoólicos e vinagres - Álcool etílico não desnaturado, com um teor alcoólico, em volume, inferior a 80 % vol; aguardentes, licores e outras bebidas espirituosas. - Aguardentes de vinho ou de bagaço de uvas";;;;;;;;
ncm:22082000|p0001|2026-09-16T00:44:20Z|04;ncm:22082000;22082000;1;4;2026-09-16T00:44:20Z;PILAR;BRANDY JEREZ SOLERA RESERVA 700ML;8423360010052;https://cdn-cosmos.bluesoft.com.br/products/8423360010052;;;;;;2014-04-24T11:07:34.000-03:00;2026-08-05T04:29:36.000-03:00;;;;0.0;0.0;2;COSMOS;https://cosmos.bluesoft.com.br/products/barcode/FD07C67426F27A70A78AE8134B1E34C6.png;FERNANDO DE CASTILLA;/assets/brand-placeholder-7080174fbd24025783105a607811edad.png;;;22082000;Aguardentes de vinho ou de bagaço de uvas;"Bebidas, líquidos alcoólicos e vinagres - Álcool etílico não desnaturado, com um teor alcoólico, em volume, inferior a 80 % vol; aguardentes, licores e outras bebidas espirituosas. - Aguardentes de vinho ou de bagaço de uvas";;149;Conhaque;69;;;;
ncm:22082000|p0001|2026-09-16T00:44:20Z|05;ncm:22082000;22082000;1;5;2026-09-16T00:44:20Z;PILAR;VINHO BRANCO ESPUMANTE CELLA;8001929214679;;;;;;;2014-04-24T11:07:34.000-03:00;2026-08-05T03:49:55.000-03:00;;;;0.0;0.0;1;COSMOS;https://cosmos.bluesoft.com.br/products/barcode/A802348BA82F2A0A4731A7D3A8763A42.png;;;;;22082000;Aguardentes de vinho ou de bagaço de uvas;"Bebidas, líquidos alcoólicos e vinagres - Álcool etílico não desnaturado, com um teor alcoólico, em volume, inferior a 80 % vol; aguardentes, licores e outras bebidas espirituosas. - Aguardentes de vinho ou de bagaço de uvas";;;;;;;;
ncm:22082000|p0001|2026-09-16T00:44:20Z|06;ncm:22082000;22082000;1;6;2026-09-16T00:44:20Z;PILAR;BAGACEIRA|1000|CACHACA;5601193300127;https://cdn-cosmos.bluesoft.com.br/products/5601193300127;;;;;;2014-04-24T11:07:34.000-03:00;2026-07-25T01:51:15.000-03:00;;;;0.0;0.0;2;COSMOS;https://cosmos.bluesoft.com.br/products/barcode/EC0B2BCCE15CD6DB2E8B239FEFBFE4C2.png;NETO COSTA;/assets/brand-placeholder-7080174fbd24025783105a607811edad.png;;;22082000;Aguardentes de vinho ou de bagaço de uvas;"Bebidas, líquidos alcoólicos e vinagres - Álcool etílico não desnaturado, com um teor alcoólico, em volume, inferior a 80 % vol; aguardentes, licores e outras bebidas espirituosas. - Aguardentes de vinho ou de bagaço de uvas";;151;Cachaça;69;;;;
ncm:22082000|p0001|2026-09-16T00:44:20Z|07;ncm:22082000;22082000;1;7;2026-09-16T00:44:20Z;PILAR;BAGACEIRA VELHA NETO COSTA;5601193300189;;;;;;;2014-04-24T11:07:34.000-03:00;2026-07-25T01:51:15.000-03:00;;;;0.0;0.0;1;COSMOS;https://cosmos.bluesoft.com.br/products/barcode/EC0B2BCCE15CD6DBCC77C05E756B0286.png;;;;;22082000;Aguardentes de vinho ou de bagaço de uvas;"Bebidas, líquidos alcoólicos e vinagres - Álcool etílico não desnaturado, com um teor alcoólico, em volume, inferior a 80 % vol; aguardentes, licores e outras bebidas espirituosas. - Aguardentes de vinho ou de bagaço de uvas";;;;;;;;
ncm:22082000|p0001|2026-09-16T00:44:20Z|08;ncm:22082000;22082000;1;8;2026-09-16T00:44:20Z;PILAR;COQUETEL ALCOÓLICO COMPOSTO DOMECQ GARRAFA 1L;7896080001401;https://cdn-cosmos.bluesoft.com.br/products/7896080001401;;;;;;2014-04-24T11:07:34.000-03:00;2026-09-10T18:02:08.000-03:00;;;;0.0;0.0;0;COSMOS;https://cosmos.bluesoft.com.br/products/barcode/A4536F6456A400D4E6D8C9E73232BEE9.png;DOMECQ;/assets/brand-placeholder-7080174fbd24025783105a607811edad.png;;;22082000;Aguardentes de vinho ou de bagaço de uvas;"Bebidas, líquidos alcoólicos e vinagres - Álcool etílico não desnaturado, com um teor alcoólico, em volume, inferior a 80 % vol; aguardentes, licores e outras bebidas espirituosas. - Aguardentes de vinho ou de bagaço de uvas";;149;Conhaque;69;;;;
ncm:22082000|p0001|2026-09-16T00:44:20Z|09;ncm:22082000;22082000;1;9;2026-09-16T00:44:20Z;PILAR;CONHAQUE MACIEIRA ROYAL SPIRIT GARRAFA 700ML;5604422144202;https://cdn-cosmos.bluesoft.com.br/products/5604422144202;;;;;;2014-04-24T11:07:34.000-03:00;2026-07-25T07:50:32.000-03:00;;;;0.0;0.0;2;COSMOS;https://cosmos.bluesoft.com.br/products/barcode/429D78CE93880FCC85A3B904887ED2ED.png;MACIEIRA;/assets/brand-placeholder-7080174fbd24025783105a607811edad.png;;;22082000;Aguardentes de vinho ou de bagaço de uvas;"Bebidas, líquidos alcoólicos e vinagres - Álcool etílico não desnaturado, com um teor alcoólico, em volume, inferior a 80 % vol; aguardentes, licores e outras bebidas espirituosas. - Aguardentes de vinho ou de bagaço de uvas";;149;Conhaque;69;;;;
ncm:22082000|p0001|2026-09-16T00:44:20Z|10;ncm:22082000;22082000;1;10;2026-09-16T00:44:20Z;PILAR;COQUETEL MEL E PEQUI;7896685200070;https://cdn-cosmos.bluesoft.com.br/products/7896685200070;;;;;;2014-04-24T11:07:34.000-03:00;2026-09-08T17:22:55.000-03:00;;;;0.0;0.0;2;COSMOS;https://cosmos.bluesoft.com.br/products/barcode/7703F9094554AC8763A090A9A4666645.png;TEM TUDO;/assets/brand-placeholder-7080174fbd24025783105a607811edad.png;;;22082000;Aguardentes de vinho ou de bagaço de uvas;"Bebidas, líquidos alcoólicos e vinagres - Álcool etílico não desnaturado, com um teor alcoólico, em volume, inferior a 80 % vol; aguardentes, licores e outras bebidas espirituosas. - Aguardentes de vinho ou de bagaço de uvas";;;;;;;;
ncm:22082000|p0001|2026-09-16T00:44:20Z|11;ncm:22082000;22082000;1;11;2026-09-16T00:44:20Z;PILAR;AGUARDENTE GRAPPA MIOLO GARRAFA 500ML;7896756800215;https://cdn-cosmos.bluesoft.com.br/products/7896756800215;;;;;;2014-04-24T11:07:34.000-03:00;2026-07-31T17:59:33.000-03:00;;;;0.0;0.0;2;COSMOS;https://cosmos.bluesoft.com.br/products/barcode/EA20088C509175A7FF78DC85217558BF.png;MIOLO;/assets/brand-placeholder-7080174fbd24025783105a607811edad.png;;;22082000;Aguardentes de vinho ou de bagaço de uvas;"Bebidas, líquidos alcoólicos e vinagres - Álcool etílico não desnaturado, com um teor alcoólico, em volume, inferior a 80 % vol; aguardentes, licores e outras bebidas espirituosas. - Aguardentes de vinho ou de bagaço de uvas";;74;Vinhos;65;;;;
ncm:22082000|p0001|2026-09-16T00:44:20Z|12;ncm:22082000;22082000;1;12;2026-09-16T00:44:20Z;PILAR;BEBIDA PETER ESP PTA MOSCATEL ROSE;7896097720104;;;;;;;2014-04-24T11:07:34.000-03:00;2026-07-30T06:44:46.000-03:00;;;;0.0;0.0;2;COSMOS;https://cosmos.bluesoft.com.br/products/barcode/47F2ADA06F3035C84C8D44010BAEF313.png;PRODUTOS BUFALO;https://cdn-cosmos.bluesoft.com.br/brands/brand_produtos-bufalo;47000000;Produtos de Higiene / Limpeza;22082000;Aguardentes de vinho ou de bagaço de uvas;"Bebidas, líquidos alcoólicos e vinagres - Álcool etílico não desnaturado, com um teor alcoólico, em volume, inferior a 80 % vol; aguardentes, licores e outras bebidas espirituosas. - Aguardentes de vinho ou de bagaço de uvas";;143;Espumante e Champanhe;140;;;;
ncm:22082000|p0001|2026-09-16T00:44:20Z|13;ncm:22082000;22082000;1;13;2026-09-16T00:44:20Z;PILAR;CONHAQUE DIMEL;7896008100292;;;;;;;2014-04-24T11:07:34.000-03:00;2026-07-30T02:10:32.000-03:00;;;;0.0;0.0;1;COSMOS;https://cosmos.bluesoft.com.br/products/barcode/76A292F550AE1889578783C819868DF5.png;;;;;22082000;Aguardentes de vinho ou de bagaço de uvas;"Bebidas, líquidos alcoólicos e vinagres - Álcool etílico não desnaturado, com um teor alcoólico, em volume, inferior a 80 % vol; aguardentes, licores e outras bebidas espirituosas. - Aguardentes de vinho ou de bagaço de uvas";;;;;;;;
ncm:22082000|p0001|2026-09-16T00:44:20Z|14;ncm:22082000;22082000;1;14;2026-09-16T00:44:20Z;PILAR;CONHAQUE NAUTILUS 1LT;7897110000975;;;;;;;2014-04-24T11:07:34.000-03:00;2026-07-31T20:19:02.000-03:00;;;;0.0;0.0;1;COSMOS;https://cosmos.bluesoft.com.br/products/barcode/5E051C4FCC9F8BAADFF5297A4612D894.png;;;;;22082000;Aguardentes de vinho ou de bagaço de uvas;"Bebidas, líquidos alcoólicos e vinagres - Álcool etílico não desnaturado, com um teor alcoólico, em volume, inferior a 80 % vol; aguardentes, licores e outras bebidas espirituosas. - Aguardentes de vinho ou de bagaço de uvas";;;;;;;;
ncm:22082000|p0001|2026-09-16T00:44:20Z|15;ncm:22082000;22082000;1;15;2026-09-16T00:44:20Z;PILAR;CONHAQUE BRANDY DOMECQ 1 LITRO;7896020200017;https://cdn-cosmos.bluesoft.com.br/products/7896020200017;;;;;;2014-04-24T11:07:34.000-03:00;2026-07-30T03:05:50.000-03:00;;;;0.0;0.0;1;COSMOS;https://cosmos.bluesoft.com.br/products/barcode/E73C2043BA157EEF188FBB1B8A9D930F.png;BARUEL;https://cdn-cosmos.bluesoft.com.br/brands/brand_baruel;53000000;Higiene / Cuidados Pessoais / Beleza;22082000;Aguardentes de vinho ou de bagaço de uvas;"Bebidas, líquidos alcoólicos e vinagres - Álcool etílico não desnaturado, com um teor alcoólico, em volume, inferior a 80 % vol; aguardentes, licores e outras bebidas espirituosas. - Aguardentes de vinho ou de bagaço de uvas";;;;;;;;
ncm:22082000|p0001|2026-09-16T00:44:20Z|16;ncm:22082000;22082000;1;16;2026-09-16T00:44:20Z;PILAR;CONHAQUE DE ALCATRÃO SÃO JOÃO DA BARRA GARRAFA 900ML;7896022610005;https://cdn-cosmos.bluesoft.com.br/products/7896022610005;;;;;;2014-04-24T11:07:34.000-03:00;2026-09-10T14:16:12.000-03:00;;;;0.0;0.0;2;COSMOS;https://cosmos.bluesoft.com.br/products/barcode/8F46C921835E071475FE62A5CB64D5B3.png;SELMI;https://cdn-cosmos.bluesoft.com.br/brands/brand_selmi;50000000;Alimentos / Bebidas / Tabaco;22082000;Aguardentes de vinho ou de bagaço de uvas;"Bebidas, líquidos alcoólicos e vinagres - Álcool etílico não desnaturado, com um teor alcoólico, em volume, inferior a 80 % vol; aguardentes, licores e outras bebidas espirituosas. - Aguardentes de vinho ou de bagaço de uvas";;149;Conhaque;69;;;;
ncm:22082000|p0001|2026-09-16T00:44:20Z|17;ncm:22082000;22082000;1;17;2026-09-16T00:44:20Z;PILAR;CONHAQUE DOM BOSCO;7896072911176;;;;;;;2014-04-24T11:07:34.000-03:00;2026-07-30T05:54:36.000-03:00;;;;0.0;0.0;1;COSMOS;https://cosmos.bluesoft.com.br/products/barcode/17F9F8EF30CD9F01F9C6BF3698B87BC4.png;;;;;22082000;Aguardentes de vinho ou de bagaço de uvas;"Bebidas, líquidos alcoólicos e vinagres - Álcool etílico não desnaturado, com um teor alcoólico, em volume, inferior a 80 % vol; aguardentes, licores e outras bebidas espirituosas. - Aguardentes de vinho ou de bagaço de uvas";;;;;;;;
ncm:22082000|p0001|2026-09-16T00:44:20Z|18;ncm:22082000;22082000;1;18;2026-09-16T00:44:20Z;PILAR;VINHO BLEASDALE LANGHORNE;752183089166;;0.0;0.0;0.0;;;2014-04-24T11:07:34.000-03:00;2023-01-24T02:16:52.000-03:00;;;;0.0;0.0;1;COSMOS;https://cosmos.bluesoft.com.br/products/barcode/F810F4DF9AA40C03FB8918923DBB7892.png;;;;;22082000;Aguardentes de vinho ou de bagaço de uvas;"Bebidas, líquidos alcoólicos e vinagres - Álcool etílico não desnaturado, com um teor alcoólico, em volume, inferior a 80 % vol; aguardentes, licores e outras bebidas espirituosas. - Aguardentes de vinho ou de bagaço de uvas";;;;;;;;
ncm:22082000|p0001|2026-09-16T00:44:20Z|19;ncm:22082000;22082000;1;19;2026-09-16T00:44:20Z;PILAR;VINHO BRANCO NIAGARA SECO FRADE RESEVA;7898298540574;https://cdn-cosmos.bluesoft.com.br/products/7898298540574;;;;;;2014-04-24T11:07:34.000-03:00;2026-08-08T10:05:12.000-03:00;;;;0.0;0.0;1;COSMOS;https://cosmos.bluesoft.com.br/products/barcode/ED771A06496CB763D5AC0D3B190D40EE.png;;;;;22082000;Aguardentes de vinho ou de bagaço de uvas;"Bebidas, líquidos alcoólicos e vinagres - Álcool etílico não desnaturado, com um teor alcoólico, em volume, inferior a 80 % vol; aguardentes, licores e outras bebidas espirituosas. - Aguardentes de vinho ou de bagaço de uvas";;;;;;;;
ncm:22082000|p0001|2026-09-16T00:44:20Z|20;ncm:22082000;22082000;1;20;2026-09-16T00:44:20Z;PILAR;VINHO BRANCO SECO PALMEIRAS 88;7896923201043;;;;;;;2014-04-24T11:07:34.000-03:00;2026-07-31T19:14:12.000-03:00;;;;0.0;0.0;1;COSMOS;https://cosmos.bluesoft.com.br/products/barcode/33D4B71452BF3011750013F115E8AAA6.png;;;;;22082000;Aguardentes de vinho ou de bagaço de uvas;"Bebidas, líquidos alcoólicos e vinagres - Álcool etílico não desnaturado, com um teor alcoólico, em volume, inferior a 80 % vol; aguardentes, licores e outras bebidas espirituosas. - Aguardentes de vinho ou de bagaço de uvas";;;;;;;;
ncm:22082000|p0001|2026-09-16T00:44:20Z|21;ncm:22082000;22082000;1;21;2026-09-16T00:44:20Z;PILAR;VINHO CH SAN ELIAS BLANC SAU;7809585500454;;0.0;0.0;0.0;;;2014-04-24T11:07:34.000-03:00;2026-07-25T04:06:52.000-03:00;;;;0.0;0.0;1;COSMOS;https://cosmos.bluesoft.com.br/products/barcode/AE424275006A7A7B69B7D7944176CCD3.png;;;;;22082000;Aguardentes de vinho ou de bagaço de uvas;"Bebidas, líquidos alcoólicos e vinagres - Álcool etílico não desnaturado, com um teor alcoólico, em volume, inferior a 80 % vol; aguardentes, licores e outras bebidas espirituosas. - Aguardentes de vinho ou de bagaço de uvas";;;;;;;;
ncm:22082000|p0001|2026-09-16T00:44:20Z|22;ncm:22082000;22082000;1;22;2026-09-16T00:44:20Z;PILAR;VINHO DO FRADE TINTO SECO 4,6L;7898298540024;https://cdn-cosmos.bluesoft.com.br/products/7898298540024;;;;;;2014-04-24T11:07:34.000-03:00;2026-08-02T07:00:40.000-03:00;;;;0.0;0.0;1;COSMOS;https://cosmos.bluesoft.com.br/products/barcode/ED771A06496CB76352F952F98A52A658.png;;;;;22082000;Aguardentes de vinho ou de bagaço de uvas;"Bebidas, líquidos alcoólicos e vinagres - Álcool etílico não desnaturado, com um teor alcoólico, em volume, inferior a 80 % vol; aguardentes, licores e outras bebidas espirituosas. - Aguardentes de vinho ou de bagaço de uvas";;;;;;;;
ncm:22082000|p0001|2026-09-16T00:44:20Z|23;ncm:22082000;22082000;1;23;2026-09-16T00:44:20Z;PILAR;VINHO DO FRADE TINTO SECO;7898298540192;https://cdn-cosmos.bluesoft.com.br/products/7898298540192;;;;;;2014-04-24T11:07:34.000-03:00;2026-08-08T10:05:28.000-03:00;;;;0.0;0.0;1;COSMOS;https://cosmos.bluesoft.com.br/products/barcode/ED771A06496CB763D1069ECB66DD8EF1.png;;;;;22082000;Aguardentes de vinho ou de bagaço de uvas;"Bebidas, líquidos alcoólicos e vinagres - Álcool etílico não desnaturado, com um teor alcoólico, em volume, inferior a 80 % vol; aguardentes, licores e outras bebidas espirituosas. - Aguardentes de vinho ou de bagaço de uvas";;;;;;;;
ncm:22082000|p0001|2026-09-16T00:44:20Z|24;ncm:22082000;22082000;1;24;2026-09-16T00:44:20Z;PILAR;VINHO DO FRADE TINTO SUAVE 4,6L;7898298540017;https://cdn-cosmos.bluesoft.com.br/products/7898298540017;;;;;;2014-04-24T11:07:34.000-03:00;2026-08-02T07:00:40.000-03:00;;;;0.0;0.0;1;COSMOS;https://cosmos.bluesoft.com.br/products/barcode/ED771A06496CB76395E1F9EFACA9C17F.png;;;;;22082000;Aguardentes de vinho ou de bagaço de uvas;"Bebidas, líquidos alcoólicos e vinagres - Álcool etílico não desnaturado, com um teor alcoólico, em volume, inferior a 80 % vol; aguardentes, licores e outras bebidas espirituosas. - Aguardentes de vinho ou de bagaço de uvas";;;;;;;;
ncm:22082000|p0001|2026-09-16T00:44:20Z|25;ncm:22082000;22082000;1;25;2026-09-16T00:44:20Z;PILAR;VINHO TINTO SECO CATAFESTA 2L;7897200100127;;;;;;;2014-04-24T11:07:34.000-03:00;2026-07-31T20:55:40.000-03:00;;;;0.0;0.0;1;COSMOS;https://cosmos.bluesoft.com.br/products/barcode/CA4D5503018BCF7D23878B752C12015A.png;;;;;22082000;Aguardentes de vinho ou de bagaço de uvas;"Bebidas, líquidos alcoólicos e vinagres - Álcool etílico não desnaturado, com um teor alcoólico, em volume, inferior a 80 % vol; aguardentes, licores e outras bebidas espirituosas. - Aguardentes de vinho ou de bagaço de uvas";;;;;;;;
ncm:22082000|p0001|2026-09-16T00:44:20Z|26;ncm:22082000;22082000;1;26;2026-09-16T00:44:20Z;PILAR;VINHO TINTO SUAVE CATAFESTA 2L;7897200100110;;;;;;;2014-04-24T11:07:34.000-03:00;2026-07-31T20:55:39.000-03:00;;;;0.0;0.0;1;COSMOS;https://cosmos.bluesoft.com.br/products/barcode/CA4D5503018BCF7D60D3ED6E4AED76F6.png;;;;;22082000;Aguardentes de vinho ou de bagaço de uvas;"Bebidas, líquidos alcoólicos e vinagres - Álcool etílico não desnaturado, com um teor alcoólico, em volume, inferior a 80 % vol; aguardentes, licores e outras bebidas espirituosas. - Aguardentes de vinho ou de bagaço de uvas";;;;;;;;
ncm:22082000|p0001|2026-09-16T00:44:20Z|27;ncm:22082000;22082000;1;27;2026-09-16T00:44:20Z;PILAR;VINHO URU ISLA DE LOBOS;7730429000376;;0.0;0.0;0.0;;;2014-04-24T11:07:34.000-03:00;2026-07-25T03:26:00.000-03:00;;;;0.0;0.0;1;COSMOS;https://cosmos.bluesoft.com.br/products/barcode/BB5376CC8782548E52ED4BA8F9D8840E.png;;;;;22082000;Aguardentes de vinho ou de bagaço de uvas;"Bebidas, líquidos alcoólicos e vinagres - Álcool etílico não desnaturado, com um teor alcoólico, em volume, inferior a 80 % vol; aguardentes, licores e outras bebidas espirituosas. - Aguardentes de vinho ou de bagaço de uvas";;;;;;;;
ncm:22082000|p0001|2026-09-16T00:44:20Z|28;ncm:22082000;22082000;1;28;2026-09-16T00:44:20Z;PILAR;CATUABA ARRETADA;7898395720510;;0.0;0.0;0.0;;;2014-04-24T11:07:34.000-03:00;2026-08-02T08:57:51.000-03:00;;;;0.0;0.0;1;COSMOS;https://cosmos.bluesoft.com.br/products/barcode/87FB64CAEF5FE1ED338234E9B03084C0.png;;;;;22082000;Aguardentes de vinho ou de bagaço de uvas;"Bebidas, líquidos alcoólicos e vinagres - Álcool etílico não desnaturado, com um teor alcoólico, em volume, inferior a 80 % vol; aguardentes, licores e outras bebidas espirituosas. - Aguardentes de vinho ou de bagaço de uvas";;;;;;;;
ncm:22082000|p0001|2026-09-16T00:44:20Z|29;ncm:22082000;22082000;1;29;2026-09-16T00:44:20Z;PILAR;CATUABA ARRETADA;7898395720039;;0.0;0.0;0.0;;;2014-04-24T11:07:34.000-03:00;2026-08-02T08:57:41.000-03:00;;;;0.0;0.0;1;COSMOS;https://cosmos.bluesoft.com.br/products/barcode/87FB64CAEF5FE1EDBC25AF910BB6FF2E.png;;;;;22082000;Aguardentes de vinho ou de bagaço de uvas;"Bebidas, líquidos alcoólicos e vinagres - Álcool etílico não desnaturado, com um teor alcoólico, em volume, inferior a 80 % vol; aguardentes, licores e outras bebidas espirituosas. - Aguardentes de vinho ou de bagaço de uvas";;;;;;;;
ncm:22082000|p0001|2026-09-16T00:44:20Z|30;ncm:22082000;22082000;1;30;2026-09-16T00:44:20Z;PILAR;CATUABA VIRTUDE;7896092501111;;;;;;;2014-04-24T11:07:34.000-03:00;2026-07-30T06:31:48.000-03:00;;;;0.0;0.0;1;COSMOS;https://cosmos.bluesoft.com.br/products/barcode/342845AF9D7A74BFE132F16767E890FB.png;;;;;22082000;Aguardentes de vinho ou de bagaço de uvas;"Bebidas, líquidos alcoólicos e vinagres - Álcool etílico não desnaturado, com um teor alcoólico, em volume, inferior a 80 % vol; aguardentes, licores e outras bebidas espirituosas. - Aguardentes de vinho ou de bagaço de uvas";;;;;;;;
ncm:22083010|p0001|2026-09-16T00:44:20Z|01;ncm:22083010;22083010;1;1;2026-09-16T00:44:20Z;PILAR;WHISKY BARILETE 1L;7896189410012;;;;;;;2014-04-24T11:07:34.000-03:00;2026-07-30T07:57:41.000-03:00;;;;0.0;0.0;1;COSMOS;https://cosmos.bluesoft.com.br/products/barcode/ABC88DAB93DDD44F58EC407C8D411C19.png;;;;;22083010;Com um teor alcoólico, em volume, superior a 50 % vol, em recipientes de capacidade igual ou superior a 50 l;"Bebidas, líquidos alcoólicos e vinagres - Álcool etílico não desnaturado, com um teor alcoólico em volume inferior a 80% vol; aguardentes, licores e outras bebidas espirituosas (alcoólicas) - Uísques - Com um teor alcoólico, em volume, superior a 50 % vol, em recipientes de capacidade igual ou superior a 50 l";;;;;;;;
ncm:22083010|p0001|2026-09-16T00:44:20Z|02;ncm:22083010;22083010;1;2;2026-09-16T00:44:20Z;PILAR;WHISKY O MONGE;7896189410036;;0.0;0.0;0.0;;;2014-04-24T11:07:34.000-03:00;2026-07-30T07:57:41.000-03:00;;;;0.0;0.0;1;COSMOS;https://cosmos.bluesoft.com.br/products/barcode/ABC88DAB93DDD44FDA9B1376850622B8.png;;;;;22083010;Com um teor alcoólico, em volume, superior a 50 % vol, em recipientes de capacidade igual ou superior a 50 l;"Bebidas, líquidos alcoólicos e vinagres - Álcool etílico não desnaturado, com um teor alcoólico em volume inferior a 80% vol; aguardentes, licores e outras bebidas espirituosas (alcoólicas) - Uísques - Com um teor alcoólico, em volume, superior a 50 % vol, em recipientes de capacidade igual ou superior a 50 l";;;;;;;;
ncm:22083010|p0001|2026-09-16T00:44:20Z|03;ncm:22083010;22083010;1;3;2026-09-16T00:44:20Z;PILAR;ALCOOL LUMA SEPT GEL 1L;7898138440569;;0.0;0.0;0.0;;;2018-08-14T08:13:00.000-03:00;2026-08-02T03:08:50.000-03:00;;;;0.0;0.0;1;COSMOS;https://cosmos.bluesoft.com.br/products/barcode/16809239DF16DFF3337B20927312DE6B.png;;;;;22083010;Com um teor alcoólico, em volume, superior a 50 % vol, em recipientes de capacidade igual ou superior a 50 l;"Bebidas, líquidos alcoólicos e vinagres - Álcool etílico não desnaturado, com um teor alcoólico em volume inferior a 80% vol; aguardentes, licores e outras bebidas espirituosas (alcoólicas) - Uísques - Com um teor alcoólico, em volume, superior a 50 % vol, em recipientes de capacidade igual ou superior a 50 l";;;;;;;;
ncm:22083020|p0001|2026-09-16T00:44:20Z|01;ncm:22083020;22083020;1;1;2026-09-16T00:44:20Z;PILAR;WHISKY BALLANTINES 17 ANOS;5010106110157;https://cdn-cosmos.bluesoft.com.br/products/5010106110157;;;;;;2014-04-24T11:07:34.000-03:00;2026-07-25T01:29:31.000-03:00;;;;0.0;0.0;1;COSMOS;https://cosmos.bluesoft.com.br/products/barcode/B6C3FD2BF9C54C69B7163040566F3298.png;BALLANTINES;/assets/brand-placeholder-7080174fbd24025783105a607811edad.png;;;22083020;Em embalagens de capacidade inferior ou igual a 2 l;"Bebidas, líquidos alcoólicos e vinagres - Álcool etílico não desnaturado, com um teor alcoólico em volume inferior a 80% vol; aguardentes, licores e outras bebidas espirituosas (alcoólicas) - Uísques - Em embalagens de capacidade inferior ou igual a 2 l";;147;Whisky;69;;;;
ncm:22083020|p0001|2026-09-16T00:44:20Z|02;ncm:22083020;22083020;1;2;2026-09-16T00:44:20Z;PILAR;WHISKY BALLANTINES FINEST 1L C/CARTEIRA;7891050003072;;;;;;;2014-04-24T11:07:34.000-03:00;2026-07-26T19:39:37.000-03:00;;;;0.0;0.0;1;COSMOS;https://cosmos.bluesoft.com.br/products/barcode/A10E4E9651EFE2CB0E90A6546492CE80.png;;;;;22083020;Em embalagens de capacidade inferior ou igual a 2 l;"Bebidas, líquidos alcoólicos e vinagres - Álcool etílico não desnaturado, com um teor alcoólico em volume inferior a 80% vol; aguardentes, licores e outras bebidas espirituosas (alcoólicas) - Uísques - Em embalagens de capacidade inferior ou igual a 2 l";;;;;;;;
ncm:22083020|p0001|2026-09-16T00:44:20Z|03;ncm:22083020;22083020;1;3;2026-09-16T00:44:20Z;PILAR;WHISKY BLACK & WHITE;50196166;https://cdn-cosmos.bluesoft.com.br/products/50196166;;;;;;2014-04-24T11:07:34.000-03:00;2026-05-27T21:18:13.000-03:00;;;;0.0;0.0;1;COSMOS;https://cosmos.bluesoft.com.br/products/barcode/7126F45F5A9F3190EA40EC6AC440F7C7.png;;;;;22083020;Em embalagens de capacidade inferior ou igual a 2 l;"Bebidas, líquidos alcoólicos e vinagres - Álcool etílico não desnaturado, com um teor alcoólico em volume inferior a 80% vol; aguardentes, licores e outras bebidas espirituosas (alcoólicas) - Uísques - Em embalagens de capacidade inferior ou igual a 2 l";;147;Whisky;69;;;;
ncm:22083020|p0001|2026-09-16T00:44:20Z|04;ncm:22083020;22083020;1;4;2026-09-16T00:44:20Z;PILAR;WHISKY BUCHANAN'S 1L 12 ANOS C/BALDE;7893218002651;;0.0;0.0;0.0;;;2014-04-24T11:07:34.000-03:00;2026-07-27T03:15:16.000-03:00;;;;0.0;0.0;1;COSMOS;https://cosmos.bluesoft.com.br/products/barcode/21E9E32DB158193CEA34DBBB0697D640.png;;;;;22083020;Em embalagens de capacidade inferior ou igual a 2 l;"Bebidas, líquidos alcoólicos e vinagres - Álcool etílico não desnaturado, com um teor alcoólico em volume inferior a 80% vol; aguardentes, licores e outras bebidas espirituosas (alcoólicas) - Uísques - Em embalagens de capacidade inferior ou igual a 2 l";;;;;;;;
ncm:22083020|p0001|2026-09-16T00:44:20Z|05;ncm:22083020;22083020;1;5;2026-09-16T00:44:20Z;PILAR;WHISKY ESCOCÊS BLENDED SPECIAL RESERVE BUCHANANS GARRAFA 750ML;5000196001695;https://cdn-cosmos.bluesoft.com.br/products/5000196001695;;;;;;2014-04-24T11:07:34.000-03:00;2026-07-25T01:28:11.000-03:00;;;;0.0;0.0;2;COSMOS;https://cosmos.bluesoft.com.br/products/barcode/7297F7AA278EB1ABF467C60765C89222.png;BUCHANAN'S;/assets/brand-placeholder-7080174fbd24025783105a607811edad.png;;;22083020;Em embalagens de capacidade inferior ou igual a 2 l;"Bebidas, líquidos alcoólicos e vinagres - Álcool etílico não desnaturado, com um teor alcoólico em volume inferior a 80% vol; aguardentes, licores e outras bebidas espirituosas (alcoólicas) - Uísques - Em embalagens de capacidade inferior ou igual a 2 l";;147;Whisky;69;;;;
ncm:22083020|p0001|2026-09-16T00:44:20Z|06;ncm:22083020;22083020;1;6;2026-09-16T00:44:20Z;PILAR;WHISKY CANADIAN CLUB;80686816157;https://cdn-cosmos.bluesoft.com.br/products/80686816157;0.0;0.0;0.0;;;2014-04-24T11:07:34.000-03:00;2025-12-25T06:24:56.000-03:00;;;;0.0;0.0;1;COSMOS;https://cosmos.bluesoft.com.br/products/barcode/1D960EE9ED4A95591BFC95F330FE0D85.png;;;;;22083020;Em embalagens de capacidade inferior ou igual a 2 l;"Bebidas, líquidos alcoólicos e vinagres - Álcool etílico não desnaturado, com um teor alcoólico em volume inferior a 80% vol; aguardentes, licores e outras bebidas espirituosas (alcoólicas) - Uísques - Em embalagens de capacidade inferior ou igual a 2 l";;;;;;;;
ncm:22083020|p0001|2026-09-16T00:44:20Z|07;ncm:22083020;22083020;1;7;2026-09-16T00:44:20Z;PILAR;WHISKY ESCOCÊS SINGLE MALT CARDHU GARRAFA 1L;5000267102634;https://cdn-cosmos.bluesoft.com.br/products/5000267102634;;;;;;2014-04-24T11:07:34.000-03:00;2026-07-25T01:28:33.000-03:00;;;;0.0;0.0;1;COSMOS;https://cosmos.bluesoft.com.br/products/barcode/31843984BDF20C18AD537EE91CE754F0.png;CARDHU;/assets/brand-placeholder-7080174fbd24025783105a607811edad.png;;;22083020;Em embalagens de capacidade inferior ou igual a 2 l;"Bebidas, líquidos alcoólicos e vinagres - Álcool etílico não desnaturado, com um teor alcoólico em volume inferior a 80% vol; aguardentes, licores e outras bebidas espirituosas (alcoólicas) - Uísques - Em embalagens de capacidade inferior ou igual a 2 l";;147;Whisky;69;;;;
ncm:22083020|p0001|2026-09-16T00:44:20Z|08;ncm:22083020;22083020;1;8;2026-09-16T00:44:20Z;PILAR;WHISKY CHIVAS 12 ANOS 1LT;5000299212691;https://cdn-cosmos.bluesoft.com.br/products/5000299212691;;;;;;2014-04-24T11:07:34.000-03:00;2026-07-25T01:29:03.000-03:00;;;;0.0;0.0;0;COSMOS;https://cosmos.bluesoft.com.br/products/barcode/4C0CE874B23136F456FBAC12F576A0C7.png;CHIVAS REGAL;https://cdn-cosmos.bluesoft.com.br/brands/brand_chivas-regal;50000000;Alimentos / Bebidas / Tabaco;22083020;Em embalagens de capacidade inferior ou igual a 2 l;"Bebidas, líquidos alcoólicos e vinagres - Álcool etílico não desnaturado, com um teor alcoólico em volume inferior a 80% vol; aguardentes, licores e outras bebidas espirituosas (alcoólicas) - Uísques - Em embalagens de capacidade inferior ou igual a 2 l";;;;;;;;
ncm:22083020|p0001|2026-09-16T00:44:20Z|09;ncm:22083020;22083020;1;9;2026-09-16T00:44:20Z;PILAR;WHISKY ESCOCÊS BLENDED GOLD SIGNATURE CHIVAS REGAL GARRAFA 750ML;5000299225028;https://cdn-cosmos.bluesoft.com.br/products/5000299225028;;;;;;2014-04-24T11:07:34.000-03:00;2026-09-03T22:02:54.000-03:00;;;;0.0;0.0;2;COSMOS;https://cosmos.bluesoft.com.br/products/barcode/4C0CE874B23136F4882653F8B73A578A.png;CHIVAS REGAL;https://cdn-cosmos.bluesoft.com.br/brands/brand_chivas-regal;;;22083020;Em embalagens de capacidade inferior ou igual a 2 l;"Bebidas, líquidos alcoólicos e vinagres - Álcool etílico não desnaturado, com um teor alcoólico em volume inferior a 80% vol; aguardentes, licores e outras bebidas espirituosas (alcoólicas) - Uísques - Em embalagens de capacidade inferior ou igual a 2 l";;147;Whisky;69;;;;
ncm:22083020|p0001|2026-09-16T00:44:20Z|10;ncm:22083020;22083020;1;10;2026-09-16T00:44:20Z;PILAR;WHISKY CUTTY SARK 1L PACK C/COPO;7898945134163;;;;;;;2014-04-24T11:07:34.000-03:00;2026-08-03T11:51:10.000-03:00;;;;0.0;0.0;1;COSMOS;https://cosmos.bluesoft.com.br/products/barcode/7AA824DAB2537C99C9FA00E28A48AF09.png;;;;;22083020;Em embalagens de capacidade inferior ou igual a 2 l;"Bebidas, líquidos alcoólicos e vinagres - Álcool etílico não desnaturado, com um teor alcoólico em volume inferior a 80% vol; aguardentes, licores e outras bebidas espirituosas (alcoólicas) - Uísques - Em embalagens de capacidade inferior ou igual a 2 l";;;;;;;;
ncm:22083020|p0001|2026-09-16T00:44:20Z|11;ncm:22083020;22083020;1;11;2026-09-16T00:44:20Z;PILAR;THE DALMORE 15 ANOS 0,;5013967005006;https://cdn-cosmos.bluesoft.com.br/products/the-dalmore-15-anos-0-700-l_300x300-PU566c8_1.jpg;;;;;;2014-04-24T11:07:34.000-03:00;2026-07-25T01:31:41.000-03:00;;;;0.0;0.0;1;COSMOS;https://cosmos.bluesoft.com.br/products/barcode/00EA9A60C1E91718128507548EDC4F0B.png;WHYTE & MACKAY;/assets/brand-placeholder-7080174fbd24025783105a607811edad.png;;;22083020;Em embalagens de capacidade inferior ou igual a 2 l;"Bebidas, líquidos alcoólicos e vinagres - Álcool etílico não desnaturado, com um teor alcoólico em volume inferior a 80% vol; aguardentes, licores e outras bebidas espirituosas (alcoólicas) - Uísques - Em embalagens de capacidade inferior ou igual a 2 l";;;;;;;;
ncm:22083020|p0001|2026-09-16T00:44:20Z|12;ncm:22083020;22083020;1;12;2026-09-16T00:44:20Z;PILAR;FAMOUSE GROUSE 12YEARS|1000|SCOTCH WHISKEY;5010314441067;;0.0;0.0;0.0;;;2014-04-24T11:07:34.000-03:00;2026-07-25T01:29:45.000-03:00;;;;0.0;0.0;1;COSMOS;https://cosmos.bluesoft.com.br/products/barcode/D32D1D2E1CF4445449D0E37C6ACDA050.png;;;;;22083020;Em embalagens de capacidade inferior ou igual a 2 l;"Bebidas, líquidos alcoólicos e vinagres - Álcool etílico não desnaturado, com um teor alcoólico em volume inferior a 80% vol; aguardentes, licores e outras bebidas espirituosas (alcoólicas) - Uísques - Em embalagens de capacidade inferior ou igual a 2 l";;;;;;;;
ncm:22083020|p0001|2026-09-16T00:44:20Z|13;ncm:22083020;22083020;1;13;2026-09-16T00:44:20Z;PILAR;WHISKY FAMOUS GROUSE 1L BLACK;5010314073008;;;;;;;2014-04-24T11:07:34.000-03:00;2026-07-25T01:29:41.000-03:00;;;;0.0;0.0;1;COSMOS;https://cosmos.bluesoft.com.br/products/barcode/DA7E535C9A501C75BB00635471B451D9.png;;;;;22083020;Em embalagens de capacidade inferior ou igual a 2 l;"Bebidas, líquidos alcoólicos e vinagres - Álcool etílico não desnaturado, com um teor alcoólico em volume inferior a 80% vol; aguardentes, licores e outras bebidas espirituosas (alcoólicas) - Uísques - Em embalagens de capacidade inferior ou igual a 2 l";;;;;;;;
ncm:22083020|p0001|2026-09-16T00:44:20Z|14;ncm:22083020;22083020;1;14;2026-09-16T00:44:20Z;PILAR;WHISKY GLEN GRANT 1L;80432403020;https://cdn-cosmos.bluesoft.com.br/products/80432403020;;;;;;2014-04-24T11:07:34.000-03:00;2026-04-19T08:45:38.000-03:00;;;;0.0;0.0;1;COSMOS;https://cosmos.bluesoft.com.br/products/barcode/DB33E41AA50F9A1D9F6F0A80EE484B1B.png;;;;;22083020;Em embalagens de capacidade inferior ou igual a 2 l;"Bebidas, líquidos alcoólicos e vinagres - Álcool etílico não desnaturado, com um teor alcoólico em volume inferior a 80% vol; aguardentes, licores e outras bebidas espirituosas (alcoólicas) - Uísques - Em embalagens de capacidade inferior ou igual a 2 l";;;;;;;;
ncm:22083020|p0001|2026-09-16T00:44:20Z|15;ncm:22083020;22083020;1;15;2026-09-16T00:44:20Z;PILAR;GLENFIDDICH 12 ANOS 1 L;5010327302201;https://cdn-cosmos.bluesoft.com.br/products/glenfiddich-12-anos-1-l_300x300-PU5604c_1.jpg;;;;;;2014-04-24T11:07:34.000-03:00;2026-08-15T10:19:17.000-03:00;;;;0.0;0.0;1;COSMOS;https://cosmos.bluesoft.com.br/products/barcode/F68347A3368C3FE96610105B16963DB9.png;;;;;22083020;Em embalagens de capacidade inferior ou igual a 2 l;"Bebidas, líquidos alcoólicos e vinagres - Álcool etílico não desnaturado, com um teor alcoólico em volume inferior a 80% vol; aguardentes, licores e outras bebidas espirituosas (alcoólicas) - Uísques - Em embalagens de capacidade inferior ou igual a 2 l";;;;;;;;
ncm:22083020|p0001|2026-09-16T00:44:20Z|16;ncm:22083020;22083020;1;16;2026-09-16T00:44:20Z;PILAR;WHISKY GLENFIDDICH 1L C/2+BRINDES;7891125181261;;0.0;0.0;0.0;;;2014-04-24T11:07:34.000-03:00;2026-07-26T21:09:25.000-03:00;;;;0.0;0.0;1;COSMOS;https://cosmos.bluesoft.com.br/products/barcode/D5D6BB2529369C6FFC0721DFEC126EDB.png;;;;;22083020;Em embalagens de capacidade inferior ou igual a 2 l;"Bebidas, líquidos alcoólicos e vinagres - Álcool etílico não desnaturado, com um teor alcoólico em volume inferior a 80% vol; aguardentes, licores e outras bebidas espirituosas (alcoólicas) - Uísques - Em embalagens de capacidade inferior ou igual a 2 l";;;;;;;;
ncm:22083020|p0001|2026-09-16T00:44:20Z|17;ncm:22083020;22083020;1;17;2026-09-16T00:44:20Z;PILAR;WHISKY ESCOCÊS SINGLE MALT 12 ANOS GLENFIDDICH GARRAFA 750ML;5010327000176;https://cdn-cosmos.bluesoft.com.br/products/5010327000176;;;;;;2014-04-24T11:07:34.000-03:00;2026-07-25T01:29:46.000-03:00;;;;0.0;0.0;1;COSMOS;https://cosmos.bluesoft.com.br/products/barcode/FC49DDA6B47C84CEF2B3078DEFC66C2C.png;GLENFIDDICH;/assets/brand-placeholder-7080174fbd24025783105a607811edad.png;;;22083020;Em embalagens de capacidade inferior ou igual a 2 l;"Bebidas, líquidos alcoólicos e vinagres - Álcool etílico não desnaturado, com um teor alcoólico em volume inferior a 80% vol; aguardentes, licores e outras bebidas espirituosas (alcoólicas) - Uísques - Em embalagens de capacidade inferior ou igual a 2 l";;147;Whisky;69;;;;
ncm:22083020|p0001|2026-09-16T00:44:20Z|18;ncm:22083020;22083020;1;18;2026-09-16T00:44:20Z;PILAR;WHISKY GRAND OLD PARR SUPERIOR;5000281003474;;0.0;0.0;0.0;;;2014-04-24T11:07:34.000-03:00;2026-07-25T01:28:51.000-03:00;;;;0.0;0.0;1;COSMOS;https://cosmos.bluesoft.com.br/products/barcode/73D397614B225EDD53B24F8A058A9394.png;;;;;22083020;Em embalagens de capacidade inferior ou igual a 2 l;"Bebidas, líquidos alcoólicos e vinagres - Álcool etílico não desnaturado, com um teor alcoólico em volume inferior a 80% vol; aguardentes, licores e outras bebidas espirituosas (alcoólicas) - Uísques - Em embalagens de capacidade inferior ou igual a 2 l";;;;;;;;
ncm:22083020|p0001|2026-09-16T00:44:20Z|19;ncm:22083020;22083020;1;19;2026-09-16T00:44:20Z;PILAR;WHISKY GRANT'S 1L C/2 + GARRAFA ACO;7891125181513;;0.0;0.0;0.0;;;2014-04-24T11:07:34.000-03:00;2026-07-26T21:09:25.000-03:00;;;;0.0;0.0;1;COSMOS;https://cosmos.bluesoft.com.br/products/barcode/D5D6BB2529369C6F475FA5C88FE0FC05.png;;;;;22083020;Em embalagens de capacidade inferior ou igual a 2 l;"Bebidas, líquidos alcoólicos e vinagres - Álcool etílico não desnaturado, com um teor alcoólico em volume inferior a 80% vol; aguardentes, licores e outras bebidas espirituosas (alcoólicas) - Uísques - Em embalagens de capacidade inferior ou igual a 2 l";;;;;;;;
ncm:22083020|p0001|2026-09-16T00:44:20Z|20;ncm:22083020;22083020;1;20;2026-09-16T00:44:20Z;PILAR;JURA 16 ANOS 0,;5010196075091;https://cdn-cosmos.bluesoft.com.br/products/jura-16-anos-0-700-l_300x300-PU56803_1.jpg;0.0;0.0;0.0;;;2014-04-24T11:07:34.000-03:00;2026-07-25T01:29:38.000-03:00;;;;0.0;0.0;1;COSMOS;https://cosmos.bluesoft.com.br/products/barcode/0C3AEF06295754CAB366716C912823EF.png;ISLE OF JURA;/assets/brand-placeholder-7080174fbd24025783105a607811edad.png;;;22083020;Em embalagens de capacidade inferior ou igual a 2 l;"Bebidas, líquidos alcoólicos e vinagres - Álcool etílico não desnaturado, com um teor alcoólico em volume inferior a 80% vol; aguardentes, licores e outras bebidas espirituosas (alcoólicas) - Uísques - Em embalagens de capacidade inferior ou igual a 2 l";;147;Whisky;69;;;;
ncm:22083020|p0001|2026-09-16T00:44:20Z|21;ncm:22083020;22083020;1;21;2026-09-16T00:44:20Z;PILAR;J & B RESERVE 15 ANOS 1 L;5010103803311;https://cdn-cosmos.bluesoft.com.br/products/j-b-reserve-15-anos-1-l_300x300-PU81371_1.jpg;;;;;;2014-04-24T11:07:34.000-03:00;2026-07-25T01:29:28.000-03:00;;;;0.0;0.0;1;COSMOS;https://cosmos.bluesoft.com.br/products/barcode/221EC0FF4391851D53EE419625B8C6E4.png;DIAGEO BRANDS;https://cdn-cosmos.bluesoft.com.br/brands/brand_diageo-brands;50000000;Alimentos / Bebidas / Tabaco;22083020;Em embalagens de capacidade inferior ou igual a 2 l;"Bebidas, líquidos alcoólicos e vinagres - Álcool etílico não desnaturado, com um teor alcoólico em volume inferior a 80% vol; aguardentes, licores e outras bebidas espirituosas (alcoólicas) - Uísques - Em embalagens de capacidade inferior ou igual a 2 l";;;;;;;;
ncm:22083020|p0001|2026-09-16T00:44:20Z|22;ncm:22083020;22083020;1;22;2026-09-16T00:44:20Z;PILAR;WHISKY J&B RESERVE 15Y;5010103902564;;0.0;0.0;0.0;;;2014-04-24T11:07:34.000-03:00;2026-07-25T01:29:29.000-03:00;;;;0.0;0.0;1;COSMOS;https://cosmos.bluesoft.com.br/products/barcode/E3D097088AED6FF6E6E35BD06DD10B7B.png;;;;;22083020;Em embalagens de capacidade inferior ou igual a 2 l;"Bebidas, líquidos alcoólicos e vinagres - Álcool etílico não desnaturado, com um teor alcoólico em volume inferior a 80% vol; aguardentes, licores e outras bebidas espirituosas (alcoólicas) - Uísques - Em embalagens de capacidade inferior ou igual a 2 l";;;;;;;;
ncm:22083020|p0001|2026-09-16T00:44:20Z|23;ncm:22083020;22083020;1;23;2026-09-16T00:44:20Z;PILAR;WHISKY JACK DANIELS 1L C/LATA;82184245163;;;;;;;2014-04-24T11:07:34.000-03:00;2025-06-30T16:15:10.000-03:00;;;;0.0;0.0;1;COSMOS;https://cosmos.bluesoft.com.br/products/barcode/A768131D44DAC1524083F0BAE304874A.png;;;;;22083020;Em embalagens de capacidade inferior ou igual a 2 l;"Bebidas, líquidos alcoólicos e vinagres - Álcool etílico não desnaturado, com um teor alcoólico em volume inferior a 80% vol; aguardentes, licores e outras bebidas espirituosas (alcoólicas) - Uísques - Em embalagens de capacidade inferior ou igual a 2 l";;;;;;;;
ncm:22083020|p0001|2026-09-16T00:44:20Z|24;ncm:22083020;22083020;1;24;2026-09-16T00:44:20Z;PILAR;WHISKY JOHNNIE WALKER 1L BLACK LABEL C/BALDE;7893218002644;;0.0;0.0;0.0;;;2014-04-24T11:07:34.000-03:00;2026-07-27T03:15:16.000-03:00;;;;0.0;0.0;1;COSMOS;https://cosmos.bluesoft.com.br/products/barcode/21E9E32DB158193C770D56FE6795BA6C.png;;;;;22083020;Em embalagens de capacidade inferior ou igual a 2 l;"Bebidas, líquidos alcoólicos e vinagres - Álcool etílico não desnaturado, com um teor alcoólico em volume inferior a 80% vol; aguardentes, licores e outras bebidas espirituosas (alcoólicas) - Uísques - Em embalagens de capacidade inferior ou igual a 2 l";;;;;;;;
ncm:22083020|p0001|2026-09-16T00:44:20Z|25;ncm:22083020;22083020;1;25;2026-09-16T00:44:20Z;PILAR;WHISKY JOHNNIE WALKER 1L BLACK LABEL EDIC ESPECIAL;7893218002873;;;;;;;2014-04-24T11:07:34.000-03:00;2026-07-27T03:15:21.000-03:00;;;;0.0;0.0;1;COSMOS;https://cosmos.bluesoft.com.br/products/barcode/21E9E32DB158193CA907D1B50CB73EB3.png;;;;;22083020;Em embalagens de capacidade inferior ou igual a 2 l;"Bebidas, líquidos alcoólicos e vinagres - Álcool etílico não desnaturado, com um teor alcoólico em volume inferior a 80% vol; aguardentes, licores e outras bebidas espirituosas (alcoólicas) - Uísques - Em embalagens de capacidade inferior ou igual a 2 l";;;;;;;;
ncm:22083020|p0001|2026-09-16T00:44:20Z|26;ncm:22083020;22083020;1;26;2026-09-16T00:44:20Z;PILAR;WHISKY JOHNNIE WALKER 1L RED LABEL C/COPO;7893218002637;https://cdn-cosmos.bluesoft.com.br/products/7893218002637;0.0;0.0;0.0;;;2014-04-24T11:07:34.000-03:00;2026-07-27T03:15:16.000-03:00;;;;0.0;0.0;1;COSMOS;https://cosmos.bluesoft.com.br/products/barcode/21E9E32DB158193C6467B3A4EF13B965.png;;;;;22083020;Em embalagens de capacidade inferior ou igual a 2 l;"Bebidas, líquidos alcoólicos e vinagres - Álcool etílico não desnaturado, com um teor alcoólico em volume inferior a 80% vol; aguardentes, licores e outras bebidas espirituosas (alcoólicas) - Uísques - Em embalagens de capacidade inferior ou igual a 2 l";;;;;;;;
ncm:22083020|p0001|2026-09-16T00:44:20Z|27;ncm:22083020;22083020;1;27;2026-09-16T00:44:20Z;PILAR;WHISKY JOHNNIE WALKER RED LABEL;5000267014401;https://cdn-cosmos.bluesoft.com.br/products/5000267014401;;;;;;2014-04-24T11:07:34.000-03:00;2026-09-15T15:12:27.000-03:00;;;;0.0;0.0;2;COSMOS;https://cosmos.bluesoft.com.br/products/barcode/E0352C47512338107C5FE57F06CE2409.png;J.WALKER;/assets/brand-placeholder-7080174fbd24025783105a607811edad.png;;;22083020;Em embalagens de capacidade inferior ou igual a 2 l;"Bebidas, líquidos alcoólicos e vinagres - Álcool etílico não desnaturado, com um teor alcoólico em volume inferior a 80% vol; aguardentes, licores e outras bebidas espirituosas (alcoólicas) - Uísques - Em embalagens de capacidade inferior ou igual a 2 l";;147;Whisky;69;;;;
ncm:22083020|p0001|2026-09-16T00:44:20Z|28;ncm:22083020;22083020;1;28;2026-09-16T00:44:20Z;PILAR;WHISKY OLD EXCELLER 1L;7896711102910;;;;;;;2014-04-24T11:07:34.000-03:00;2026-07-31T17:35:58.000-03:00;;;;0.0;0.0;1;COSMOS;https://cosmos.bluesoft.com.br/products/barcode/B032B5A846C8AE479337BEE375E9F13C.png;;;;;22083020;Em embalagens de capacidade inferior ou igual a 2 l;"Bebidas, líquidos alcoólicos e vinagres - Álcool etílico não desnaturado, com um teor alcoólico em volume inferior a 80% vol; aguardentes, licores e outras bebidas espirituosas (alcoólicas) - Uísques - Em embalagens de capacidade inferior ou igual a 2 l";;;;;;;;
ncm:22083020|p0001|2026-09-16T00:44:20Z|29;ncm:22083020;22083020;1;29;2026-09-16T00:44:20Z;PILAR;WHISKY ESCOCÊS BLENDED ROYAL SALUTE THE SIGNATURE BLEND GARRAFA 700ML;5000299211243;https://cdn-cosmos.bluesoft.com.br/products/5000299211243;;;;;;2014-04-24T11:07:34.000-03:00;2026-07-25T01:29:01.000-03:00;;;;0.0;0.0;2;COSMOS;https://cosmos.bluesoft.com.br/products/barcode/4C0CE874B23136F4AAF3A936382BFE1A.png;ROYAL TALENS;/assets/brand-placeholder-7080174fbd24025783105a607811edad.png;;;22083020;Em embalagens de capacidade inferior ou igual a 2 l;"Bebidas, líquidos alcoólicos e vinagres - Álcool etílico não desnaturado, com um teor alcoólico em volume inferior a 80% vol; aguardentes, licores e outras bebidas espirituosas (alcoólicas) - Uísques - Em embalagens de capacidade inferior ou igual a 2 l";;147;Whisky;69;;;;
ncm:22083020|p0001|2026-09-16T00:44:20Z|30;ncm:22083020;22083020;1;30;2026-09-16T00:44:20Z;PILAR;WHISKY TILLERS 1L;7891125163304;https://cdn-cosmos.bluesoft.com.br/products/7891125163304;;;;;;2014-04-24T11:07:34.000-03:00;2026-09-13T14:06:33.000-03:00;;;;0.0;0.0;1;COSMOS;https://cosmos.bluesoft.com.br/products/barcode/D5D6BB2529369C6F3608A758FA6DA4F7.png;;;;;22083020;Em embalagens de capacidade inferior ou igual a 2 l;"Bebidas, líquidos alcoólicos e vinagres - Álcool etílico não desnaturado, com um teor alcoólico em volume inferior a 80% vol; aguardentes, licores e outras bebidas espirituosas (alcoólicas) - Uísques - Em embalagens de capacidade inferior ou igual a 2 l";;147;Whisky;69;;;;
ncm:22083090|p0001|2026-09-16T00:44:20Z|01;ncm:22083090;22083090;1;1;2026-09-16T00:44:20Z;PILAR;GRAND MACNISH 8 ANOS 1 L;5024546356587;https://cdn-cosmos.bluesoft.com.br/products/grand-macnish-8-anos-1-l_300x300-PU565b9_1.jpg;;;;;;2014-04-24T11:07:34.000-03:00;2026-07-25T01:32:59.000-03:00;;;;0.0;0.0;1;COSMOS;https://cosmos.bluesoft.com.br/products/barcode/B09D139B9E0788BF1C9BC0EF03C0E394.png;GRAND MACNISH;/assets/brand-placeholder-7080174fbd24025783105a607811edad.png;;;22083090;Outros;"Bebidas, líquidos alcoólicos e vinagres - Álcool etílico não desnaturado, com um teor alcoólico em volume inferior a 80% vol; aguardentes, licores e outras bebidas espirituosas (alcoólicas) - Uísques - Outros";;;;;;;;
ncm:22083090|p0001|2026-09-16T00:44:20Z|02;ncm:22083090;22083090;1;2;2026-09-16T00:44:20Z;PILAR;HM | CONTEMPORARY SOLID BRASS BATHROOM SINK FAUCET CHROME FINISH;5024546366630;https://cdn-cosmos.bluesoft.com.br/products/5024546366630;0.0;0.0;0.0;;;2015-09-17T06:17:10.000-03:00;2026-08-04T19:10:38.000-03:00;;;;0.0;0.0;1;COSMOS;https://cosmos.bluesoft.com.br/products/barcode/B09D139B9E0788BF2582D184FE97FF60.png;HM;/assets/brand-placeholder-7080174fbd24025783105a607811edad.png;;;22083090;Outros;"Bebidas, líquidos alcoólicos e vinagres - Álcool etílico não desnaturado, com um teor alcoólico em volume inferior a 80% vol; aguardentes, licores e outras bebidas espirituosas (alcoólicas) - Uísques - Outros";;;;;;;;
ncm:22083090|p0001|2026-09-16T00:44:20Z|03;ncm:22083090;22083090;1;3;2026-09-16T00:44:20Z;PILAR;JOSE CUERVO SILVER 750 ML;7501035042070;https://cdn-cosmos.bluesoft.com.br/products/7501035042070;;;;;;2016-01-19T14:46:01.000-02:00;2026-07-25T02:55:45.000-03:00;;;;0.0;0.0;1;COSMOS;https://cosmos.bluesoft.com.br/products/barcode/4FEC9D81F24FABB5060C5BF7280C7950.png;;;;;22083090;Outros;"Bebidas, líquidos alcoólicos e vinagres - Álcool etílico não desnaturado, com um teor alcoólico em volume inferior a 80% vol; aguardentes, licores e outras bebidas espirituosas (alcoólicas) - Uísques - Outros";;;;;;;;
ncm:22083090|p0001|2026-09-16T00:44:20Z|04;ncm:22083090;22083090;1;4;2026-09-16T00:44:20Z;PILAR;BLACK FIRE WHISKY 1L;7897736409053;https://cdn-cosmos.bluesoft.com.br/products/7897736409053;;;;;;2019-05-17T17:51:10.000-03:00;2026-07-01T13:16:08.000-03:00;;;;0.0;0.0;1;COSMOS;https://cosmos.bluesoft.com.br/products/barcode/B0E7FD673E26C0FC98864262D31F3990.png;;;;;22083090;Outros;"Bebidas, líquidos alcoólicos e vinagres - Álcool etílico não desnaturado, com um teor alcoólico em volume inferior a 80% vol; aguardentes, licores e outras bebidas espirituosas (alcoólicas) - Uísques - Outros";;;;;;;;
ncm:22084000|p0001|2026-09-16T00:44:21Z|01;ncm:22084000;22084000;1;1;2026-09-16T00:44:21Z;PILAR;AG 3 FAZENDAS 12X;7896050200087;;0.0;0.0;0.0;;;2014-04-24T11:07:34.000-03:00;2026-08-15T17:33:08.000-03:00;;;;0.0;0.0;2;COSMOS;https://cosmos.bluesoft.com.br/products/barcode/AA0DF3E6EA8DC19170D3A6D13772A7DB.png;;;;;22084000;Rum e outras aguardentes provenientes da destilação, após fermentação, de produtos da cana-de-açúcar;"Bebidas, líquidos alcoólicos e vinagres - Álcool etílico não desnaturado, com um teor alcoólico, em volume, inferior a 80 % vol; aguardentes, licores e outras bebidas espirituosas. - Rum e outras aguardentes provenientes da destilação, após fermentação, de produtos da cana-de-açúcar";;;;;1816;0201200;Rum;1656
ncm:22084000|p0001|2026-09-16T00:44:21Z|02;ncm:22084000;22084000;1;2;2026-09-16T00:44:21Z;PILAR;AGUARDENTE ALEGRIA DA ROÇA;7898075980104;https://cdn-cosmos.bluesoft.com.br/products/7898075980104;;;;;;2014-04-24T11:07:34.000-03:00;2026-08-02T01:42:35.000-03:00;;;;0.0;0.0;2;COSMOS;https://cosmos.bluesoft.com.br/products/barcode/6CFA3D5B09B34F281E8294EEE1AAE7DC.png;CACHAÇA ALEGRIA DA ROÇA;/assets/brand-placeholder-7080174fbd24025783105a607811edad.png;;;22084000;Rum e outras aguardentes provenientes da destilação, após fermentação, de produtos da cana-de-açúcar;"Bebidas, líquidos alcoólicos e vinagres - Álcool etílico não desnaturado, com um teor alcoólico, em volume, inferior a 80 % vol; aguardentes, licores e outras bebidas espirituosas. - Rum e outras aguardentes provenientes da destilação, após fermentação, de produtos da cana-de-açúcar";;;;;1816;0201200;Rum;1656
ncm:22084000|p0001|2026-09-16T00:44:21Z|03;ncm:22084000;22084000;1;3;2026-09-16T00:44:21Z;PILAR;AGUARD ATTITUDE 1L;8579370000122;;0.0;0.0;0.0;;;2014-04-24T11:07:34.000-03:00;2026-08-05T04:43:57.000-03:00;;;;0.0;0.0;1;COSMOS;https://cosmos.bluesoft.com.br/products/barcode/11F867E637E8E4EA7562CEB0BD8F322A.png;;;;;22084000;Rum e outras aguardentes provenientes da destilação, após fermentação, de produtos da cana-de-açúcar;"Bebidas, líquidos alcoólicos e vinagres - Álcool etílico não desnaturado, com um teor alcoólico, em volume, inferior a 80 % vol; aguardentes, licores e outras bebidas espirituosas. - Rum e outras aguardentes provenientes da destilação, após fermentação, de produtos da cana-de-açúcar";;;;;1816;0201200;Rum;1656
ncm:22084000|p0001|2026-09-16T00:44:21Z|04;ncm:22084000;22084000;1;4;2026-09-16T00:44:21Z;PILAR;AGUARD CANINHA DA ROCA GOLD;7897110001699;https://cdn-cosmos.bluesoft.com.br/products/7897110001699;;;;;;2014-04-24T11:07:34.000-03:00;2026-07-31T20:19:04.000-03:00;;;;0.0;0.0;1;COSMOS;https://cosmos.bluesoft.com.br/products/barcode/5E051C4FCC9F8BAA8330AF017E935C26.png;;;;;22084000;Rum e outras aguardentes provenientes da destilação, após fermentação, de produtos da cana-de-açúcar;"Bebidas, líquidos alcoólicos e vinagres - Álcool etílico não desnaturado, com um teor alcoólico, em volume, inferior a 80 % vol; aguardentes, licores e outras bebidas espirituosas. - Rum e outras aguardentes provenientes da destilação, após fermentação, de produtos da cana-de-açúcar";;;;;1816;0201200;Rum;1656
ncm:22084000|p0001|2026-09-16T00:44:21Z|05;ncm:22084000;22084000;1;5;2026-09-16T00:44:21Z;PILAR;CACHAÇA ESPÍRITO DE MINAS 750ML;7898011450142;https://cdn-cosmos.bluesoft.com.br/products/7898011450142;;;;;;2014-04-24T11:07:34.000-03:00;2026-08-01T00:48:22.000-03:00;;;;0.0;0.0;1;COSMOS;https://cosmos.bluesoft.com.br/products/barcode/E75125223216477260AAC56437D8BEF2.png;ESPIRITO DE MINAS;/assets/brand-placeholder-7080174fbd24025783105a607811edad.png;;;22084000;Rum e outras aguardentes provenientes da destilação, após fermentação, de produtos da cana-de-açúcar;"Bebidas, líquidos alcoólicos e vinagres - Álcool etílico não desnaturado, com um teor alcoólico, em volume, inferior a 80 % vol; aguardentes, licores e outras bebidas espirituosas. - Rum e outras aguardentes provenientes da destilação, após fermentação, de produtos da cana-de-açúcar";;;;;1816;0201200;Rum;1656
ncm:22084000|p0001|2026-09-16T00:44:21Z|06;ncm:22084000;22084000;1;6;2026-09-16T00:44:21Z;PILAR;AGUARD KIRSCH CEREJA;3265120010149;;;;;;;2014-04-24T11:07:34.000-03:00;2026-07-23T21:05:51.000-03:00;;;;0.0;0.0;1;COSMOS;https://cosmos.bluesoft.com.br/products/barcode/63412CDBCADB7BDA5281822ABD7EE82C.png;;;;;22084000;Rum e outras aguardentes provenientes da destilação, após fermentação, de produtos da cana-de-açúcar;"Bebidas, líquidos alcoólicos e vinagres - Álcool etílico não desnaturado, com um teor alcoólico, em volume, inferior a 80 % vol; aguardentes, licores e outras bebidas espirituosas. - Rum e outras aguardentes provenientes da destilação, após fermentação, de produtos da cana-de-açúcar";;;;;1816;0201200;Rum;1656
ncm:22084000|p0001|2026-09-16T00:44:21Z|07;ncm:22084000;22084000;1;7;2026-09-16T00:44:21Z;PILAR;AGUARD LEAO OURO;7896028637426;https://cdn-cosmos.bluesoft.com.br/products/7896028637426;;;;;;2014-04-24T11:07:34.000-03:00;2026-07-30T03:42:35.000-03:00;;;;0.0;0.0;2;COSMOS;https://cosmos.bluesoft.com.br/products/barcode/E4B4993C678A84F2DCF23D36950CDBFF.png;;;;;22084000;Rum e outras aguardentes provenientes da destilação, após fermentação, de produtos da cana-de-açúcar;"Bebidas, líquidos alcoólicos e vinagres - Álcool etílico não desnaturado, com um teor alcoólico, em volume, inferior a 80 % vol; aguardentes, licores e outras bebidas espirituosas. - Rum e outras aguardentes provenientes da destilação, após fermentação, de produtos da cana-de-açúcar";;;;;1816;0201200;Rum;1656
ncm:22084000|p0001|2026-09-16T00:44:21Z|08;ncm:22084000;22084000;1;8;2026-09-16T00:44:21Z;PILAR;AGUARD SAFRA OURO;7897110000203;;;;;;;2014-04-24T11:07:34.000-03:00;2026-07-31T20:18:57.000-03:00;;;;0.0;0.0;1;COSMOS;https://cosmos.bluesoft.com.br/products/barcode/5E051C4FCC9F8BAA35304FEC43B95991.png;;;;;22084000;Rum e outras aguardentes provenientes da destilação, após fermentação, de produtos da cana-de-açúcar;"Bebidas, líquidos alcoólicos e vinagres - Álcool etílico não desnaturado, com um teor alcoólico, em volume, inferior a 80 % vol; aguardentes, licores e outras bebidas espirituosas. - Rum e outras aguardentes provenientes da destilação, após fermentação, de produtos da cana-de-açúcar";;;;;1816;0201200;Rum;1656
ncm:22084000|p0001|2026-09-16T00:44:21Z|09;ncm:22084000;22084000;1;9;2026-09-16T00:44:21Z;PILAR;AGUARD SAFRA OURO CARVALHO;7897110000234;;0.0;0.0;0.0;0;0;2014-04-24T11:07:34.000-03:00;2026-07-31T20:18:58.000-03:00;;;;0.0;0.0;1;COSMOS;https://cosmos.bluesoft.com.br/products/barcode/5E051C4FCC9F8BAA3AA982CB6E84F170.png;;;;;22084000;Rum e outras aguardentes provenientes da destilação, após fermentação, de produtos da cana-de-açúcar;"Bebidas, líquidos alcoólicos e vinagres - Álcool etílico não desnaturado, com um teor alcoólico, em volume, inferior a 80 % vol; aguardentes, licores e outras bebidas espirituosas. - Rum e outras aguardentes provenientes da destilação, após fermentação, de produtos da cana-de-açúcar";;;;;1816;0201200;Rum;1656
ncm:22084000|p0001|2026-09-16T00:44:21Z|10;ncm:22084000;22084000;1;10;2026-09-16T00:44:21Z;PILAR;CACHAÇA ENVELHECIDA TERRA BRAZILIS GARRAFA 1L;7896002110679;https://cdn-cosmos.bluesoft.com.br/products/7896002110679;;;;;;2014-04-24T11:07:34.000-03:00;2026-07-30T01:33:52.000-03:00;;;;0.0;0.0;1;COSMOS;https://cosmos.bluesoft.com.br/products/barcode/CC7B0173E309B632A4206D4E30E5F574.png;TERRA BRAZILIS;/assets/brand-placeholder-7080174fbd24025783105a607811edad.png;;;22084000;Rum e outras aguardentes provenientes da destilação, após fermentação, de produtos da cana-de-açúcar;"Bebidas, líquidos alcoólicos e vinagres - Álcool etílico não desnaturado, com um teor alcoólico, em volume, inferior a 80 % vol; aguardentes, licores e outras bebidas espirituosas. - Rum e outras aguardentes provenientes da destilação, após fermentação, de produtos da cana-de-açúcar";;151;Cachaça;69;1816;0201200;Rum;1656
ncm:22084000|p0001|2026-09-16T00:44:21Z|11;ncm:22084000;22084000;1;11;2026-09-16T00:44:21Z;PILAR;AGUARD VELHO BARREIRO GLASS PRATA - 910ML;27896050200821;https://cdn-cosmos.bluesoft.com.br/products/27896050200821/2018-04-02-10-35-28-0300;;;;910;910;2014-04-24T11:07:34.000-03:00;2024-08-12T18:32:36.000-03:00;;;;0.0;0.0;2;COSMOS;https://cosmos.bluesoft.com.br/products/barcode/FC5B80DFCAE3CF64259B864D7BE427A5.png;IRB;/assets/brand-placeholder-7080174fbd24025783105a607811edad.png;50202200;Bebidas alcoólicas;22084000;Rum e outras aguardentes provenientes da destilação, após fermentação, de produtos da cana-de-açúcar;"Bebidas, líquidos alcoólicos e vinagres - Álcool etílico não desnaturado, com um teor alcoólico, em volume, inferior a 80 % vol; aguardentes, licores e outras bebidas espirituosas. - Rum e outras aguardentes provenientes da destilação, após fermentação, de produtos da cana-de-açúcar";;;;;1816;0201200;Rum;1656
ncm:22084000|p0001|2026-09-16T00:44:21Z|12;ncm:22084000;22084000;1;12;2026-09-16T00:44:21Z;PILAR;CACHACA 1113;7898915283921;;;;;;;2014-04-24T11:07:34.000-03:00;2026-08-03T08:43:44.000-03:00;;;;0.0;0.0;1;COSMOS;https://cosmos.bluesoft.com.br/products/barcode/7125F70FA1094C0C20083ADD7EEDF65C.png;;;;;22084000;Rum e outras aguardentes provenientes da destilação, após fermentação, de produtos da cana-de-açúcar;"Bebidas, líquidos alcoólicos e vinagres - Álcool etílico não desnaturado, com um teor alcoólico, em volume, inferior a 80 % vol; aguardentes, licores e outras bebidas espirituosas. - Rum e outras aguardentes provenientes da destilação, após fermentação, de produtos da cana-de-açúcar";;;;;1816;0201200;Rum;1656
ncm:22084000|p0001|2026-09-16T00:44:21Z|13;ncm:22084000;22084000;1;13;2026-09-16T00:44:21Z;PILAR;CACHACA BOAZINHA;7898010860805;https://cdn-cosmos.bluesoft.com.br/products/7898010860805;;;;;;2014-04-24T11:07:34.000-03:00;2026-08-01T00:47:48.000-03:00;;;;0.0;0.0;2;COSMOS;https://cosmos.bluesoft.com.br/products/barcode/2306CD7BD39143D75A7DF553BF79FD5E.png;BOAZINHA COM ROSCA;/assets/brand-placeholder-7080174fbd24025783105a607811edad.png;;;22084000;Rum e outras aguardentes provenientes da destilação, após fermentação, de produtos da cana-de-açúcar;"Bebidas, líquidos alcoólicos e vinagres - Álcool etílico não desnaturado, com um teor alcoólico, em volume, inferior a 80 % vol; aguardentes, licores e outras bebidas espirituosas. - Rum e outras aguardentes provenientes da destilação, após fermentação, de produtos da cana-de-açúcar";;151;Cachaça;69;1816;0201200;Rum;1656
ncm:22084000|p0001|2026-09-16T00:44:21Z|14;ncm:22084000;22084000;1;14;2026-09-16T00:44:21Z;PILAR;CACHACA LEBLON;7898924668016;https://cdn-cosmos.bluesoft.com.br/products/7898924668016;;;;;;2014-04-24T11:07:34.000-03:00;2026-08-03T09:41:00.000-03:00;;;;0.0;0.0;1;COSMOS;https://cosmos.bluesoft.com.br/products/barcode/554A13F7E28AA95CF04C03AC3C37730E.png;CACHAÇA LEBLON;/assets/brand-placeholder-7080174fbd24025783105a607811edad.png;;;22084000;Rum e outras aguardentes provenientes da destilação, após fermentação, de produtos da cana-de-açúcar;"Bebidas, líquidos alcoólicos e vinagres - Álcool etílico não desnaturado, com um teor alcoólico, em volume, inferior a 80 % vol; aguardentes, licores e outras bebidas espirituosas. - Rum e outras aguardentes provenientes da destilação, após fermentação, de produtos da cana-de-açúcar";;;;;1816;0201200;Rum;1656
ncm:22084000|p0001|2026-09-16T00:44:21Z|15;ncm:22084000;22084000;1;15;2026-09-16T00:44:21Z;PILAR;CACHAÇA CARVALHO NÊGA FULÔ GARRAFA 750ML;7896113900022;https://cdn-cosmos.bluesoft.com.br/products/7896113900022;;;;;;2014-04-24T11:07:34.000-03:00;2026-07-30T07:21:16.000-03:00;;;;0.0;0.0;1;COSMOS;https://cosmos.bluesoft.com.br/products/barcode/49D61423E7E4467E8CC441336B1420DF.png;NEGA FULO;/assets/brand-placeholder-7080174fbd24025783105a607811edad.png;;;22084000;Rum e outras aguardentes provenientes da destilação, após fermentação, de produtos da cana-de-açúcar;"Bebidas, líquidos alcoólicos e vinagres - Álcool etílico não desnaturado, com um teor alcoólico, em volume, inferior a 80 % vol; aguardentes, licores e outras bebidas espirituosas. - Rum e outras aguardentes provenientes da destilação, após fermentação, de produtos da cana-de-açúcar";;151;Cachaça;69;1816;0201200;Rum;1656
ncm:22084000|p0001|2026-09-16T00:44:21Z|16;ncm:22084000;22084000;1;16;2026-09-16T00:44:21Z;PILAR;CACHAÇA IPÊ NÊGA FULÔ GARRAFA 750ML;7896113900268;https://cdn-cosmos.bluesoft.com.br/products/7896113900268;;;;;;2014-04-24T11:07:34.000-03:00;2026-07-30T07:21:17.000-03:00;;;;0.0;0.0;1;COSMOS;https://cosmos.bluesoft.com.br/products/barcode/49D61423E7E4467E46B606CE6004EA18.png;NEGA FULO;/assets/brand-placeholder-7080174fbd24025783105a607811edad.png;;;22084000;Rum e outras aguardentes provenientes da destilação, após fermentação, de produtos da cana-de-açúcar;"Bebidas, líquidos alcoólicos e vinagres - Álcool etílico não desnaturado, com um teor alcoólico, em volume, inferior a 80 % vol; aguardentes, licores e outras bebidas espirituosas. - Rum e outras aguardentes provenientes da destilação, após fermentação, de produtos da cana-de-açúcar";;151;Cachaça;69;1816;0201200;Rum;1656
ncm:22084000|p0001|2026-09-16T00:44:21Z|17;ncm:22084000;22084000;1;17;2026-09-16T00:44:21Z;PILAR;CACHAÇA CLÁSSICA SANTO GRAU PARATY GARRAFA 750ML;7898255980047;https://cdn-cosmos.bluesoft.com.br/products/7898255980047;;;;;;2014-04-24T11:07:34.000-03:00;2026-08-02T05:55:34.000-03:00;;;;0.0;0.0;2;COSMOS;https://cosmos.bluesoft.com.br/products/barcode/7AB8F3EC09AF0C941BE4EB4D5F054647.png;SANTO GRAU;/assets/brand-placeholder-7080174fbd24025783105a607811edad.png;;;22084000;Rum e outras aguardentes provenientes da destilação, após fermentação, de produtos da cana-de-açúcar;"Bebidas, líquidos alcoólicos e vinagres - Álcool etílico não desnaturado, com um teor alcoólico, em volume, inferior a 80 % vol; aguardentes, licores e outras bebidas espirituosas. - Rum e outras aguardentes provenientes da destilação, após fermentação, de produtos da cana-de-açúcar";;151;Cachaça;69;1816;0201200;Rum;1656
ncm:22084000|p0001|2026-09-16T00:44:21Z|18;ncm:22084000;22084000;1;18;2026-09-16T00:44:21Z;PILAR;RUM CUBANO ENVELHECIDO HAVANA CLUB GARRAFA 750ML;8501110080446;https://cdn-cosmos.bluesoft.com.br/products/8501110080446;;;;;;2014-04-24T11:07:34.000-03:00;2026-08-05T04:43:42.000-03:00;;;;0.0;0.0;2;COSMOS;https://cosmos.bluesoft.com.br/products/barcode/2277B6D1388E8C82C355F5DB64ED9CC0.png;HAVANA CLUB;https://cdn-cosmos.bluesoft.com.br/brands/brand_havana-club;;;22084000;Rum e outras aguardentes provenientes da destilação, após fermentação, de produtos da cana-de-açúcar;"Bebidas, líquidos alcoólicos e vinagres - Álcool etílico não desnaturado, com um teor alcoólico, em volume, inferior a 80 % vol; aguardentes, licores e outras bebidas espirituosas. - Rum e outras aguardentes provenientes da destilação, após fermentação, de produtos da cana-de-açúcar";;146;Rum;69;1816;0201200;Rum;1656
ncm:22084000|p0001|2026-09-16T00:44:21Z|19;ncm:22084000;22084000;1;19;2026-09-16T00:44:21Z;PILAR;RUM ZACAPA CENTENARIO;7401005004513;;;;;;;2014-04-24T11:07:34.000-03:00;2026-07-25T02:40:15.000-03:00;;;;0.0;0.0;1;COSMOS;https://cosmos.bluesoft.com.br/products/barcode/CC75CED8F6C18B46185CABD6233B9A91.png;;;;;22084000;Rum e outras aguardentes provenientes da destilação, após fermentação, de produtos da cana-de-açúcar;"Bebidas, líquidos alcoólicos e vinagres - Álcool etílico não desnaturado, com um teor alcoólico, em volume, inferior a 80 % vol; aguardentes, licores e outras bebidas espirituosas. - Rum e outras aguardentes provenientes da destilação, após fermentação, de produtos da cana-de-açúcar";;;;;1816;0201200;Rum;1656
ncm:22084000|p0001|2026-09-16T00:44:21Z|20;ncm:22084000;22084000;1;20;2026-09-16T00:44:21Z;PILAR;BEBIDA MISTA MARIA JOANA;7896273100225;https://cdn-cosmos.bluesoft.com.br/products/7896273100225;;;;;;2014-04-24T11:07:34.000-03:00;2026-08-19T12:01:10.000-03:00;;;;0.0;0.0;1;COSMOS;https://cosmos.bluesoft.com.br/products/barcode/09E401D5FD9F055D327903D1A3BB382F.png;;;;;22084000;Rum e outras aguardentes provenientes da destilação, após fermentação, de produtos da cana-de-açúcar;"Bebidas, líquidos alcoólicos e vinagres - Álcool etílico não desnaturado, com um teor alcoólico, em volume, inferior a 80 % vol; aguardentes, licores e outras bebidas espirituosas. - Rum e outras aguardentes provenientes da destilação, após fermentação, de produtos da cana-de-açúcar";;;;;;;;
ncm:22084000|p0001|2026-09-16T00:44:21Z|21;ncm:22084000;22084000;1;21;2026-09-16T00:44:21Z;PILAR;CACHACA CARANGUEJO;7896087200036;https://cdn-cosmos.bluesoft.com.br/products/7896087200036;;;;;;2014-04-24T11:07:34.000-03:00;2026-08-18T21:58:55.000-03:00;;;;0.0;0.0;2;COSMOS;https://cosmos.bluesoft.com.br/products/barcode/FDE4088CEBD85AB6F53CF0BFF04340A9.png;;;;;22084000;Rum e outras aguardentes provenientes da destilação, após fermentação, de produtos da cana-de-açúcar;"Bebidas, líquidos alcoólicos e vinagres - Álcool etílico não desnaturado, com um teor alcoólico, em volume, inferior a 80 % vol; aguardentes, licores e outras bebidas espirituosas. - Rum e outras aguardentes provenientes da destilação, após fermentação, de produtos da cana-de-açúcar";;151;Cachaça;69;;;;
ncm:22084000|p0001|2026-09-16T00:44:21Z|22;ncm:22084000;22084000;1;22;2026-09-16T00:44:21Z;PILAR;CANINHA JAMEL 12/;7898172660121;;;;;;;2014-04-24T11:07:34.000-03:00;2026-08-02T03:58:23.000-03:00;;;;0.0;0.0;1;COSMOS;https://cosmos.bluesoft.com.br/products/barcode/8E9B36C09B7707F5DAF1866914F1819A.png;JAMEL;/assets/brand-placeholder-7080174fbd24025783105a607811edad.png;;;22084000;Rum e outras aguardentes provenientes da destilação, após fermentação, de produtos da cana-de-açúcar;"Bebidas, líquidos alcoólicos e vinagres - Álcool etílico não desnaturado, com um teor alcoólico, em volume, inferior a 80 % vol; aguardentes, licores e outras bebidas espirituosas. - Rum e outras aguardentes provenientes da destilação, após fermentação, de produtos da cana-de-açúcar";;;;;1816;0201200;Rum;1656
ncm:22084000|p0001|2026-09-16T00:44:21Z|23;ncm:22084000;22084000;1;23;2026-09-16T00:44:21Z;PILAR;AGUARDENTE DONZELA 1L;7898094890033;;;;;;;2014-04-24T11:07:34.000-03:00;2026-08-02T02:05:34.000-03:00;;;;0.0;0.0;1;COSMOS;https://cosmos.bluesoft.com.br/products/barcode/A178B9A6D214F184685CAB2A943D5AFC.png;;;;;22084000;Rum e outras aguardentes provenientes da destilação, após fermentação, de produtos da cana-de-açúcar;"Bebidas, líquidos alcoólicos e vinagres - Álcool etílico não desnaturado, com um teor alcoólico, em volume, inferior a 80 % vol; aguardentes, licores e outras bebidas espirituosas. - Rum e outras aguardentes provenientes da destilação, após fermentação, de produtos da cana-de-açúcar";;;;;1816;0201200;Rum;1656
ncm:22084000|p0001|2026-09-16T00:44:21Z|24;ncm:22084000;22084000;1;24;2026-09-16T00:44:21Z;PILAR;AGUARDENTE MARINBONDO 1L;7898094890019;;0.0;0.0;0.0;;;2014-04-24T11:07:34.000-03:00;2026-08-12T10:04:08.000-03:00;;;;0.0;0.0;1;COSMOS;https://cosmos.bluesoft.com.br/products/barcode/A178B9A6D214F18438B7CF3943215DD5.png;;;;;22084000;Rum e outras aguardentes provenientes da destilação, após fermentação, de produtos da cana-de-açúcar;"Bebidas, líquidos alcoólicos e vinagres - Álcool etílico não desnaturado, com um teor alcoólico, em volume, inferior a 80 % vol; aguardentes, licores e outras bebidas espirituosas. - Rum e outras aguardentes provenientes da destilação, após fermentação, de produtos da cana-de-açúcar";;151;Cachaça;69;1816;0201200;Rum;1656
ncm:22084000|p0001|2026-09-16T00:44:21Z|25;ncm:22084000;22084000;1;25;2026-09-16T00:44:21Z;PILAR;AG CANINHA 21 6X | CANINHA 21 PIRASSUNUNGA;7896273100027;https://cdn-cosmos.bluesoft.com.br/products/7896273100027;;;;;;2014-04-24T11:07:34.000-03:00;2026-09-03T21:04:53.000-03:00;;;;0.0;0.0;2;COSMOS;https://cosmos.bluesoft.com.br/products/barcode/09E401D5FD9F055DB99EF5DF87523D33.png;PIRASSUNUNGA;/assets/brand-placeholder-7080174fbd24025783105a607811edad.png;;;22084000;Rum e outras aguardentes provenientes da destilação, após fermentação, de produtos da cana-de-açúcar;"Bebidas, líquidos alcoólicos e vinagres - Álcool etílico não desnaturado, com um teor alcoólico, em volume, inferior a 80 % vol; aguardentes, licores e outras bebidas espirituosas. - Rum e outras aguardentes provenientes da destilação, após fermentação, de produtos da cana-de-açúcar";;225;Cachaça Premium;151;1816;0201200;Rum;1656
ncm:22084000|p0001|2026-09-16T00:44:21Z|26;ncm:22084000;22084000;1;26;2026-09-16T00:44:21Z;PILAR;CACHAÇA 29 GARRAFA 600ML;78912854;https://cdn-cosmos.bluesoft.com.br/products/78912854;;;;;;2014-04-24T11:07:34.000-03:00;2026-09-11T19:19:18.000-03:00;;;;0.0;0.0;1;COSMOS;https://cosmos.bluesoft.com.br/products/barcode/C1AD871B285752D589B459AF05532D7D.png;;;;;22084000;Rum e outras aguardentes provenientes da destilação, após fermentação, de produtos da cana-de-açúcar;"Bebidas, líquidos alcoólicos e vinagres - Álcool etílico não desnaturado, com um teor alcoólico, em volume, inferior a 80 % vol; aguardentes, licores e outras bebidas espirituosas. - Rum e outras aguardentes provenientes da destilação, após fermentação, de produtos da cana-de-açúcar";;;;;1816;0201200;Rum;1656
ncm:22084000|p0001|2026-09-16T00:44:21Z|27;ncm:22084000;22084000;1;27;2026-09-16T00:44:21Z;PILAR;AGUARDENTE PITU GOLD LT;7896607100266;https://cdn-cosmos.bluesoft.com.br/products/7896607100266;;;;;;2014-04-24T11:07:34.000-03:00;2026-09-10T13:55:01.000-03:00;;;;0.0;0.0;3;COSMOS;https://cosmos.bluesoft.com.br/products/barcode/3AD806C7A2542B57B95C980A1C0F2235.png;PITÚ;/assets/brand-placeholder-7080174fbd24025783105a607811edad.png;;;22084000;Rum e outras aguardentes provenientes da destilação, após fermentação, de produtos da cana-de-açúcar;"Bebidas, líquidos alcoólicos e vinagres - Álcool etílico não desnaturado, com um teor alcoólico, em volume, inferior a 80 % vol; aguardentes, licores e outras bebidas espirituosas. - Rum e outras aguardentes provenientes da destilação, após fermentação, de produtos da cana-de-açúcar";;151;Cachaça;69;1816;0201200;Rum;1656
ncm:22084000|p0001|2026-09-16T00:44:21Z|28;ncm:22084000;22084000;1;28;2026-09-16T00:44:21Z;PILAR;AGUARDENTE SPIRIT C/CAFE;7898926704019;;0.0;0.0;0.0;1;1;2014-04-24T11:07:34.000-03:00;2026-08-03T09:53:33.000-03:00;;;;0.0;0.0;1;COSMOS;https://cosmos.bluesoft.com.br/products/barcode/37AD0C19EFC5C13991C3E941EF42EE6B.png;;;;;22084000;Rum e outras aguardentes provenientes da destilação, após fermentação, de produtos da cana-de-açúcar;"Bebidas, líquidos alcoólicos e vinagres - Álcool etílico não desnaturado, com um teor alcoólico, em volume, inferior a 80 % vol; aguardentes, licores e outras bebidas espirituosas. - Rum e outras aguardentes provenientes da destilação, após fermentação, de produtos da cana-de-açúcar";;;;;1816;0201200;Rum;1656
ncm:22084000|p0001|2026-09-16T00:44:21Z|29;ncm:22084000;22084000;1;29;2026-09-16T00:44:21Z;PILAR;AGUARDENTE VELHO BARREIRO OURO;7896050200575;;;;;;;2014-04-24T11:07:34.000-03:00;2026-07-30T05:01:01.000-03:00;;;;0.0;0.0;1;COSMOS;https://cosmos.bluesoft.com.br/products/barcode/AA0DF3E6EA8DC191F983AC8A2628AEFB.png;;;;;22084000;Rum e outras aguardentes provenientes da destilação, após fermentação, de produtos da cana-de-açúcar;"Bebidas, líquidos alcoólicos e vinagres - Álcool etílico não desnaturado, com um teor alcoólico, em volume, inferior a 80 % vol; aguardentes, licores e outras bebidas espirituosas. - Rum e outras aguardentes provenientes da destilação, após fermentação, de produtos da cana-de-açúcar";;;;;1816;0201200;Rum;1656
ncm:22084000|p0001|2026-09-16T00:44:21Z|30;ncm:22084000;22084000;1;30;2026-09-16T00:44:21Z;PILAR;AGUARDENTE VELHO CARREIRO;7898312690025;;;;;;;2014-04-24T11:07:34.000-03:00;2026-08-02T07:17:33.000-03:00;;;;0.0;0.0;1;COSMOS;https://cosmos.bluesoft.com.br/products/barcode/2D9452AEA49596B2406700CFC4A520B5.png;VELHO CARREIRO;/assets/brand-placeholder-7080174fbd24025783105a607811edad.png;;;22084000;Rum e outras aguardentes provenientes da destilação, após fermentação, de produtos da cana-de-açúcar;"Bebidas, líquidos alcoólicos e vinagres - Álcool etílico não desnaturado, com um teor alcoólico, em volume, inferior a 80 % vol; aguardentes, licores e outras bebidas espirituosas. - Rum e outras aguardentes provenientes da destilação, após fermentação, de produtos da cana-de-açúcar";;;;;1816;0201200;Rum;1656
ncm:22085000|p0001|2026-09-16T00:44:22Z|01;ncm:22085000;22085000;1;1;2026-09-16T00:44:22Z;PILAR;GIN LONDON DRY BEEFEATER GARRAFA 750ML;5000329002537;https://cdn-cosmos.bluesoft.com.br/products/5000329002537;;;;;;2014-04-24T11:07:34.000-03:00;2026-09-13T00:17:47.000-03:00;;;;0.0;0.0;2;COSMOS;https://cosmos.bluesoft.com.br/products/barcode/49B12E6E48467A455F5A2BC9DD1F5EED.png;BEEFEATER;/assets/brand-placeholder-7080174fbd24025783105a607811edad.png;;;22085000;Gim e genebra;"Bebidas, líquidos alcoólicos e vinagres - Álcool etílico não desnaturado, com um teor alcoólico, em volume, inferior a 80 % vol; aguardentes, licores e outras bebidas espirituosas. - Gim e genebra";;145;Gin;69;1812;0200800;Gim (gin) e genebra;1656
ncm:22085000|p0001|2026-09-16T00:44:22Z|02;ncm:22085000;22085000;1;2;2026-09-16T00:44:22Z;PILAR;GIN LONDON DRY BULLDOG GARRAFA 750ML;897076002003;https://cdn-cosmos.bluesoft.com.br/products/897076002003;;;;;;2014-04-24T11:07:34.000-03:00;2026-09-04T15:47:30.000-03:00;;;;0.0;0.0;2;COSMOS;https://cosmos.bluesoft.com.br/products/barcode/FE87B58EE9FE2060642F7E462EE2E4E0.png;BULLDOG;/assets/brand-placeholder-7080174fbd24025783105a607811edad.png;;;22085000;Gim e genebra;"Bebidas, líquidos alcoólicos e vinagres - Álcool etílico não desnaturado, com um teor alcoólico, em volume, inferior a 80 % vol; aguardentes, licores e outras bebidas espirituosas. - Gim e genebra";;145;Gin;69;1812;0200800;Gim (gin) e genebra;1656
ncm:22085000|p0001|2026-09-16T00:44:22Z|03;ncm:22085000;22085000;1;3;2026-09-16T00:44:22Z;PILAR;GIN LONDON DRY GORDONS GARRAFA 750ML;5000289020701;https://cdn-cosmos.bluesoft.com.br/products/5000289020701;;;;;;2014-04-24T11:07:34.000-03:00;2026-09-03T21:10:02.000-03:00;;;;0.0;0.0;1;COSMOS;https://cosmos.bluesoft.com.br/products/barcode/5F829E3C22E97A09347EB092DDD2BB09.png;GORDON'S;/assets/brand-placeholder-7080174fbd24025783105a607811edad.png;;;22085000;Gim e genebra;"Bebidas, líquidos alcoólicos e vinagres - Álcool etílico não desnaturado, com um teor alcoólico, em volume, inferior a 80 % vol; aguardentes, licores e outras bebidas espirituosas. - Gim e genebra";;145;Gin;69;1812;0200800;Gim (gin) e genebra;1656
ncm:22085000|p0001|2026-09-16T00:44:22Z|04;ncm:22085000;22085000;1;4;2026-09-16T00:44:22Z;PILAR;GIN GV;7896092500589;https://cdn-cosmos.bluesoft.com.br/products/7896092500589;;;;;;2014-04-24T11:07:34.000-03:00;2026-07-30T06:31:43.000-03:00;;;;0.0;0.0;2;COSMOS;https://cosmos.bluesoft.com.br/products/barcode/342845AF9D7A74BFF19B1038235FD57D.png;GV;/assets/brand-placeholder-7080174fbd24025783105a607811edad.png;;;22085000;Gim e genebra;"Bebidas, líquidos alcoólicos e vinagres - Álcool etílico não desnaturado, com um teor alcoólico, em volume, inferior a 80 % vol; aguardentes, licores e outras bebidas espirituosas. - Gim e genebra";;240;Licor;140;1812;0200800;Gim (gin) e genebra;1656
ncm:22085000|p0001|2026-09-16T00:44:22Z|05;ncm:22085000;22085000;1;5;2026-09-16T00:44:22Z;PILAR;GIN LONDON DRY TANQUERAY GARRAFA 750ML;5000291020706;https://cdn-cosmos.bluesoft.com.br/products/5000291020706;;;;;;2014-04-24T11:07:34.000-03:00;2026-09-09T22:24:23.000-03:00;;;;0.0;0.0;1;COSMOS;https://cosmos.bluesoft.com.br/products/barcode/80E83AFEE314908CCF2CD9FF1497450D.png;TANQUERAY;/assets/brand-placeholder-7080174fbd24025783105a607811edad.png;;;22085000;Gim e genebra;"Bebidas, líquidos alcoólicos e vinagres - Álcool etílico não desnaturado, com um teor alcoólico, em volume, inferior a 80 % vol; aguardentes, licores e outras bebidas espirituosas. - Gim e genebra";;145;Gin;69;1812;0200800;Gim (gin) e genebra;1656
ncm:22085000|p0001|2026-09-16T00:44:22Z|06;ncm:22085000;22085000;1;6;2026-09-16T00:44:22Z;PILAR;GENEBRA ZORA DUBAR;7891990000223;https://cdn-cosmos.bluesoft.com.br/products/7891990000223;;;;;;2014-04-24T11:07:34.000-03:00;2026-09-10T17:59:56.000-03:00;;;;0.0;0.0;2;COSMOS;https://cosmos.bluesoft.com.br/products/barcode/AE1F541679FE029D0BA439B57F185847.png;DUBAR;/assets/brand-placeholder-7080174fbd24025783105a607811edad.png;;;22085000;Gim e genebra;"Bebidas, líquidos alcoólicos e vinagres - Álcool etílico não desnaturado, com um teor alcoólico, em volume, inferior a 80 % vol; aguardentes, licores e outras bebidas espirituosas. - Gim e genebra";;151;Cachaça;69;;;;
ncm:22085000|p0001|2026-09-16T00:44:22Z|07;ncm:22085000;22085000;1;7;2026-09-16T00:44:22Z;PILAR;GIN LODON THAMES;8003483300119;https://cdn-cosmos.bluesoft.com.br/products/8003483300119;;;;;;2014-04-24T11:07:34.000-03:00;2026-08-05T03:54:25.000-03:00;;;;0.0;0.0;1;COSMOS;https://cosmos.bluesoft.com.br/products/barcode/B0AD141FFA4B602F45E9E7D9051070D4.png;;;;;22085000;Gim e genebra;"Bebidas, líquidos alcoólicos e vinagres - Álcool etílico não desnaturado, com um teor alcoólico, em volume, inferior a 80 % vol; aguardentes, licores e outras bebidas espirituosas. - Gim e genebra";;69;Destilados;140;;;;
ncm:22085000|p0001|2026-09-16T00:44:22Z|08;ncm:22085000;22085000;1;8;2026-09-16T00:44:22Z;PILAR;STEINHAEGER DOBLE W MORINGA 06/;7896029700198;;;;;;;2014-04-24T11:07:34.000-03:00;2026-07-30T03:47:37.000-03:00;;;;0.0;0.0;1;COSMOS;https://cosmos.bluesoft.com.br/products/barcode/C00C36C27079AF1F18AC3951BE6EF78B.png;;;;;22085000;Gim e genebra;"Bebidas, líquidos alcoólicos e vinagres - Álcool etílico não desnaturado, com um teor alcoólico, em volume, inferior a 80 % vol; aguardentes, licores e outras bebidas espirituosas. - Gim e genebra";;;;;1812;0200800;Gim (gin) e genebra;1656
ncm:22085000|p0001|2026-09-16T00:44:22Z|09;ncm:22085000;22085000;1;9;2026-09-16T00:44:22Z;PILAR;GIN DRY SEAGERS GARRAFA 980ML;7891121154009;https://cdn-cosmos.bluesoft.com.br/products/7891121154009;;;;;;2014-04-24T11:07:34.000-03:00;2026-09-08T15:09:29.000-03:00;;;;0.0;0.0;2;COSMOS;https://cosmos.bluesoft.com.br/products/barcode/42BE9E6741881C2B08F5CF627FA6B424.png;SEAGERS;/assets/brand-placeholder-7080174fbd24025783105a607811edad.png;;;22085000;Gim e genebra;"Bebidas, líquidos alcoólicos e vinagres - Álcool etílico não desnaturado, com um teor alcoólico, em volume, inferior a 80 % vol; aguardentes, licores e outras bebidas espirituosas. - Gim e genebra";;145;Gin;69;1812;0200800;Gim (gin) e genebra;1656
ncm:22085000|p0001|2026-09-16T00:44:22Z|10;ncm:22085000;22085000;1;10;2026-09-16T00:44:22Z;PILAR;GIN WILLIAM PEEL;3107872700506;;0.0;0.0;0.0;;;2014-04-24T11:07:34.000-03:00;2026-07-23T20:57:39.000-03:00;;;;0.0;0.0;2;COSMOS;https://cosmos.bluesoft.com.br/products/barcode/D015184273905F73A84931FC31A7D647.png;;;;;22085000;Gim e genebra;"Bebidas, líquidos alcoólicos e vinagres - Álcool etílico não desnaturado, com um teor alcoólico, em volume, inferior a 80 % vol; aguardentes, licores e outras bebidas espirituosas. - Gim e genebra";;;;;1812;0200800;Gim (gin) e genebra;1656
ncm:22085000|p0001|2026-09-16T00:44:22Z|11;ncm:22085000;22085000;1;11;2026-09-16T00:44:22Z;PILAR;STEINHAEGER DOBLE W LUXO GARRAFA 1L;7896029700037;https://cdn-cosmos.bluesoft.com.br/products/7896029700037;;;;;;2014-04-24T11:07:34.000-03:00;2026-07-30T03:47:34.000-03:00;;;;0.0;0.0;1;COSMOS;https://cosmos.bluesoft.com.br/products/barcode/C00C36C27079AF1FB619ADB61B367275.png;DOBLE W;/assets/brand-placeholder-7080174fbd24025783105a607811edad.png;;;22085000;Gim e genebra;"Bebidas, líquidos alcoólicos e vinagres - Álcool etílico não desnaturado, com um teor alcoólico, em volume, inferior a 80 % vol; aguardentes, licores e outras bebidas espirituosas. - Gim e genebra";;144;Vodka;69;1812;0200800;Gim (gin) e genebra;1656
ncm:22085000|p0001|2026-09-16T00:44:22Z|12;ncm:22085000;22085000;1;12;2026-09-16T00:44:22Z;PILAR;GIN DRY ROCKS GARRAFA 1L;7896037916123;https://cdn-cosmos.bluesoft.com.br/products/7896037916123;;;;;;2014-04-24T11:07:34.000-03:00;2026-09-13T14:16:49.000-03:00;;;;0.0;0.0;2;COSMOS;https://cosmos.bluesoft.com.br/products/barcode/D4B1049FDC94A15007A2A03B0EBADC52.png;ROCK'S;/assets/brand-placeholder-7080174fbd24025783105a607811edad.png;;;22085000;Gim e genebra;"Bebidas, líquidos alcoólicos e vinagres - Álcool etílico não desnaturado, com um teor alcoólico, em volume, inferior a 80 % vol; aguardentes, licores e outras bebidas espirituosas. - Gim e genebra";;145;Gin;69;;;;
ncm:22085000|p0001|2026-09-16T00:44:22Z|13;ncm:22085000;22085000;1;13;2026-09-16T00:44:22Z;PILAR;KIT 1 STEINHAEGER 900ML + 1 CANECA DE CHOPP + 2 CANECAS DE DOSE PARA U-BOOT DOBLE W;7896029700358;https://cdn-cosmos.bluesoft.com.br/products/7896029700358;;;;;;2014-04-24T11:07:34.000-03:00;2026-07-30T03:47:38.000-03:00;;;;0.0;0.0;1;COSMOS;https://cosmos.bluesoft.com.br/products/barcode/C00C36C27079AF1F857EFDCC7D997502.png;DOBLE W;/assets/brand-placeholder-7080174fbd24025783105a607811edad.png;50200000;Bebidas;22085000;Gim e genebra;"Bebidas, líquidos alcoólicos e vinagres - Álcool etílico não desnaturado, com um teor alcoólico, em volume, inferior a 80 % vol; aguardentes, licores e outras bebidas espirituosas. - Gim e genebra";;65;Bebidas;210;;;;
ncm:22085000|p0001|2026-09-16T00:44:22Z|14;ncm:22085000;22085000;1;14;2026-09-16T00:44:22Z;PILAR;STEINHAEGER DOBLE W GARRAFA 900ML;7896029700013;https://cdn-cosmos.bluesoft.com.br/products/7896029700013;;;;;;2014-04-24T11:07:34.000-03:00;2026-09-08T14:13:35.000-03:00;;;;0.0;0.0;1;COSMOS;https://cosmos.bluesoft.com.br/products/barcode/C00C36C27079AF1FC28E9EC77F36EA12.png;DOBLE W;/assets/brand-placeholder-7080174fbd24025783105a607811edad.png;;;22085000;Gim e genebra;"Bebidas, líquidos alcoólicos e vinagres - Álcool etílico não desnaturado, com um teor alcoólico, em volume, inferior a 80 % vol; aguardentes, licores e outras bebidas espirituosas. - Gim e genebra";;149;Conhaque;69;;;;
ncm:22085000|p0001|2026-09-16T00:44:22Z|15;ncm:22085000;22085000;1;15;2026-09-16T00:44:22Z;PILAR;GIN LONDON DRY BOMBAY SAPPHIRE GARRAFA 1,75L;80480301002;;;;;;;2015-09-16T19:19:12.000-03:00;2026-08-26T01:00:15.000-03:00;;;;0.0;0.0;2;COSMOS;https://cosmos.bluesoft.com.br/products/barcode/E7F6E1D9B1EBBAF9A834054A650A3003.png;BOMBAY SAPPHIR;/assets/brand-placeholder-7080174fbd24025783105a607811edad.png;;;22085000;Gim e genebra;"Bebidas, líquidos alcoólicos e vinagres - Álcool etílico não desnaturado, com um teor alcoólico, em volume, inferior a 80 % vol; aguardentes, licores e outras bebidas espirituosas. - Gim e genebra";;145;Gin;69;;;;
ncm:22085000|p0001|2026-09-16T00:44:22Z|16;ncm:22085000;22085000;1;16;2026-09-16T00:44:22Z;PILAR;GIN LONDON DRY BOMBAY SAPPHIRE GARRAFA 750ML;88110158606;;;;;;;2015-09-16T20:18:53.000-03:00;2026-04-08T00:08:40.000-03:00;;;;0.0;0.0;3;COSMOS;https://cosmos.bluesoft.com.br/products/barcode/32A69C4176A3BC6D87435BDADC76C821.png;BOMBAY;/assets/brand-placeholder-7080174fbd24025783105a607811edad.png;;;22085000;Gim e genebra;"Bebidas, líquidos alcoólicos e vinagres - Álcool etílico não desnaturado, com um teor alcoólico, em volume, inferior a 80 % vol; aguardentes, licores e outras bebidas espirituosas. - Gim e genebra";;145;Gin;69;;;;
ncm:22085000|p0001|2026-09-16T00:44:22Z|17;ncm:22085000;22085000;1;17;2026-09-16T00:44:22Z;PILAR;GIN DRY HENDRICKS GARRAFA 750ML;83664990436;https://cdn-cosmos.bluesoft.com.br/products/83664990436;;;;;;2015-09-17T01:57:27.000-03:00;2026-04-28T11:11:56.000-03:00;;;;0.0;0.0;2;COSMOS;https://cosmos.bluesoft.com.br/products/barcode/E911221BF5532724256848D410726C38.png;HENDRICKS;/assets/brand-placeholder-7080174fbd24025783105a607811edad.png;;;22085000;Gim e genebra;"Bebidas, líquidos alcoólicos e vinagres - Álcool etílico não desnaturado, com um teor alcoólico, em volume, inferior a 80 % vol; aguardentes, licores e outras bebidas espirituosas. - Gim e genebra";;145;Gin;69;;;;
ncm:22085000|p0001|2026-09-16T00:44:22Z|18;ncm:22085000;22085000;1;18;2026-09-16T00:44:22Z;PILAR;GIN ANS EXTRA;3147690060703;https://cdn-cosmos.bluesoft.com.br/products/3147690060703;;;;;;2015-09-17T02:33:46.000-03:00;2026-08-15T19:30:37.000-03:00;;;;0.0;0.0;2;COSMOS;https://cosmos.bluesoft.com.br/products/barcode/852E1360AC3A776E8E8D24980ACB9C23.png;GIBSON'S;/assets/brand-placeholder-7080174fbd24025783105a607811edad.png;50000000;Alimentos / Bebidas / Tabaco;22085000;Gim e genebra;"Bebidas, líquidos alcoólicos e vinagres - Álcool etílico não desnaturado, com um teor alcoólico, em volume, inferior a 80 % vol; aguardentes, licores e outras bebidas espirituosas. - Gim e genebra";;145;Gin;69;;;;
ncm:22085000|p0001|2026-09-16T00:44:22Z|19;ncm:22085000;22085000;1;19;2026-09-16T00:44:22Z;PILAR;GIN GORDON'S 37,5Ø 70CL | GIN ANS EXTRA;5000289020602;https://cdn-cosmos.bluesoft.com.br/products/5000289020602;;;;;;2015-09-17T04:29:39.000-03:00;2026-06-08T12:24:44.000-03:00;;;;0.0;0.0;2;COSMOS;https://cosmos.bluesoft.com.br/products/barcode/5F829E3C22E97A096C5BBB9C8E0011D9.png;;;;;22085000;Gim e genebra;"Bebidas, líquidos alcoólicos e vinagres - Álcool etílico não desnaturado, com um teor alcoólico, em volume, inferior a 80 % vol; aguardentes, licores e outras bebidas espirituosas. - Gim e genebra";;;;;;;;
ncm:22085000|p0001|2026-09-16T00:44:22Z|20;ncm:22085000;22085000;1;20;2026-09-16T00:44:22Z;PILAR;LONDON DRY GIN 1 LT;88110110406;https://cdn-cosmos.bluesoft.com.br/products/88110110406;;;;;;2015-09-17T05:53:30.000-03:00;2026-06-24T14:16:25.000-03:00;;;;0.0;0.0;1;COSMOS;https://cosmos.bluesoft.com.br/products/barcode/32A69C4176A3BC6D1E2FE6508DB58926.png;TANQUERAY;/assets/brand-placeholder-7080174fbd24025783105a607811edad.png;;;22085000;Gim e genebra;"Bebidas, líquidos alcoólicos e vinagres - Álcool etílico não desnaturado, com um teor alcoólico, em volume, inferior a 80 % vol; aguardentes, licores e outras bebidas espirituosas. - Gim e genebra";;;;;;;;
ncm:22085000|p0001|2026-09-16T00:44:22Z|21;ncm:22085000;22085000;1;21;2026-09-16T00:44:22Z;PILAR;GORDON'S LONDON DRY?|1000|GIN | GIN ANS EXTRA;5000289020800;https://cdn-cosmos.bluesoft.com.br/products/5000289020800;;;;;;2015-09-17T06:15:35.000-03:00;2026-07-27T06:22:58.000-03:00;;;;0.0;0.0;1;COSMOS;https://cosmos.bluesoft.com.br/products/barcode/5F829E3C22E97A096B4C6D44A9768DC5.png;GORDON'S;/assets/brand-placeholder-7080174fbd24025783105a607811edad.png;;;22085000;Gim e genebra;"Bebidas, líquidos alcoólicos e vinagres - Álcool etílico não desnaturado, com um teor alcoólico, em volume, inferior a 80 % vol; aguardentes, licores e outras bebidas espirituosas. - Gim e genebra";;69;Destilados;140;;;;
ncm:22085000|p0001|2026-09-16T00:44:22Z|22;ncm:22085000;22085000;1;22;2026-09-16T00:44:22Z;PILAR;BEB GIN GORDONS 750 ML;5000289020725;;;;;;;2016-01-22T20:06:46.000-02:00;2026-07-25T01:28:55.000-03:00;;;;0.0;0.0;0;COSMOS;https://cosmos.bluesoft.com.br/products/barcode/5F829E3C22E97A09C9059C079AF669D6.png;;;;;22085000;Gim e genebra;"Bebidas, líquidos alcoólicos e vinagres - Álcool etílico não desnaturado, com um teor alcoólico, em volume, inferior a 80 % vol; aguardentes, licores e outras bebidas espirituosas. - Gim e genebra";;;;;1812;0200800;Gim (gin) e genebra;1656
ncm:22085000|p0001|2026-09-16T00:44:22Z|23;ncm:22085000;22085000;1;23;2026-09-16T00:44:22Z;PILAR;STEINHAEGER DOBLE W STANDARD 12/;7896029700051;;;;;;;2016-03-03T17:58:41.000-03:00;2026-07-30T03:47:35.000-03:00;;;;0.0;0.0;1;COSMOS;https://cosmos.bluesoft.com.br/products/barcode/C00C36C27079AF1F25AA0E33B9C152B4.png;;;;;22085000;Gim e genebra;"Bebidas, líquidos alcoólicos e vinagres - Álcool etílico não desnaturado, com um teor alcoólico, em volume, inferior a 80 % vol; aguardentes, licores e outras bebidas espirituosas. - Gim e genebra";;;;;1812;0200800;Gim (gin) e genebra;1656
ncm:22085000|p0001|2026-09-16T00:44:22Z|24;ncm:22085000;22085000;1;24;2026-09-16T00:44:22Z;PILAR;GIN BULLDOG;7896010000580;;;;;;;2016-03-24T14:54:28.000-03:00;2026-07-30T02:17:38.000-03:00;;;;0.0;0.0;1;COSMOS;https://cosmos.bluesoft.com.br/products/barcode/0C8FB3C979829BFE34D1C617F4C1B624.png;;;;;22085000;Gim e genebra;"Bebidas, líquidos alcoólicos e vinagres - Álcool etílico não desnaturado, com um teor alcoólico, em volume, inferior a 80 % vol; aguardentes, licores e outras bebidas espirituosas. - Gim e genebra";;;;;1812;0200800;Gim (gin) e genebra;1656
ncm:22085000|p0001|2026-09-16T00:44:22Z|25;ncm:22085000;22085000;1;25;2026-09-16T00:44:22Z;PILAR;GIN DRY DOBLE W GARRAFA 750ML;7896029700044;;;;;;;2016-04-06T00:46:38.000-03:00;2026-07-30T03:47:34.000-03:00;;;;0.0;0.0;1;COSMOS;https://cosmos.bluesoft.com.br/products/barcode/C00C36C27079AF1F5325DE8C9A08C5EF.png;;;;;22085000;Gim e genebra;"Bebidas, líquidos alcoólicos e vinagres - Álcool etílico não desnaturado, com um teor alcoólico, em volume, inferior a 80 % vol; aguardentes, licores e outras bebidas espirituosas. - Gim e genebra";;145;Gin;69;;;;
ncm:22085000|p0001|2026-09-16T00:44:22Z|26;ncm:22085000;22085000;1;26;2026-09-16T00:44:22Z;PILAR;KIT STEINHAEGER 600ML;7896029700396;;0.0;0.0;0.0;;;2016-04-25T14:19:17.000-03:00;2026-07-30T03:47:38.000-03:00;;;;0.0;0.0;1;COSMOS;https://cosmos.bluesoft.com.br/products/barcode/C00C36C27079AF1F5218DB6108411A56.png;;;;;22085000;Gim e genebra;"Bebidas, líquidos alcoólicos e vinagres - Álcool etílico não desnaturado, com um teor alcoólico, em volume, inferior a 80 % vol; aguardentes, licores e outras bebidas espirituosas. - Gim e genebra";;;;;1812;0200800;Gim (gin) e genebra;1656
ncm:22085000|p0001|2026-09-16T00:44:22Z|27;ncm:22085000;22085000;1;27;2026-09-16T00:44:22Z;PILAR;GIN HENDRICKS GARRAFA 750ML;5010327755014;https://cdn-cosmos.bluesoft.com.br/products/5010327755014;;;;;;2016-08-04T15:41:42.000-03:00;2026-07-25T01:29:52.000-03:00;;;;0.0;0.0;1;COSMOS;https://cosmos.bluesoft.com.br/products/barcode/7DF0BB8799EBA3721CC246F4D89EB3A6.png;HENDRICKS;/assets/brand-placeholder-7080174fbd24025783105a607811edad.png;;;22085000;Gim e genebra;"Bebidas, líquidos alcoólicos e vinagres - Álcool etílico não desnaturado, com um teor alcoólico, em volume, inferior a 80 % vol; aguardentes, licores e outras bebidas espirituosas. - Gim e genebra";;145;Gin;69;;;;
ncm:22085000|p0001|2026-09-16T00:44:22Z|28;ncm:22085000;22085000;1;28;2026-09-16T00:44:22Z;PILAR;APERITIVO APERITZ 700ML;8003483301109;https://cdn-cosmos.bluesoft.com.br/products/8003483301109;;;;;;2016-10-06T10:53:31.000-03:00;2026-08-05T03:54:26.000-03:00;;;;0.0;0.0;1;COSMOS;https://cosmos.bluesoft.com.br/products/barcode/B0AD141FFA4B602F8C3AF6A3EC30782A.png;;;;;22085000;Gim e genebra;"Bebidas, líquidos alcoólicos e vinagres - Álcool etílico não desnaturado, com um teor alcoólico, em volume, inferior a 80 % vol; aguardentes, licores e outras bebidas espirituosas. - Gim e genebra";;269;Aperitivos;140;;;;
ncm:22085000|p0001|2026-09-16T00:44:22Z|29;ncm:22085000;22085000;1;29;2026-09-16T00:44:22Z;PILAR;GIN LONDON DRY BOMBAY SAPPHIRE GARRAFA 750ML;7640175740047;;;;;;;2018-03-21T17:03:55.000-03:00;2026-07-25T03:20:50.000-03:00;;;;0.0;0.0;1;COSMOS;https://cosmos.bluesoft.com.br/products/barcode/96D5BCBCC8BA6DAB81BB4D007FE1BDA6.png;BOMBAY SAPPHIRE;/assets/brand-placeholder-7080174fbd24025783105a607811edad.png;;;22085000;Gim e genebra;"Bebidas, líquidos alcoólicos e vinagres - Álcool etílico não desnaturado, com um teor alcoólico, em volume, inferior a 80 % vol; aguardentes, licores e outras bebidas espirituosas. - Gim e genebra";;145;Gin;69;;;;
ncm:22085000|p0001|2026-09-16T00:44:22Z|30;ncm:22085000;22085000;1;30;2026-09-16T00:44:22Z;PILAR;GIN DRY MARTIN MILLERS GARRAFA 700ML;698929000395;https://cdn-cosmos.bluesoft.com.br/products/698929000395;;;;;;2018-06-04T12:02:20.000-03:00;2026-05-13T15:31:43.000-03:00;;;;0.0;0.0;1;COSMOS;https://cosmos.bluesoft.com.br/products/barcode/E4D11703015FC6F9BFA1B1373BA42CCA.png;;;;;22085000;Gim e genebra;"Bebidas, líquidos alcoólicos e vinagres - Álcool etílico não desnaturado, com um teor alcoólico, em volume, inferior a 80 % vol; aguardentes, licores e outras bebidas espirituosas. - Gim e genebra";;145;Gin;69;;;;
ncm:22086000|p0001|2026-09-16T00:44:22Z|01;ncm:22086000;22086000;1;1;2026-09-16T00:44:22Z;PILAR;BEBIDA MISTA KADOV ICE LIMAO L N;7896072901153;;;;;;;2014-04-24T11:07:34.000-03:00;2026-07-30T05:54:04.000-03:00;;;;0.0;0.0;1;COSMOS;https://cosmos.bluesoft.com.br/products/barcode/17F9F8EF30CD9F01ADD9717D3C77BB42.png;;;;;22086000;Vodca;"Bebidas, líquidos alcoólicos e vinagres - Álcool etílico não desnaturado, com um teor alcoólico, em volume, inferior a 80 % vol; aguardentes, licores e outras bebidas espirituosas. - Vodca";;;;;;;;
ncm:22086000|p0001|2026-09-16T00:44:22Z|02;ncm:22086000;22086000;1;2;2026-09-16T00:44:22Z;PILAR;KIT BLUE SPIRIT UNIQUE VODKA 1L + 2 COPOS;7897395099121;;;;;;;2014-04-24T11:07:34.000-03:00;2026-07-31T21:46:35.000-03:00;;;;0.0;0.0;1;COSMOS;https://cosmos.bluesoft.com.br/products/barcode/07851663351B54AD75C510A98F1D87BC.png;;;;;22086000;Vodca;"Bebidas, líquidos alcoólicos e vinagres - Álcool etílico não desnaturado, com um teor alcoólico, em volume, inferior a 80 % vol; aguardentes, licores e outras bebidas espirituosas. - Vodca";;;;;1822;0201800;Vodka;1656
ncm:22086000|p0001|2026-09-16T00:44:22Z|03;ncm:22086000;22086000;1;3;2026-09-16T00:44:22Z;PILAR;KIT VODKA STOLICHNAYA RED/2 COPOS SHOT;7898132841355;;0.0;0.0;0.0;;;2014-04-24T11:07:34.000-03:00;2026-08-02T03:03:01.000-03:00;;;;0.0;0.0;1;COSMOS;https://cosmos.bluesoft.com.br/products/barcode/0549646E000389AC601696467D0B2BDF.png;STOLICHNAYA;/assets/brand-placeholder-7080174fbd24025783105a607811edad.png;;;22086000;Vodca;"Bebidas, líquidos alcoólicos e vinagres - Álcool etílico não desnaturado, com um teor alcoólico, em volume, inferior a 80 % vol; aguardentes, licores e outras bebidas espirituosas. - Vodca";;;;;1822;0201800;Vodka;1656
ncm:22086000|p0001|2026-09-16T00:44:22Z|04;ncm:22086000;22086000;1;4;2026-09-16T00:44:22Z;PILAR;ABSOLUT MARACUJÁ GARRAFA 1L;7891050003966;https://cdn-cosmos.bluesoft.com.br/products/absolut-maracuja-garrafa-1l_300x300-PU90833_1.jpg;;;;;;2014-04-24T11:07:34.000-03:00;2026-07-26T19:39:39.000-03:00;;;;0.0;0.0;1;COSMOS;https://cosmos.bluesoft.com.br/products/barcode/A10E4E9651EFE2CBA667A4195A6EB6A9.png;;;;;22086000;Vodca;"Bebidas, líquidos alcoólicos e vinagres - Álcool etílico não desnaturado, com um teor alcoólico, em volume, inferior a 80 % vol; aguardentes, licores e outras bebidas espirituosas. - Vodca";;;;;1822;0201800;Vodka;1656
ncm:22086000|p0001|2026-09-16T00:44:22Z|05;ncm:22086000;22086000;1;5;2026-09-16T00:44:22Z;PILAR;ABSOLUT PEPPAR GARRAFA 1L;7312040006106;https://cdn-cosmos.bluesoft.com.br/products/7312040006106;;;;;;2014-04-24T11:07:34.000-03:00;2026-07-25T02:39:25.000-03:00;;;;0.0;0.0;2;COSMOS;https://cosmos.bluesoft.com.br/products/barcode/5610A7504101E53A38797E0F72E9E6E5.png;ABSOLUT;https://cdn-cosmos.bluesoft.com.br/brands/brand_absolut;;;22086000;Vodca;"Bebidas, líquidos alcoólicos e vinagres - Álcool etílico não desnaturado, com um teor alcoólico, em volume, inferior a 80 % vol; aguardentes, licores e outras bebidas espirituosas. - Vodca";;144;Vodka;69;1822;0201800;Vodka;1656
ncm:22086000|p0001|2026-09-16T00:44:22Z|06;ncm:22086000;22086000;1;6;2026-09-16T00:44:22Z;PILAR;ABSOLUT RIO GARRAFA 1L;7312040550913;https://cdn-cosmos.bluesoft.com.br/products/absolut-rio-garrafa-1l_600x600-PU5cee0_1.jpg;;;;;;2014-04-24T11:07:34.000-03:00;2026-07-25T02:39:35.000-03:00;;;;0.0;0.0;1;COSMOS;https://cosmos.bluesoft.com.br/products/barcode/97DFE9C98DB945934A33D44CCFD39AC3.png;;;;;22086000;Vodca;"Bebidas, líquidos alcoólicos e vinagres - Álcool etílico não desnaturado, com um teor alcoólico, em volume, inferior a 80 % vol; aguardentes, licores e outras bebidas espirituosas. - Vodca";;;;;1822;0201800;Vodka;1656
ncm:22086000|p0001|2026-09-16T00:44:22Z|07;ncm:22086000;22086000;1;7;2026-09-16T00:44:22Z;PILAR;VODKA ABSOLUT VANILA 1 LITRO;7312040060108;https://cdn-cosmos.bluesoft.com.br/products/7312040060108;;;;;;2014-04-24T11:07:34.000-03:00;2026-08-04T12:44:01.000-03:00;;;;0.0;0.0;1;COSMOS;https://cosmos.bluesoft.com.br/products/barcode/5610A7504101E53A3B1F96E4EABF627A.png;ABSOLUT;https://cdn-cosmos.bluesoft.com.br/brands/brand_absolut;;;22086000;Vodca;"Bebidas, líquidos alcoólicos e vinagres - Álcool etílico não desnaturado, com um teor alcoólico, em volume, inferior a 80 % vol; aguardentes, licores e outras bebidas espirituosas. - Vodca";;69;Destilados;140;1822;0201800;Vodka;1656
ncm:22086000|p0001|2026-09-16T00:44:22Z|08;ncm:22086000;22086000;1;8;2026-09-16T00:44:22Z;PILAR;VODKA DESTILADA BELVEDERE GARRAFA 700ML;5901041003454;https://cdn-cosmos.bluesoft.com.br/products/5901041003454;;;;;;2014-04-24T11:07:34.000-03:00;2026-07-25T02:07:44.000-03:00;;;;0.0;0.0;2;COSMOS;https://cosmos.bluesoft.com.br/products/barcode/7D22ABAA0C05D46555B48896E30C04F4.png;BELVEDERE;/assets/brand-placeholder-7080174fbd24025783105a607811edad.png;;;22086000;Vodca;"Bebidas, líquidos alcoólicos e vinagres - Álcool etílico não desnaturado, com um teor alcoólico, em volume, inferior a 80 % vol; aguardentes, licores e outras bebidas espirituosas. - Vodca";;144;Vodka;69;1822;0201800;Vodka;1656
ncm:22086000|p0001|2026-09-16T00:44:22Z|09;ncm:22086000;22086000;1;9;2026-09-16T00:44:22Z;PILAR;VODKA BLUE SPIRIT 1L PREMIUM;7897395099107;https://cdn-cosmos.bluesoft.com.br/products/7897395099107;;;;;;2014-04-24T11:07:34.000-03:00;2026-07-31T21:46:35.000-03:00;;;;0.0;0.0;2;COSMOS;https://cosmos.bluesoft.com.br/products/barcode/07851663351B54ADA11313CD102E7298.png;;;;;22086000;Vodca;"Bebidas, líquidos alcoólicos e vinagres - Álcool etílico não desnaturado, com um teor alcoólico, em volume, inferior a 80 % vol; aguardentes, licores e outras bebidas espirituosas. - Vodca";;144;Vodka;69;1822;0201800;Vodka;1656
ncm:22086000|p0001|2026-09-16T00:44:22Z|10;ncm:22086000;22086000;1;10;2026-09-16T00:44:22Z;PILAR;VODKA DANZKA 1L;5788686123514;https://cdn-cosmos.bluesoft.com.br/products/5788686123514;;;;;;2014-04-24T11:07:34.000-03:00;2026-08-01T07:00:21.000-03:00;;;;0.0;0.0;1;COSMOS;https://cosmos.bluesoft.com.br/products/barcode/DE9C4E207B4760BADC4014256AB120FD.png;;;;;22086000;Vodca;"Bebidas, líquidos alcoólicos e vinagres - Álcool etílico não desnaturado, com um teor alcoólico, em volume, inferior a 80 % vol; aguardentes, licores e outras bebidas espirituosas. - Vodca";;;;;1822;0201800;Vodka;1656
ncm:22086000|p0001|2026-09-16T00:44:22Z|11;ncm:22086000;22086000;1;11;2026-09-16T00:44:22Z;PILAR;VODKA DESTILADA FINLÂNDIA GARRAFA 1L;6412700021027;https://cdn-cosmos.bluesoft.com.br/products/6412700021027;;;;;;2014-04-24T11:07:34.000-03:00;2026-09-14T20:52:39.000-03:00;;;;0.0;0.0;1;COSMOS;https://cosmos.bluesoft.com.br/products/barcode/AA5BBCE2300CE53818B4F9F8BE7FAF12.png;FINLANDIA;/assets/brand-placeholder-7080174fbd24025783105a607811edad.png;;;22086000;Vodca;"Bebidas, líquidos alcoólicos e vinagres - Álcool etílico não desnaturado, com um teor alcoólico, em volume, inferior a 80 % vol; aguardentes, licores e outras bebidas espirituosas. - Vodca";;144;Vodka;69;1822;0201800;Vodka;1656
ncm:22086000|p0001|2026-09-16T00:44:22Z|12;ncm:22086000;22086000;1;12;2026-09-16T00:44:22Z;PILAR;VODKA DESTILADA GREY GOOSE GARRAFA 750ML;5010677850209;https://cdn-cosmos.bluesoft.com.br/products/5010677850209;;;;;;2014-04-24T11:07:34.000-03:00;2026-09-09T10:48:04.000-03:00;;;;0.0;0.0;2;COSMOS;https://cosmos.bluesoft.com.br/products/barcode/532A33CF160D2B5BAF712850E0A634B5.png;BACARDI;https://cdn-cosmos.bluesoft.com.br/brands/brand_bacardi;50000000;Alimentos / Bebidas / Tabaco;22086000;Vodca;"Bebidas, líquidos alcoólicos e vinagres - Álcool etílico não desnaturado, com um teor alcoólico, em volume, inferior a 80 % vol; aguardentes, licores e outras bebidas espirituosas. - Vodca";;144;Vodka;69;1822;0201800;Vodka;1656
ncm:22086000|p0001|2026-09-16T00:44:22Z|13;ncm:22086000;22086000;1;13;2026-09-16T00:44:22Z;PILAR;VODKA DESTILADA KETEL ONE GARRAFA 1L;85156210015;https://cdn-cosmos.bluesoft.com.br/products/85156210015;;;;;;2014-04-24T11:07:34.000-03:00;2026-09-09T01:01:46.000-03:00;;;;0.0;0.0;2;COSMOS;https://cosmos.bluesoft.com.br/products/barcode/C882A597D4EA1B7DE19D380DCEB21F9B.png;KETEL ONE;/assets/brand-placeholder-7080174fbd24025783105a607811edad.png;;;22086000;Vodca;"Bebidas, líquidos alcoólicos e vinagres - Álcool etílico não desnaturado, com um teor alcoólico, em volume, inferior a 80 % vol; aguardentes, licores e outras bebidas espirituosas. - Vodca";;144;Vodka;69;1822;0201800;Vodka;1656
ncm:22086000|p0001|2026-09-16T00:44:22Z|14;ncm:22086000;22086000;1;14;2026-09-16T00:44:22Z;PILAR;VODKA ODIN (ESTONIA);3107872501370;;;;;;;2014-04-24T11:07:34.000-03:00;2026-07-23T20:57:39.000-03:00;;;;0.0;0.0;1;COSMOS;https://cosmos.bluesoft.com.br/products/barcode/AE89C7788DF5C854C842FD84AA551AA2.png;;;;;22086000;Vodca;"Bebidas, líquidos alcoólicos e vinagres - Álcool etílico não desnaturado, com um teor alcoólico, em volume, inferior a 80 % vol; aguardentes, licores e outras bebidas espirituosas. - Vodca";;;;;1822;0201800;Vodka;1656
ncm:22086000|p0001|2026-09-16T00:44:22Z|15;ncm:22086000;22086000;1;15;2026-09-16T00:44:22Z;PILAR;ORLOFF BOLD CITRUS GARRAFA 1L;7891050002167;https://cdn-cosmos.bluesoft.com.br/products/orloff-bold-citrus-garrafa-1l_100x100-PU87979_1.jpg;;;;;;2014-04-24T11:07:34.000-03:00;2026-07-26T19:39:34.000-03:00;;;;0.0;0.0;1;COSMOS;https://cosmos.bluesoft.com.br/products/barcode/A10E4E9651EFE2CBF3EB2E53846641A4.png;ORLOFF;https://cdn-cosmos.bluesoft.com.br/brands/brand_orloff;;;22086000;Vodca;"Bebidas, líquidos alcoólicos e vinagres - Álcool etílico não desnaturado, com um teor alcoólico, em volume, inferior a 80 % vol; aguardentes, licores e outras bebidas espirituosas. - Vodca";;;;;1822;0201800;Vodka;1656
ncm:22086000|p0001|2026-09-16T00:44:22Z|16;ncm:22086000;22086000;1;16;2026-09-16T00:44:22Z;PILAR;ROSKOFF GARRAFA;7896072900408;https://cdn-cosmos.bluesoft.com.br/products/roskoff-garrafa-965ml_300x300-PU54f47_1.jpg;;;;;;2014-04-24T11:07:34.000-03:00;2026-09-07T08:38:20.000-03:00;;;;0.0;0.0;1;COSMOS;https://cosmos.bluesoft.com.br/products/barcode/17F9F8EF30CD9F01132CF0B1F56CB7B8.png;BRETZKE;https://cdn-cosmos.bluesoft.com.br/brands/brand_bretzke-alimentos;50000000;Alimentos / Bebidas / Tabaco;22086000;Vodca;"Bebidas, líquidos alcoólicos e vinagres - Álcool etílico não desnaturado, com um teor alcoólico, em volume, inferior a 80 % vol; aguardentes, licores e outras bebidas espirituosas. - Vodca";;144;Vodka;69;1822;0201800;Vodka;1656
ncm:22086000|p0001|2026-09-16T00:44:22Z|17;ncm:22086000;22086000;1;17;2026-09-16T00:44:22Z;PILAR;VODKA RUSSIAN 1L STANDARD;4603400000203;https://cdn-cosmos.bluesoft.com.br/products/4603400000203;;;;;;2014-04-24T11:07:34.000-03:00;2026-08-27T14:41:46.000-03:00;;;;0.0;0.0;2;COSMOS;https://cosmos.bluesoft.com.br/products/barcode/13E9B886FCB2B67076A30C11EE039726.png;RUSSIAN;/assets/brand-placeholder-7080174fbd24025783105a607811edad.png;;;22086000;Vodca;"Bebidas, líquidos alcoólicos e vinagres - Álcool etílico não desnaturado, com um teor alcoólico, em volume, inferior a 80 % vol; aguardentes, licores e outras bebidas espirituosas. - Vodca";;144;Vodka;69;1822;0201800;Vodka;1656
ncm:22086000|p0001|2026-09-16T00:44:22Z|18;ncm:22086000;22086000;1;18;2026-09-16T00:44:22Z;PILAR;VODKA RUSSIAN IMPERIA;736040018674;https://cdn-cosmos.bluesoft.com.br/products/736040018674;;;;;;2014-04-24T11:07:34.000-03:00;2023-05-23T10:39:13.000-03:00;;;;0.0;0.0;2;COSMOS;https://cosmos.bluesoft.com.br/products/barcode/5B5F99B842557EDA747B0B1495AFC8D6.png;RUSSIAN;/assets/brand-placeholder-7080174fbd24025783105a607811edad.png;;;22086000;Vodca;"Bebidas, líquidos alcoólicos e vinagres - Álcool etílico não desnaturado, com um teor alcoólico, em volume, inferior a 80 % vol; aguardentes, licores e outras bebidas espirituosas. - Vodca";;144;Vodka;69;1822;0201800;Vodka;1656
ncm:22086000|p0001|2026-09-16T00:44:22Z|19;ncm:22086000;22086000;1;19;2026-09-16T00:44:22Z;PILAR;VODKA SMIRNOFF CITRUS TWIST;7893218000374;;;;;;;2014-04-24T11:07:34.000-03:00;2026-07-27T03:15:00.000-03:00;;;;0.0;0.0;1;COSMOS;https://cosmos.bluesoft.com.br/products/barcode/21E9E32DB158193CB8375CCAAB25D120.png;;;;;22086000;Vodca;"Bebidas, líquidos alcoólicos e vinagres - Álcool etílico não desnaturado, com um teor alcoólico, em volume, inferior a 80 % vol; aguardentes, licores e outras bebidas espirituosas. - Vodca";;;;;1822;0201800;Vodka;1656
ncm:22086000|p0001|2026-09-16T00:44:22Z|20;ncm:22086000;22086000;1;20;2026-09-16T00:44:22Z;PILAR;VODKA STOLICHNAYA 1L RED;4603019000601;;;;;;;2014-04-24T11:07:34.000-03:00;2026-07-23T21:56:04.000-03:00;;;;0.0;0.0;2;COSMOS;https://cosmos.bluesoft.com.br/products/barcode/5306434847834571FF52E977C29BC701.png;;;;;22086000;Vodca;"Bebidas, líquidos alcoólicos e vinagres - Álcool etílico não desnaturado, com um teor alcoólico, em volume, inferior a 80 % vol; aguardentes, licores e outras bebidas espirituosas. - Vodca";;;;;1822;0201800;Vodka;1656
ncm:22086000|p0001|2026-09-16T00:44:22Z|21;ncm:22086000;22086000;1;21;2026-09-16T00:44:22Z;PILAR;VODKA STOLICHNAYA;4607012081605;;0.0;0.0;0.0;;;2014-04-24T11:07:34.000-03:00;2026-08-20T00:31:33.000-03:00;;;;0.0;0.0;1;COSMOS;https://cosmos.bluesoft.com.br/products/barcode/95745998722C1A6A30526E0144DA7D56.png;;;;;22086000;Vodca;"Bebidas, líquidos alcoólicos e vinagres - Álcool etílico não desnaturado, com um teor alcoólico, em volume, inferior a 80 % vol; aguardentes, licores e outras bebidas espirituosas. - Vodca";;;;;1822;0201800;Vodka;1656
ncm:22086000|p0001|2026-09-16T00:44:22Z|22;ncm:22086000;22086000;1;22;2026-09-16T00:44:22Z;PILAR;VODKA DESTILADA WYBOROWA EXQUISITE GARRAFA 750ML;5900685009723;https://cdn-cosmos.bluesoft.com.br/products/5900685009723;;;;;;2014-04-24T11:07:34.000-03:00;2026-08-31T12:03:06.000-03:00;;;;0.0;0.0;1;COSMOS;https://cosmos.bluesoft.com.br/products/barcode/F49B5C9E2068D7DAD7D20BD6A14AA04A.png;WYBOROWA;/assets/brand-placeholder-7080174fbd24025783105a607811edad.png;;;22086000;Vodca;"Bebidas, líquidos alcoólicos e vinagres - Álcool etílico não desnaturado, com um teor alcoólico, em volume, inferior a 80 % vol; aguardentes, licores e outras bebidas espirituosas. - Vodca";;144;Vodka;69;1822;0201800;Vodka;1656
ncm:22086000|p0001|2026-09-16T00:44:22Z|23;ncm:22086000;22086000;1;23;2026-09-16T00:44:22Z;PILAR;VODKA ASKOV APPLE MACA VDE;7896092503351;https://cdn-cosmos.bluesoft.com.br/products/7896092503351;;;;;;2014-04-24T11:07:34.000-03:00;2026-07-30T06:32:00.000-03:00;;;;0.0;0.0;2;COSMOS;https://cosmos.bluesoft.com.br/products/barcode/342845AF9D7A74BFD740F6D67E7C2F66.png;ASKOV;https://cdn-cosmos.bluesoft.com.br/brands/brand_askov;;;22086000;Vodca;"Bebidas, líquidos alcoólicos e vinagres - Álcool etílico não desnaturado, com um teor alcoólico, em volume, inferior a 80 % vol; aguardentes, licores e outras bebidas espirituosas. - Vodca";;144;Vodka;69;1822;0201800;Vodka;1656
ncm:22086000|p0001|2026-09-16T00:44:22Z|24;ncm:22086000;22086000;1;24;2026-09-16T00:44:22Z;PILAR;BEBIDA ALCOOLICA MISTA BEJAME;7896273100409;https://cdn-cosmos.bluesoft.com.br/products/7896273100409;0.0;0.0;0.0;;;2014-04-24T11:07:34.000-03:00;2026-07-30T09:33:43.000-03:00;;;;0.0;0.0;1;COSMOS;https://cosmos.bluesoft.com.br/products/barcode/09E401D5FD9F055D1E4D3B41BCBF40A6.png;;;;;22086000;Vodca;"Bebidas, líquidos alcoólicos e vinagres - Álcool etílico não desnaturado, com um teor alcoólico, em volume, inferior a 80 % vol; aguardentes, licores e outras bebidas espirituosas. - Vodca";;;;;1822;0201800;Vodka;1656
ncm:22086000|p0001|2026-09-16T00:44:22Z|25;ncm:22086000;22086000;1;25;2026-09-16T00:44:22Z;PILAR;KIT VODKA ABSOLUT C/COQUETELEIRA 1L;7891050003881;;;;;;;2014-04-24T11:07:34.000-03:00;2026-07-26T19:39:38.000-03:00;;;;0.0;0.0;1;COSMOS;https://cosmos.bluesoft.com.br/products/barcode/A10E4E9651EFE2CB2024F2E953719554.png;;;;;22086000;Vodca;"Bebidas, líquidos alcoólicos e vinagres - Álcool etílico não desnaturado, com um teor alcoólico, em volume, inferior a 80 % vol; aguardentes, licores e outras bebidas espirituosas. - Vodca";;;;;1822;0201800;Vodka;1656
ncm:22086000|p0001|2026-09-16T00:44:22Z|26;ncm:22086000;22086000;1;26;2026-09-16T00:44:22Z;PILAR;VINHO CANCAO MOSCATO SUAVE 4 6L;7896780900561;;;;;;;2014-04-24T11:07:34.000-03:00;2026-07-31T18:17:16.000-03:00;;;;0.0;0.0;1;COSMOS;https://cosmos.bluesoft.com.br/products/barcode/76A47E4B739DEBA980B2BF01C99A2094.png;;;;;22086000;Vodca;"Bebidas, líquidos alcoólicos e vinagres - Álcool etílico não desnaturado, com um teor alcoólico, em volume, inferior a 80 % vol; aguardentes, licores e outras bebidas espirituosas. - Vodca";;;;;1822;0201800;Vodka;1656
ncm:22086000|p0001|2026-09-16T00:44:22Z|27;ncm:22086000;22086000;1;27;2026-09-16T00:44:22Z;PILAR;VINHO CANCAO ROSE SECO 4 6L;7896780900028;;;;;;;2014-04-24T11:07:34.000-03:00;2026-07-31T18:17:11.000-03:00;;;;0.0;0.0;1;COSMOS;https://cosmos.bluesoft.com.br/products/barcode/76A47E4B739DEBA979190D1BC86A9FFA.png;;;;;22086000;Vodca;"Bebidas, líquidos alcoólicos e vinagres - Álcool etílico não desnaturado, com um teor alcoólico, em volume, inferior a 80 % vol; aguardentes, licores e outras bebidas espirituosas. - Vodca";;;;;1822;0201800;Vodka;1656
ncm:22086000|p0001|2026-09-16T00:44:22Z|28;ncm:22086000;22086000;1;28;2026-09-16T00:44:22Z;PILAR;VINHO CASA ORG MALBEC;7896034301113;;0.0;0.0;0.0;;;2014-04-24T11:07:34.000-03:00;2026-07-30T04:05:25.000-03:00;;;;0.0;0.0;1;COSMOS;https://cosmos.bluesoft.com.br/products/barcode/52EB911C31E39181AE41FDC74E2C1EA1.png;MALBEC;/assets/brand-placeholder-7080174fbd24025783105a607811edad.png;;;22086000;Vodca;"Bebidas, líquidos alcoólicos e vinagres - Álcool etílico não desnaturado, com um teor alcoólico, em volume, inferior a 80 % vol; aguardentes, licores e outras bebidas espirituosas. - Vodca";;;;;1822;0201800;Vodka;1656
ncm:22086000|p0001|2026-09-16T00:44:22Z|29;ncm:22086000;22086000;1;29;2026-09-16T00:44:22Z;PILAR;VINHO DO FRADE BCO SUAVE NIAGARA;7898298540215;https://cdn-cosmos.bluesoft.com.br/products/7898298540215;;;;;;2014-04-24T11:07:34.000-03:00;2026-08-08T10:05:14.000-03:00;;;;0.0;0.0;1;COSMOS;https://cosmos.bluesoft.com.br/products/barcode/ED771A06496CB763090C664552B8930C.png;;;;;22086000;Vodca;"Bebidas, líquidos alcoólicos e vinagres - Álcool etílico não desnaturado, com um teor alcoólico, em volume, inferior a 80 % vol; aguardentes, licores e outras bebidas espirituosas. - Vodca";;;;;1822;0201800;Vodka;1656
ncm:22086000|p0001|2026-09-16T00:44:22Z|30;ncm:22086000;22086000;1;30;2026-09-16T00:44:22Z;PILAR;VODKA ABSOLUT ROCK EDITION LT;7312040550616;https://cdn-cosmos.bluesoft.com.br/products/7312040550616;;;;;;2014-04-24T11:07:34.000-03:00;2026-07-25T02:39:35.000-03:00;;;;0.0;0.0;2;COSMOS;https://cosmos.bluesoft.com.br/products/barcode/97DFE9C98DB94593415A4634FD7F4A2D.png;;;;;22086000;Vodca;"Bebidas, líquidos alcoólicos e vinagres - Álcool etílico não desnaturado, com um teor alcoólico, em volume, inferior a 80 % vol; aguardentes, licores e outras bebidas espirituosas. - Vodca";;;;;;;;
ncm:22087000|p0001|2026-09-16T00:44:23Z|01;ncm:22087000;22087000;1;1;2026-09-16T00:44:23Z;PILAR;GRAPPA ITAL PIAVE CUORE;8001530001187;;0.0;0.0;0.0;;;2014-04-24T11:07:34.000-03:00;2026-08-05T03:48:18.000-03:00;;;;0.0;0.0;1;COSMOS;https://cosmos.bluesoft.com.br/products/barcode/0F008368084B2FFF3FD28B29A46F5C47.png;;;;;22087000;Licores;"Bebidas, líquidos alcoólicos e vinagres - Álcool etílico não desnaturado, com um teor alcoólico, em volume, inferior a 80 % vol; aguardentes, licores e outras bebidas espirituosas. - Licores";;;;;1814;0201000;Licores e similares;1656
ncm:22087000|p0001|2026-09-16T00:44:23Z|02;ncm:22087000;22087000;1;2;2026-09-16T00:44:23Z;PILAR;LICOR ALTOVISO AMENDOA AMARGA;5601338320126;;;;;;;2014-04-24T11:07:34.000-03:00;2026-07-25T01:54:26.000-03:00;;;;0.0;0.0;1;COSMOS;https://cosmos.bluesoft.com.br/products/barcode/4CC0F301CB0B8BAA2C941B90EC53CC6E.png;;;;;22087000;Licores;"Bebidas, líquidos alcoólicos e vinagres - Álcool etílico não desnaturado, com um teor alcoólico, em volume, inferior a 80 % vol; aguardentes, licores e outras bebidas espirituosas. - Licores";;240;Licor;140;1814;0201000;Licores e similares;1656
ncm:22087000|p0001|2026-09-16T00:44:23Z|03;ncm:22087000;22087000;1;3;2026-09-16T00:44:23Z;PILAR;LICOR AMARETTO DI CARUSO;8003483300133;https://cdn-cosmos.bluesoft.com.br/products/8003483300133;;;;;;2014-04-24T11:07:34.000-03:00;2026-08-05T03:54:25.000-03:00;;;;0.0;0.0;1;COSMOS;https://cosmos.bluesoft.com.br/products/barcode/B0AD141FFA4B602FD5D4832F877BB22F.png;;;;;22087000;Licores;"Bebidas, líquidos alcoólicos e vinagres - Álcool etílico não desnaturado, com um teor alcoólico, em volume, inferior a 80 % vol; aguardentes, licores e outras bebidas espirituosas. - Licores";;240;Licor;140;1814;0201000;Licores e similares;1656
ncm:22087000|p0001|2026-09-16T00:44:23Z|04;ncm:22087000;22087000;1;4;2026-09-16T00:44:23Z;PILAR;LICOR AMARETTO DI CARUSO GOLD;8003483302403;https://cdn-cosmos.bluesoft.com.br/products/8003483302403;;;;;;2014-04-24T11:07:34.000-03:00;2026-08-05T03:54:29.000-03:00;;;;0.0;0.0;1;COSMOS;https://cosmos.bluesoft.com.br/products/barcode/B0AD141FFA4B602F743344E2405B5C3A.png;;;;;22087000;Licores;"Bebidas, líquidos alcoólicos e vinagres - Álcool etílico não desnaturado, com um teor alcoólico, em volume, inferior a 80 % vol; aguardentes, licores e outras bebidas espirituosas. - Licores";;240;Licor;140;1814;0201000;Licores e similares;1656
ncm:22087000|p0001|2026-09-16T00:44:23Z|05;ncm:22087000;22087000;1;5;2026-09-16T00:44:23Z;PILAR;LICOR FINO CREAM & MARULA FRUIT AMARULA GARRAFA 375ML;6001495062478;https://cdn-cosmos.bluesoft.com.br/products/6001495062478;;;;;;2014-04-24T11:07:34.000-03:00;2026-07-25T02:10:25.000-03:00;;;;0.0;0.0;2;COSMOS;https://cosmos.bluesoft.com.br/products/barcode/5D6783711054405A07753ED84F7A0B67.png;AMARULA;/assets/brand-placeholder-7080174fbd24025783105a607811edad.png;;;22087000;Licores;"Bebidas, líquidos alcoólicos e vinagres - Álcool etílico não desnaturado, com um teor alcoólico, em volume, inferior a 80 % vol; aguardentes, licores e outras bebidas espirituosas. - Licores";;240;Licor;140;1814;0201000;Licores e similares;1656
ncm:22087000|p0001|2026-09-16T00:44:23Z|06;ncm:22087000;22087000;1;6;2026-09-16T00:44:23Z;PILAR;LICOR BENEDICTINE;3035551411002;https://cdn-cosmos.bluesoft.com.br/products/3035551411002;0.0;0.0;0.0;;;2014-04-24T11:07:34.000-03:00;2026-08-13T00:32:42.000-03:00;;;;0.0;0.0;1;COSMOS;https://cosmos.bluesoft.com.br/products/barcode/59F1FC84F87975E8B221AAC29D600AB4.png;;;;;22087000;Licores;"Bebidas, líquidos alcoólicos e vinagres - Álcool etílico não desnaturado, com um teor alcoólico, em volume, inferior a 80 % vol; aguardentes, licores e outras bebidas espirituosas. - Licores";;240;Licor;140;1814;0201000;Licores e similares;1656
ncm:22087000|p0001|2026-09-16T00:44:23Z|07;ncm:22087000;22087000;1;7;2026-09-16T00:44:23Z;PILAR;LICOR BOLS LEMONCELLO;7791200005195;;;;;;;2014-04-24T11:07:34.000-03:00;2026-07-25T03:33:17.000-03:00;;;;0.0;0.0;2;COSMOS;https://cosmos.bluesoft.com.br/products/barcode/C1F392A64DE23816D34CB6F55A483E4E.png;;;;;22087000;Licores;"Bebidas, líquidos alcoólicos e vinagres - Álcool etílico não desnaturado, com um teor alcoólico, em volume, inferior a 80 % vol; aguardentes, licores e outras bebidas espirituosas. - Licores";;;;;1814;0201000;Licores e similares;1656
ncm:22087000|p0001|2026-09-16T00:44:23Z|08;ncm:22087000;22087000;1;8;2026-09-16T00:44:23Z;PILAR;BOLS FRUTILLA|700|LIQUEURS;7791200009919;;;;;;;2014-04-24T11:07:34.000-03:00;2026-07-25T03:33:20.000-03:00;;;;0.0;0.0;2;COSMOS;https://cosmos.bluesoft.com.br/products/barcode/C1F392A64DE2381699DB646D0E42E9BE.png;;;;;22087000;Licores;"Bebidas, líquidos alcoólicos e vinagres - Álcool etílico não desnaturado, com um teor alcoólico, em volume, inferior a 80 % vol; aguardentes, licores e outras bebidas espirituosas. - Licores";;;;;1814;0201000;Licores e similares;1656
ncm:22087000|p0001|2026-09-16T00:44:23Z|09;ncm:22087000;22087000;1;9;2026-09-16T00:44:23Z;PILAR;LICOR BOLS SOUR APPLE;7791200007212;;;;;;;2014-04-24T11:07:34.000-03:00;2026-07-25T03:33:18.000-03:00;;;;0.0;0.0;2;COSMOS;https://cosmos.bluesoft.com.br/products/barcode/C1F392A64DE23816FFBB2F1EDB00CFD9.png;;;;;22087000;Licores;"Bebidas, líquidos alcoólicos e vinagres - Álcool etílico não desnaturado, com um teor alcoólico, em volume, inferior a 80 % vol; aguardentes, licores e outras bebidas espirituosas. - Licores";;;;;1814;0201000;Licores e similares;1656
ncm:22087000|p0001|2026-09-16T00:44:23Z|10;ncm:22087000;22087000;1;10;2026-09-16T00:44:23Z;PILAR;LICOR FINO CREME DE LEITE COM WHISKY CAROLANS GARRAFA 700ML;5011026105223;https://cdn-cosmos.bluesoft.com.br/products/5011026105223;;;;;;2014-04-24T11:07:34.000-03:00;2026-07-25T01:30:42.000-03:00;;;;0.0;0.0;2;COSMOS;https://cosmos.bluesoft.com.br/products/barcode/0998CEFEF36B946847A0F021F8738BBD.png;CAROLANS;/assets/brand-placeholder-7080174fbd24025783105a607811edad.png;;;22087000;Licores;"Bebidas, líquidos alcoólicos e vinagres - Álcool etílico não desnaturado, com um teor alcoólico, em volume, inferior a 80 % vol; aguardentes, licores e outras bebidas espirituosas. - Licores";;240;Licor;140;1814;0201000;Licores e similares;1656
ncm:22087000|p0001|2026-09-16T00:44:23Z|11;ncm:22087000;22087000;1;11;2026-09-16T00:44:23Z;PILAR;LICOR CORDON DOR MARULA;7896028201764;;;;;;;2014-04-24T11:07:34.000-03:00;2026-07-30T03:41:42.000-03:00;;;;0.0;0.0;1;COSMOS;https://cosmos.bluesoft.com.br/products/barcode/2153AA059CB8550CB1D9E28851B34BD3.png;;;;;22087000;Licores;"Bebidas, líquidos alcoólicos e vinagres - Álcool etílico não desnaturado, com um teor alcoólico, em volume, inferior a 80 % vol; aguardentes, licores e outras bebidas espirituosas. - Licores";;;;;1814;0201000;Licores e similares;1656
ncm:22087000|p0001|2026-09-16T00:44:23Z|12;ncm:22087000;22087000;1;12;2026-09-16T00:44:23Z;PILAR;LICOR FINO PÊSSEGO PEACHTREE GARRAFA 700ML;8710625524707;https://cdn-cosmos.bluesoft.com.br/products/8710625524707;;;;;;2014-04-24T11:07:34.000-03:00;2026-08-20T14:15:07.000-03:00;;;;0.0;0.0;1;COSMOS;https://cosmos.bluesoft.com.br/products/barcode/A3B234005F1D989AE631E2ECF177826D.png;PEACHTREE;/assets/brand-placeholder-7080174fbd24025783105a607811edad.png;;;22087000;Licores;"Bebidas, líquidos alcoólicos e vinagres - Álcool etílico não desnaturado, com um teor alcoólico, em volume, inferior a 80 % vol; aguardentes, licores e outras bebidas espirituosas. - Licores";;240;Licor;140;1814;0201000;Licores e similares;1656
ncm:22087000|p0001|2026-09-16T00:44:23Z|13;ncm:22087000;22087000;1;13;2026-09-16T00:44:23Z;PILAR;LICOR DINALLE ACAI;7896356600253;;0.0;0.0;0.0;0;0;2014-04-24T11:07:34.000-03:00;2026-07-30T11:03:44.000-03:00;;;;0.0;0.0;1;COSMOS;https://cosmos.bluesoft.com.br/products/barcode/EE8894A36055B6BA535519512E953171.png;;;;;22087000;Licores;"Bebidas, líquidos alcoólicos e vinagres - Álcool etílico não desnaturado, com um teor alcoólico, em volume, inferior a 80 % vol; aguardentes, licores e outras bebidas espirituosas. - Licores";;;;;1814;0201000;Licores e similares;1656
ncm:22087000|p0001|2026-09-16T00:44:23Z|14;ncm:22087000;22087000;1;14;2026-09-16T00:44:23Z;PILAR;LICOR DINALLE PEQUI;7896356600451;;0.0;0.0;0.0;;;2014-04-24T11:07:34.000-03:00;2026-07-30T11:03:45.000-03:00;;;;0.0;0.0;1;COSMOS;https://cosmos.bluesoft.com.br/products/barcode/EE8894A36055B6BA27C10EFB38482162.png;;;;;22087000;Licores;"Bebidas, líquidos alcoólicos e vinagres - Álcool etílico não desnaturado, com um teor alcoólico, em volume, inferior a 80 % vol; aguardentes, licores e outras bebidas espirituosas. - Licores";;;;;1814;0201000;Licores e similares;1656
ncm:22087000|p0001|2026-09-16T00:44:23Z|15;ncm:22087000;22087000;1;15;2026-09-16T00:44:23Z;PILAR;LICOR AMARETTO DISARONNO ORIGINALE GARRAFA 700ML;8001110016303;https://cdn-cosmos.bluesoft.com.br/products/8001110016303;;;;;;2014-04-24T11:07:34.000-03:00;2026-08-05T03:47:22.000-03:00;;;;0.0;0.0;2;COSMOS;https://cosmos.bluesoft.com.br/products/barcode/C4E6EB80F69A4639524F4FB90DE887DD.png;DISARONNO;/assets/brand-placeholder-7080174fbd24025783105a607811edad.png;;;22087000;Licores;"Bebidas, líquidos alcoólicos e vinagres - Álcool etílico não desnaturado, com um teor alcoólico, em volume, inferior a 80 % vol; aguardentes, licores e outras bebidas espirituosas. - Licores";;240;Licor;140;1814;0201000;Licores e similares;1656
ncm:22087000|p0001|2026-09-16T00:44:23Z|16;ncm:22087000;22087000;1;16;2026-09-16T00:44:23Z;PILAR;LICOR CREME CASSIS GABRIEL BOUDIER GARRAFA 700ML;3252569600710;https://cdn-cosmos.bluesoft.com.br/products/3252569600710;;;;;;2014-04-24T11:07:34.000-03:00;2026-08-14T00:32:57.000-03:00;;;;0.0;0.0;1;COSMOS;https://cosmos.bluesoft.com.br/products/barcode/DC83F6A64A625BE29FEBE027CBC3F0C3.png;GABRIEL BOUDIER;/assets/brand-placeholder-7080174fbd24025783105a607811edad.png;;;22087000;Licores;"Bebidas, líquidos alcoólicos e vinagres - Álcool etílico não desnaturado, com um teor alcoólico, em volume, inferior a 80 % vol; aguardentes, licores e outras bebidas espirituosas. - Licores";;240;Licor;140;1814;0201000;Licores e similares;1656
ncm:22087000|p0001|2026-09-16T00:44:23Z|17;ncm:22087000;22087000;1;17;2026-09-16T00:44:23Z;PILAR;LICOR GELLA PINACOLADA COCO/ABACA;7896356600048;;0.0;0.0;0.0;;;2014-04-24T11:07:34.000-03:00;2026-07-30T11:03:43.000-03:00;;;;0.0;0.0;1;COSMOS;https://cosmos.bluesoft.com.br/products/barcode/EE8894A36055B6BADB887BF071EB706C.png;;;;;22087000;Licores;"Bebidas, líquidos alcoólicos e vinagres - Álcool etílico não desnaturado, com um teor alcoólico, em volume, inferior a 80 % vol; aguardentes, licores e outras bebidas espirituosas. - Licores";;;;;1814;0201000;Licores e similares;1656
ncm:22087000|p0001|2026-09-16T00:44:23Z|18;ncm:22087000;22087000;1;18;2026-09-16T00:44:23Z;PILAR;LICOR FINO CONHAQUE E LARANJA GRAND MARNIER GARRAFA 700ML;3018300000245;https://cdn-cosmos.bluesoft.com.br/products/3018300000245;;;;;;2014-04-24T11:07:34.000-03:00;2026-07-23T20:51:08.000-03:00;;;;0.0;0.0;1;COSMOS;https://cosmos.bluesoft.com.br/products/barcode/FBB8B46BA7E3FAA2DB46A9C87C323F4B.png;GRAND MARNIER;https://cdn-cosmos.bluesoft.com.br/brands/brand_grand-marnier;50000000;Alimentos / Bebidas / Tabaco;22087000;Licores;"Bebidas, líquidos alcoólicos e vinagres - Álcool etílico não desnaturado, com um teor alcoólico, em volume, inferior a 80 % vol; aguardentes, licores e outras bebidas espirituosas. - Licores";;240;Licor;140;1814;0201000;Licores e similares;1656
ncm:22087000|p0001|2026-09-16T00:44:23Z|19;ncm:22087000;22087000;1;19;2026-09-16T00:44:23Z;PILAR;LICOR GRAND MARNIER PARIS ED LIMITADA;3018300017274;;;;;;;2014-04-24T11:07:34.000-03:00;2026-08-13T00:32:09.000-03:00;;;;0.0;0.0;1;COSMOS;https://cosmos.bluesoft.com.br/products/barcode/FBB8B46BA7E3FAA23D021788B8F4A8D7.png;;;;;22087000;Licores;"Bebidas, líquidos alcoólicos e vinagres - Álcool etílico não desnaturado, com um teor alcoólico, em volume, inferior a 80 % vol; aguardentes, licores e outras bebidas espirituosas. - Licores";;;;;1814;0201000;Licores e similares;1656
ncm:22087000|p0001|2026-09-16T00:44:23Z|20;ncm:22087000;22087000;1;20;2026-09-16T00:44:23Z;PILAR;LICOR GUYLIAN CREME PRALINE;5410976716013;;0.0;0.0;0.0;;;2014-04-24T11:07:34.000-03:00;2026-07-25T01:42:26.000-03:00;;;;0.0;0.0;1;COSMOS;https://cosmos.bluesoft.com.br/products/barcode/585D568267F2541E2D3BDC845719A95D.png;;;;;22087000;Licores;"Bebidas, líquidos alcoólicos e vinagres - Álcool etílico não desnaturado, com um teor alcoólico, em volume, inferior a 80 % vol; aguardentes, licores e outras bebidas espirituosas. - Licores";;;;;1814;0201000;Licores e similares;1656
ncm:22087000|p0001|2026-09-16T00:44:23Z|21;ncm:22087000;22087000;1;21;2026-09-16T00:44:23Z;PILAR;LICOR FINO CAFÉ ILLY GARRAFA 700ML;8000040020008;https://cdn-cosmos.bluesoft.com.br/products/8000040020008;;;;;;2014-04-24T11:07:34.000-03:00;2026-08-05T03:44:18.000-03:00;;;;0.0;0.0;1;COSMOS;https://cosmos.bluesoft.com.br/products/barcode/A5AF7D775C45BBF479E1B5D151839017.png;YULO TOYS INC;/assets/brand-placeholder-7080174fbd24025783105a607811edad.png;;;22087000;Licores;"Bebidas, líquidos alcoólicos e vinagres - Álcool etílico não desnaturado, com um teor alcoólico, em volume, inferior a 80 % vol; aguardentes, licores e outras bebidas espirituosas. - Licores";;240;Licor;140;1814;0201000;Licores e similares;1656
ncm:22087000|p0001|2026-09-16T00:44:23Z|22;ncm:22087000;22087000;1;22;2026-09-16T00:44:23Z;PILAR;LICOR CREME CASSIS JEAN DE DIJON GARRAFA 670ML;3252569800813;https://cdn-cosmos.bluesoft.com.br/products/3252569800813;;;;;;2014-04-24T11:07:34.000-03:00;2026-08-14T00:32:58.000-03:00;;;;0.0;0.0;1;COSMOS;https://cosmos.bluesoft.com.br/products/barcode/66E65625ED7DB3811A3614026459FC94.png;JEAN DE DIJON;/assets/brand-placeholder-7080174fbd24025783105a607811edad.png;;;22087000;Licores;"Bebidas, líquidos alcoólicos e vinagres - Álcool etílico não desnaturado, com um teor alcoólico, em volume, inferior a 80 % vol; aguardentes, licores e outras bebidas espirituosas. - Licores";;240;Licor;140;1814;0201000;Licores e similares;1656
ncm:22087000|p0001|2026-09-16T00:44:23Z|23;ncm:22087000;22087000;1;23;2026-09-16T00:44:23Z;PILAR;LICOR M BRIZARD CHOCOLAT ROYAL;3041311026201;https://cdn-cosmos.bluesoft.com.br/products/3041311026201;;;;;;2014-04-24T11:07:34.000-03:00;2026-07-23T20:52:26.000-03:00;;;;0.0;0.0;1;COSMOS;https://cosmos.bluesoft.com.br/products/barcode/A473D998FC2FBE6882B85D50BCE01403.png;;;;;22087000;Licores;"Bebidas, líquidos alcoólicos e vinagres - Álcool etílico não desnaturado, com um teor alcoólico, em volume, inferior a 80 % vol; aguardentes, licores e outras bebidas espirituosas. - Licores";;240;Licor;140;1814;0201000;Licores e similares;1656
ncm:22087000|p0001|2026-09-16T00:44:23Z|24;ncm:22087000;22087000;1;24;2026-09-16T00:44:23Z;PILAR;LICOR M BRIZARD GRAND ORANGE;3041311026218;;0.0;0.0;0.0;1;1;2014-04-24T11:07:34.000-03:00;2026-07-23T20:52:26.000-03:00;;;;0.0;0.0;1;COSMOS;https://cosmos.bluesoft.com.br/products/barcode/A473D998FC2FBE68498830F090845766.png;;;;;22087000;Licores;"Bebidas, líquidos alcoólicos e vinagres - Álcool etílico não desnaturado, com um teor alcoólico, em volume, inferior a 80 % vol; aguardentes, licores e outras bebidas espirituosas. - Licores";;;;;1814;0201000;Licores e similares;1656
ncm:22087000|p0001|2026-09-16T00:44:23Z|25;ncm:22087000;22087000;1;25;2026-09-16T00:44:23Z;PILAR;MB PARFAIT AMOUR|700|LIQUEURS;3041312180704;;;;;;;2014-04-24T11:07:34.000-03:00;2026-07-23T20:52:29.000-03:00;;;;0.0;0.0;1;COSMOS;https://cosmos.bluesoft.com.br/products/barcode/3B4A761EA1E06D87F808CB6994CA3506.png;MARIE BRIZARD;https://cdn-cosmos.bluesoft.com.br/brands/brand_marie-brizard;50000000;Alimentos / Bebidas / Tabaco;22087000;Licores;"Bebidas, líquidos alcoólicos e vinagres - Álcool etílico não desnaturado, com um teor alcoólico, em volume, inferior a 80 % vol; aguardentes, licores e outras bebidas espirituosas. - Licores";;;;;1814;0201000;Licores e similares;1656
ncm:22087000|p0001|2026-09-16T00:44:23Z|26;ncm:22087000;22087000;1;26;2026-09-16T00:44:23Z;PILAR;LIQUER;88857003306;https://cdn-cosmos.bluesoft.com.br/products/88857003306;0.0;0.0;0.0;;;2014-04-24T11:07:34.000-03:00;2026-03-16T16:35:55.000-03:00;;;;0.0;0.0;1;COSMOS;https://cosmos.bluesoft.com.br/products/barcode/D0E5EA8504255D6AD499BDB5D328A96E.png;;;;;22087000;Licores;"Bebidas, líquidos alcoólicos e vinagres - Álcool etílico não desnaturado, com um teor alcoólico, em volume, inferior a 80 % vol; aguardentes, licores e outras bebidas espirituosas. - Licores";;;;;1814;0201000;Licores e similares;1656
ncm:22087000|p0001|2026-09-16T00:44:23Z|27;ncm:22087000;22087000;1;27;2026-09-16T00:44:23Z;PILAR;MOZART|500|LIQUEURS;9013100062053;https://cdn-cosmos.bluesoft.com.br/products/9013100062053;;;;;;2014-04-24T11:07:34.000-03:00;2026-08-05T05:20:19.000-03:00;;;;0.0;0.0;1;COSMOS;https://cosmos.bluesoft.com.br/products/barcode/F3586F676860399FEC66466DCAF340A2.png;;;;;22087000;Licores;"Bebidas, líquidos alcoólicos e vinagres - Álcool etílico não desnaturado, com um teor alcoólico, em volume, inferior a 80 % vol; aguardentes, licores e outras bebidas espirituosas. - Licores";;240;Licor;140;1814;0201000;Licores e similares;1656
ncm:22087000|p0001|2026-09-16T00:44:23Z|28;ncm:22087000;22087000;1;28;2026-09-16T00:44:23Z;PILAR;LICOR OPTIMA SAMBUCA;8000428016357;;0.0;0.0;0.0;;;2014-04-24T11:07:34.000-03:00;2026-08-05T03:46:11.000-03:00;;;;0.0;0.0;1;COSMOS;https://cosmos.bluesoft.com.br/products/barcode/EEBE6AE25149DB4412A677A43C24F194.png;;;;;22087000;Licores;"Bebidas, líquidos alcoólicos e vinagres - Álcool etílico não desnaturado, com um teor alcoólico, em volume, inferior a 80 % vol; aguardentes, licores e outras bebidas espirituosas. - Licores";;240;Licor;140;1814;0201000;Licores e similares;1656
ncm:22087000|p0001|2026-09-16T00:44:23Z|29;ncm:22087000;22087000;1;29;2026-09-16T00:44:23Z;PILAR;CASSIS SISCA ?|LIQUEURS II;3104691015118;;0.0;0.0;0.0;;;2014-04-24T11:07:34.000-03:00;2026-07-23T20:57:34.000-03:00;;;;0.0;0.0;1;COSMOS;https://cosmos.bluesoft.com.br/products/barcode/BE16AD57916D41212672C304B0CB7B7A.png;;;50000000;Alimentos / Bebidas / Tabaco;22087000;Licores;"Bebidas, líquidos alcoólicos e vinagres - Álcool etílico não desnaturado, com um teor alcoólico, em volume, inferior a 80 % vol; aguardentes, licores e outras bebidas espirituosas. - Licores";;;;;1814;0201000;Licores e similares;1656
ncm:22087000|p0001|2026-09-16T00:44:23Z|30;ncm:22087000;22087000;1;30;2026-09-16T00:44:23Z;PILAR;LICOR STREGA ERVAS AROMATICAS;80220718;https://cdn-cosmos.bluesoft.com.br/products/80220718;;;;;;2014-04-24T11:07:34.000-03:00;2026-02-22T21:15:32.000-03:00;;;;0.0;0.0;2;COSMOS;https://cosmos.bluesoft.com.br/products/barcode/1837FB219B3B652E54D4F4A157416D05.png;STREGA ALBERTI;/assets/brand-placeholder-7080174fbd24025783105a607811edad.png;;;22087000;Licores;"Bebidas, líquidos alcoólicos e vinagres - Álcool etílico não desnaturado, com um teor alcoólico, em volume, inferior a 80 % vol; aguardentes, licores e outras bebidas espirituosas. - Licores";;240;Licor;140;1814;0201000;Licores e similares;1656
ncm:22089000|p0001|2026-09-16T00:44:23Z|01;ncm:22089000;22089000;1;1;2026-09-16T00:44:23Z;PILAR;ABSINTHE PERE KERMANNS - 700ML;3014400017916;https://cdn-cosmos.bluesoft.com.br/products/3014400017916/2018-04-02-11-17-14-0300;;;;;;2014-04-24T11:07:34.000-03:00;2026-08-13T00:31:44.000-03:00;;;;0.0;0.0;1;COSMOS;https://cosmos.bluesoft.com.br/products/barcode/B882276DD91C1224CCCC4DD30D7E0F4A.png;KERMANNS;/assets/brand-placeholder-7080174fbd24025783105a607811edad.png;50000000;Alimentos / Bebidas / Tabaco;22089000;Outros;"Bebidas, líquidos alcoólicos e vinagres - Álcool etílico não desnaturado, com um teor alcoólico, em volume, inferior a 80 % vol; aguardentes, licores e outras bebidas espirituosas. - Outros";;;;;;;;
ncm:22089000|p0001|2026-09-16T00:44:23Z|02;ncm:22089000;22089000;1;2;2026-09-16T00:44:23Z;PILAR;ABSINTO FRA PERE KERMANN'S BLACK;3014400203111;;0.0;0.0;0.0;;;2014-04-24T11:07:34.000-03:00;2026-08-13T00:31:46.000-03:00;;;;0.0;0.0;1;COSMOS;https://cosmos.bluesoft.com.br/products/barcode/9EE399E1EF1599FE6FB2C1E7AA89F804.png;;;;;22089000;Outros;"Bebidas, líquidos alcoólicos e vinagres - Álcool etílico não desnaturado, com um teor alcoólico, em volume, inferior a 80 % vol; aguardentes, licores e outras bebidas espirituosas. - Outros";;;;;;;;
ncm:22089000|p0001|2026-09-16T00:44:23Z|03;ncm:22089000;22089000;1;3;2026-09-16T00:44:23Z;PILAR;APERITIVO ABSINTO DINALLE;7896356600291;;0.0;0.0;0.0;;;2014-04-24T11:07:34.000-03:00;2026-07-30T11:03:44.000-03:00;;;;0.0;0.0;1;COSMOS;https://cosmos.bluesoft.com.br/products/barcode/EE8894A36055B6BA2E13A5567F3BDDDC.png;;;;;22089000;Outros;"Bebidas, líquidos alcoólicos e vinagres - Álcool etílico não desnaturado, com um teor alcoólico, em volume, inferior a 80 % vol; aguardentes, licores e outras bebidas espirituosas. - Outros";;;;;;;;
ncm:22089000|p0001|2026-09-16T00:44:23Z|04;ncm:22089000;22089000;1;4;2026-09-16T00:44:23Z;PILAR;BEBIDA MISTA ALCOÓLICA BUSCA VIDA GARRAFA 750ML;7898911010019;https://cdn-cosmos.bluesoft.com.br/products/7898911010019;;;;;;2014-04-24T11:07:34.000-03:00;2026-08-03T08:21:31.000-03:00;;;;0.0;0.0;2;COSMOS;https://cosmos.bluesoft.com.br/products/barcode/0FFD79C9BF9F19F63C43C3C09C4B4D1B.png;BUSCA VIDA;/assets/brand-placeholder-7080174fbd24025783105a607811edad.png;;;22089000;Outros;"Bebidas, líquidos alcoólicos e vinagres - Álcool etílico não desnaturado, com um teor alcoólico, em volume, inferior a 80 % vol; aguardentes, licores e outras bebidas espirituosas. - Outros";;151;Cachaça;69;;;;
ncm:22089000|p0001|2026-09-16T00:44:23Z|05;ncm:22089000;22089000;1;5;2026-09-16T00:44:23Z;PILAR;APERITIVO CANELINHA DA SERRA;7896321800633;;;;;;;2014-04-24T11:07:34.000-03:00;2026-07-30T10:37:08.000-03:00;;;;0.0;0.0;1;COSMOS;https://cosmos.bluesoft.com.br/products/barcode/C3B15BF27425D36FE66F5D946974C963.png;;;;;22089000;Outros;"Bebidas, líquidos alcoólicos e vinagres - Álcool etílico não desnaturado, com um teor alcoólico, em volume, inferior a 80 % vol; aguardentes, licores e outras bebidas espirituosas. - Outros";;269;Aperitivos;140;;;;
ncm:22089000|p0001|2026-09-16T00:44:23Z|06;ncm:22089000;22089000;1;6;2026-09-16T00:44:23Z;PILAR;APERITIVO COCOBLANCO RUM/COCO;7896037916369;;;;;;;2014-04-24T11:07:34.000-03:00;2026-07-30T04:17:38.000-03:00;;;;0.0;0.0;1;COSMOS;https://cosmos.bluesoft.com.br/products/barcode/D4B1049FDC94A150A047FD749F160D73.png;;;;;22089000;Outros;"Bebidas, líquidos alcoólicos e vinagres - Álcool etílico não desnaturado, com um teor alcoólico, em volume, inferior a 80 % vol; aguardentes, licores e outras bebidas espirituosas. - Outros";;;;;;;;
ncm:22089000|p0001|2026-09-16T00:44:23Z|07;ncm:22089000;22089000;1;7;2026-09-16T00:44:23Z;PILAR;APERITIVO COQUINHO;7896356600147;;0.0;0.0;0.0;;;2014-04-24T11:07:34.000-03:00;2026-07-30T11:03:43.000-03:00;;;;0.0;0.0;1;COSMOS;https://cosmos.bluesoft.com.br/products/barcode/EE8894A36055B6BAEFD164D3FE860289.png;;;;;22089000;Outros;"Bebidas, líquidos alcoólicos e vinagres - Álcool etílico não desnaturado, com um teor alcoólico, em volume, inferior a 80 % vol; aguardentes, licores e outras bebidas espirituosas. - Outros";;;;;;;;
ncm:22089000|p0001|2026-09-16T00:44:23Z|08;ncm:22089000;22089000;1;8;2026-09-16T00:44:23Z;PILAR;APERITIVO FERNET ASTECA AMARGO;7896092500534;https://cdn-cosmos.bluesoft.com.br/products/7896092500534;;;;;;2014-04-24T11:07:34.000-03:00;2026-08-06T17:29:02.000-03:00;;;;0.0;0.0;2;COSMOS;https://cosmos.bluesoft.com.br/products/barcode/342845AF9D7A74BF3F64A0BA3C2644E3.png;ASTECA;/assets/brand-placeholder-7080174fbd24025783105a607811edad.png;;;22089000;Outros;"Bebidas, líquidos alcoólicos e vinagres - Álcool etílico não desnaturado, com um teor alcoólico, em volume, inferior a 80 % vol; aguardentes, licores e outras bebidas espirituosas. - Outros";;;;;;;;
ncm:22089000|p0001|2026-09-16T00:44:23Z|09;ncm:22089000;22089000;1;9;2026-09-16T00:44:23Z;PILAR;APERITIVO JAGERMEISTER;4067700013019;https://cdn-cosmos.bluesoft.com.br/products/4067700013019;;;;;;2014-04-24T11:07:34.000-03:00;2026-08-31T22:56:27.000-03:00;;;;0.0;0.0;3;COSMOS;https://cosmos.bluesoft.com.br/products/barcode/F46B860897BB39336655950B7799E4A2.png;;;;;22089000;Outros;"Bebidas, líquidos alcoólicos e vinagres - Álcool etílico não desnaturado, com um teor alcoólico, em volume, inferior a 80 % vol; aguardentes, licores e outras bebidas espirituosas. - Outros";;240;Licor;140;;;;
ncm:22089000|p0001|2026-09-16T00:44:23Z|10;ncm:22089000;22089000;1;10;2026-09-16T00:44:23Z;PILAR;BEBIDA MISTA ALCOÓLICA KIWI 51 ICE LATA 269ML;7896002111171;https://cdn-cosmos.bluesoft.com.br/products/7896002111171;;;;;;2014-04-24T11:07:34.000-03:00;2026-09-05T09:30:51.000-03:00;;;;0.0;0.0;1;COSMOS;https://cosmos.bluesoft.com.br/products/barcode/CC7B0173E309B6321FE11072CFABD912.png;51 ICE;/assets/brand-placeholder-7080174fbd24025783105a607811edad.png;;;22089000;Outros;"Bebidas, líquidos alcoólicos e vinagres - Álcool etílico não desnaturado, com um teor alcoólico, em volume, inferior a 80 % vol; aguardentes, licores e outras bebidas espirituosas. - Outros";;;;;;;;
ncm:22089000|p0001|2026-09-16T00:44:23Z|11;ncm:22089000;22089000;1;11;2026-09-16T00:44:23Z;PILAR;BEBIDA MISTA SMIRNOFF ICE MACA VERDE L NECK;7893218002859;https://cdn-cosmos.bluesoft.com.br/products/7893218002859;0.0;0.0;0.0;275;289;2014-04-24T11:07:34.000-03:00;2026-07-27T03:15:20.000-03:00;;;;0.0;0.0;3;COSMOS;https://cosmos.bluesoft.com.br/products/barcode/21E9E32DB158193C066610B265C45BB5.png;SMIRNOFF;https://cdn-cosmos.bluesoft.com.br/brands/brand_smirnoff;;;22089000;Outros;"Bebidas, líquidos alcoólicos e vinagres - Álcool etílico não desnaturado, com um teor alcoólico, em volume, inferior a 80 % vol; aguardentes, licores e outras bebidas espirituosas. - Outros";;144;Vodka;69;;;;
ncm:22089000|p0001|2026-09-16T00:44:23Z|12;ncm:22089000;22089000;1;12;2026-09-16T00:44:23Z;PILAR;BEBIDA MISTA SMIRNOFF ICE GF ALUMINIO;7893218003009;;;;;;;2014-04-24T11:07:34.000-03:00;2026-07-30T11:03:48.000-03:00;;;;0.0;0.0;1;COSMOS;https://cosmos.bluesoft.com.br/products/barcode/21E9E32DB158193CAA2B4D253DD71F1C.png;;;;;22089000;Outros;"Bebidas, líquidos alcoólicos e vinagres - Álcool etílico não desnaturado, com um teor alcoólico, em volume, inferior a 80 % vol; aguardentes, licores e outras bebidas espirituosas. - Outros";;;;;;;;
ncm:22089000|p0001|2026-09-16T00:44:23Z|13;ncm:22089000;22089000;1;13;2026-09-16T00:44:23Z;PILAR;LITRE BITTER 25Ø CAMPARI | BITTER BOUTEILLE VERRE UGE SANS EXTRA 25 DEGRES;8000040000802;https://cdn-cosmos.bluesoft.com.br/products/8000040000802;;;;;;2014-04-24T11:07:34.000-03:00;2026-08-05T03:44:16.000-03:00;;;;0.0;0.0;1;COSMOS;https://cosmos.bluesoft.com.br/products/barcode/A5AF7D775C45BBF4C15502D326820546.png;;;;;22089000;Outros;"Bebidas, líquidos alcoólicos e vinagres - Álcool etílico não desnaturado, com um teor alcoólico, em volume, inferior a 80 % vol; aguardentes, licores e outras bebidas espirituosas. - Outros";;;;;;;;
ncm:22089000|p0001|2026-09-16T00:44:23Z|14;ncm:22089000;22089000;1;14;2026-09-16T00:44:23Z;PILAR;MEZZAMARO BITTER|1000|LIQUEURS;7891121056006;https://cdn-cosmos.bluesoft.com.br/products/7891121056006;;;;;;2014-04-24T11:07:34.000-03:00;2026-07-26T21:05:31.000-03:00;;;;0.0;0.0;1;COSMOS;https://cosmos.bluesoft.com.br/products/barcode/88571FA50FD5243D521AD832A259C673.png;STOCK;/assets/brand-placeholder-7080174fbd24025783105a607811edad.png;;;22089000;Outros;"Bebidas, líquidos alcoólicos e vinagres - Álcool etílico não desnaturado, com um teor alcoólico, em volume, inferior a 80 % vol; aguardentes, licores e outras bebidas espirituosas. - Outros";;;;;;;;
ncm:22089000|p0001|2026-09-16T00:44:23Z|15;ncm:22089000;22089000;1;15;2026-09-16T00:44:23Z;PILAR;CONHAQUE DOMECQ 1L ORO;7896080001487;;;;;;;2014-04-24T11:07:34.000-03:00;2026-07-30T06:08:15.000-03:00;;;;0.0;0.0;1;COSMOS;https://cosmos.bluesoft.com.br/products/barcode/A4536F6456A400D469439F4FABC6C530.png;;;;;22089000;Outros;"Bebidas, líquidos alcoólicos e vinagres - Álcool etílico não desnaturado, com um teor alcoólico, em volume, inferior a 80 % vol; aguardentes, licores e outras bebidas espirituosas. - Outros";;;;;;;;
ncm:22089000|p0001|2026-09-16T00:44:23Z|16;ncm:22089000;22089000;1;16;2026-09-16T00:44:23Z;PILAR;CONHAQUE DE GENGIBRE PALHINHA GARRAFA 900ML;7896051222101;https://cdn-cosmos.bluesoft.com.br/products/7896051222101;;;;;;2014-04-24T11:07:34.000-03:00;2026-08-29T10:24:57.000-03:00;;;;0.0;0.0;4;COSMOS;https://cosmos.bluesoft.com.br/products/barcode/C444B75B05FFD8DE7E7638D1ED2408C4.png;CONHAQUE PALHINHA;/assets/brand-placeholder-7080174fbd24025783105a607811edad.png;;;22089000;Outros;"Bebidas, líquidos alcoólicos e vinagres - Álcool etílico não desnaturado, com um teor alcoólico, em volume, inferior a 80 % vol; aguardentes, licores e outras bebidas espirituosas. - Outros";;149;Conhaque;69;;;;
ncm:22089000|p0001|2026-09-16T00:44:23Z|17;ncm:22089000;22089000;1;17;2026-09-16T00:44:23Z;PILAR;COOLER VALENCIANO UVA;7896028102573;;0.0;0.0;0.0;;;2014-04-24T11:07:34.000-03:00;2026-07-30T03:41:18.000-03:00;;;;0.0;0.0;1;COSMOS;https://cosmos.bluesoft.com.br/products/barcode/BF26292DCC565DF74E0CB0F2C117FF6C.png;;;;;22089000;Outros;"Bebidas, líquidos alcoólicos e vinagres - Álcool etílico não desnaturado, com um teor alcoólico, em volume, inferior a 80 % vol; aguardentes, licores e outras bebidas espirituosas. - Outros";;74;Vinhos;65;;;;
ncm:22089000|p0001|2026-09-16T00:44:23Z|18;ncm:22089000;22089000;1;18;2026-09-16T00:44:23Z;PILAR;LICOR BEMBRASIL COCO PET 1X 03;7898915283631;;;;;;;2014-04-24T11:07:34.000-03:00;2026-08-03T08:43:42.000-03:00;;;;0.0;0.0;1;COSMOS;https://cosmos.bluesoft.com.br/products/barcode/7125F70FA1094C0CC5427F3A847A9912.png;;;;;22089000;Outros;"Bebidas, líquidos alcoólicos e vinagres - Álcool etílico não desnaturado, com um teor alcoólico, em volume, inferior a 80 % vol; aguardentes, licores e outras bebidas espirituosas. - Outros";;;;;;;;
ncm:22089000|p0001|2026-09-16T00:44:23Z|19;ncm:22089000;22089000;1;19;2026-09-16T00:44:23Z;PILAR;COQUETEL BEM BRASIL MARACUJA;7898915283655;;0.0;0.0;0.0;;;2014-04-24T11:07:34.000-03:00;2026-08-03T08:43:43.000-03:00;;;;0.0;0.0;1;COSMOS;https://cosmos.bluesoft.com.br/products/barcode/7125F70FA1094C0C629133FA491D8ECA.png;;;;;22089000;Outros;"Bebidas, líquidos alcoólicos e vinagres - Álcool etílico não desnaturado, com um teor alcoólico, em volume, inferior a 80 % vol; aguardentes, licores e outras bebidas espirituosas. - Outros";;;;;;;;
ncm:22089000|p0001|2026-09-16T00:44:23Z|20;ncm:22089000;22089000;1;20;2026-09-16T00:44:23Z;PILAR;LICOR BEMBRASIL AMARULA PET 1X 0012;7898915283587;;1.0;1.0;1.0;;;2014-04-24T11:07:34.000-03:00;2026-08-03T08:43:41.000-03:00;;;;0.0;0.0;1;COSMOS;https://cosmos.bluesoft.com.br/products/barcode/7125F70FA1094C0C4D64563A89B657F1.png;;;;;22089000;Outros;"Bebidas, líquidos alcoólicos e vinagres - Álcool etílico não desnaturado, com um teor alcoólico, em volume, inferior a 80 % vol; aguardentes, licores e outras bebidas espirituosas. - Outros";;;;;;;;
ncm:22089000|p0001|2026-09-16T00:44:23Z|21;ncm:22089000;22089000;1;21;2026-09-16T00:44:23Z;PILAR;COQUETEL BEM BRASIL PESSEGO;7898915283570;;0.0;0.0;0.0;0;0;2014-04-24T11:07:34.000-03:00;2026-08-03T08:43:41.000-03:00;;;;0.0;0.0;1;COSMOS;https://cosmos.bluesoft.com.br/products/barcode/7125F70FA1094C0C98F98AC0555FD7EE.png;;;;;22089000;Outros;"Bebidas, líquidos alcoólicos e vinagres - Álcool etílico não desnaturado, com um teor alcoólico, em volume, inferior a 80 % vol; aguardentes, licores e outras bebidas espirituosas. - Outros";;;;;;;;
ncm:22089000|p0001|2026-09-16T00:44:23Z|22;ncm:22089000;22089000;1;22;2026-09-16T00:44:23Z;PILAR;COQUETEL RAIZOV MARACUJA;7896711102842;;;;;;;2014-04-24T11:07:34.000-03:00;2026-07-31T17:35:57.000-03:00;;;;0.0;0.0;1;COSMOS;https://cosmos.bluesoft.com.br/products/barcode/B032B5A846C8AE478B3B231798AAB2CE.png;;;;;22089000;Outros;"Bebidas, líquidos alcoólicos e vinagres - Álcool etílico não desnaturado, com um teor alcoólico, em volume, inferior a 80 % vol; aguardentes, licores e outras bebidas espirituosas. - Outros";;;;;;;;
ncm:22089000|p0001|2026-09-16T00:44:23Z|23;ncm:22089000;22089000;1;23;2026-09-16T00:44:23Z;PILAR;LICOR CAMBU-SHU;7898091230788;;;;;;;2014-04-24T11:07:34.000-03:00;2026-08-02T02:01:39.000-03:00;;;;0.0;0.0;1;COSMOS;https://cosmos.bluesoft.com.br/products/barcode/16432CC10F3965D5CADADAD2D7B6F70A.png;;;;;22089000;Outros;"Bebidas, líquidos alcoólicos e vinagres - Álcool etílico não desnaturado, com um teor alcoólico, em volume, inferior a 80 % vol; aguardentes, licores e outras bebidas espirituosas. - Outros";;;;;;;;
ncm:22089000|p0001|2026-09-16T00:44:23Z|24;ncm:22089000;22089000;1;24;2026-09-16T00:44:23Z;PILAR;PISCO SOUR LIMÃO CAPEL GARRAFA 700ML;7802110001143;https://cdn-cosmos.bluesoft.com.br/products/7802110001143;;;;;;2014-04-24T11:07:34.000-03:00;2026-07-25T03:51:33.000-03:00;;;;0.0;0.0;1;COSMOS;https://cosmos.bluesoft.com.br/products/barcode/E959C09DCF9ACF965CCB88CD1821E262.png;CAPEL;/assets/brand-placeholder-7080174fbd24025783105a607811edad.png;;;22089000;Outros;"Bebidas, líquidos alcoólicos e vinagres - Álcool etílico não desnaturado, com um teor alcoólico, em volume, inferior a 80 % vol; aguardentes, licores e outras bebidas espirituosas. - Outros";;269;Aperitivos;140;;;;
ncm:22089000|p0001|2026-09-16T00:44:23Z|25;ncm:22089000;22089000;1;25;2026-09-16T00:44:23Z;PILAR;PISCO CONTROL RES 40;7802175000730;;;;;;;2014-04-24T11:07:34.000-03:00;2026-07-25T03:51:42.000-03:00;;;;0.0;0.0;2;COSMOS;https://cosmos.bluesoft.com.br/products/barcode/65A82E31976B5504D29E592F31CC8E3A.png;;;;;22089000;Outros;"Bebidas, líquidos alcoólicos e vinagres - Álcool etílico não desnaturado, com um teor alcoólico, em volume, inferior a 80 % vol; aguardentes, licores e outras bebidas espirituosas. - Outros";;;;;;;;
ncm:22089000|p0001|2026-09-16T00:44:23Z|26;ncm:22089000;22089000;1;26;2026-09-16T00:44:23Z;PILAR;RUM BACARDI CARTA BLANCA;7891125064151;https://cdn-cosmos.bluesoft.com.br/products/7891125064151;;;;;;2014-04-24T11:07:34.000-03:00;2026-07-26T21:09:12.000-03:00;;;;0.0;0.0;3;COSMOS;https://cosmos.bluesoft.com.br/products/barcode/BD200590433CDB4B480B1AC00B05EB26.png;BACARDI;https://cdn-cosmos.bluesoft.com.br/brands/brand_bacardi;50000000;Alimentos / Bebidas / Tabaco;22089000;Outros;"Bebidas, líquidos alcoólicos e vinagres - Álcool etílico não desnaturado, com um teor alcoólico, em volume, inferior a 80 % vol; aguardentes, licores e outras bebidas espirituosas. - Outros";;;;;1816;0201200;Rum;1656
ncm:22089000|p0001|2026-09-16T00:44:23Z|27;ncm:22089000;22089000;1;27;2026-09-16T00:44:23Z;PILAR;RUM PIRATA 1L APPLE;7896711103726;https://cdn-cosmos.bluesoft.com.br/products/7896711103726;;;;;;2014-04-24T11:07:34.000-03:00;2026-07-31T17:36:05.000-03:00;;;;0.0;0.0;2;COSMOS;https://cosmos.bluesoft.com.br/products/barcode/B032B5A846C8AE476BC1C3B172A29640.png;;;;;22089000;Outros;"Bebidas, líquidos alcoólicos e vinagres - Álcool etílico não desnaturado, com um teor alcoólico, em volume, inferior a 80 % vol; aguardentes, licores e outras bebidas espirituosas. - Outros";;;;;;;;
ncm:22089000|p0001|2026-09-16T00:44:23Z|28;ncm:22089000;22089000;1;28;2026-09-16T00:44:23Z;PILAR;SAQUE AZUMA KIRIN SECO ED LIM C/E;7896299101251;;;;;;;2014-04-24T11:07:34.000-03:00;2026-07-30T10:13:22.000-03:00;;;;0.0;0.0;1;COSMOS;https://cosmos.bluesoft.com.br/products/barcode/70A57B245D7A575E30559397427C73DE.png;;;;;22089000;Outros;"Bebidas, líquidos alcoólicos e vinagres - Álcool etílico não desnaturado, com um teor alcoólico, em volume, inferior a 80 % vol; aguardentes, licores e outras bebidas espirituosas. - Outros";;;;;;;;
ncm:22089000|p0001|2026-09-16T00:44:23Z|29;ncm:22089000;22089000;1;29;2026-09-16T00:44:23Z;PILAR;GEKKEIKAN SAKE SILVER|720|SAQUE;4901030188002;;;;;;;2014-04-24T11:07:34.000-03:00;2026-07-23T22:12:16.000-03:00;;;;0.0;0.0;1;COSMOS;https://cosmos.bluesoft.com.br/products/barcode/7761D16946AB1671EF4DE6482F9AF32E.png;;;;;22089000;Outros;"Bebidas, líquidos alcoólicos e vinagres - Álcool etílico não desnaturado, com um teor alcoólico, em volume, inferior a 80 % vol; aguardentes, licores e outras bebidas espirituosas. - Outros";;;;;;;;
ncm:22089000|p0001|2026-09-16T00:44:23Z|30;ncm:22089000;22089000;1;30;2026-09-16T00:44:23Z;PILAR;SHOCHU HAKKON BLACK;7898091238029;;0.0;0.0;0.0;;;2014-04-24T11:07:34.000-03:00;2026-08-02T02:01:58.000-03:00;;;;0.0;0.0;1;COSMOS;https://cosmos.bluesoft.com.br/products/barcode/16432CC10F3965D51428DA09AC054305.png;;;;;22089000;Outros;"Bebidas, líquidos alcoólicos e vinagres - Álcool etílico não desnaturado, com um teor alcoólico, em volume, inferior a 80 % vol; aguardentes, licores e outras bebidas espirituosas. - Outros";;;;;;;;
ncm:22029100|p0002|2026-09-16T00:44:24Z|01;ncm:22029100;22029100;2;1;2026-09-16T00:44:24Z;PILAR;4902494180069 - BIN RAMUNE SAKURA 200ML HATA KOSEN;4902494180069;;;;;;;2019-12-04T20:37:35.000-03:00;2025-01-12T23:02:22.000-03:00;;;;0.0;0.0;1;COSMOS;https://cosmos.bluesoft.com.br/products/barcode/BE328F5A9F185F8CAFF0E28BBFFFC68A.png;;;;;22029100;Cerveja sem álcool;Bebidas, líquidos alcoólicos e vinagres - Águas, incluindo as águas minerais e as águas gaseificadas, adicionadas de açúcar ou de outros edulcorantes ou aromatizadas e outras bebidas não alcoólicas, exceto sucos (sumos) de fruta ou de produtos hortícolas, da posição 20.09. - Cerveja sem álcool;;;;;;;;
ncm:22029100|p0002|2026-09-16T00:44:24Z|02;ncm:22029100;22029100;2;2;2026-09-16T00:44:24Z;PILAR;CERVEJA LAGER PURO MALTE ZERO ÁLCOOL HEINEKEN GARRAFA 330ML;7896045506040;https://cdn-cosmos.bluesoft.com.br/products/7896045506040;;;;;;2020-05-18T16:02:56.000-03:00;2026-09-07T22:14:37.000-03:00;;;;0.0;0.0;3;COSMOS;https://cosmos.bluesoft.com.br/products/barcode/766E2F51169495DD85D0BBCBF879961A.png;HEINEKEN;https://cdn-cosmos.bluesoft.com.br/brands/brand_heineken;;;22029100;Cerveja sem álcool;Bebidas, líquidos alcoólicos e vinagres - Águas, incluindo as águas minerais e as águas gaseificadas, adicionadas de açúcar ou de outros edulcorantes ou aromatizadas e outras bebidas não alcoólicas, exceto sucos (sumos) de fruta ou de produtos hortícolas, da posição 20.09. - Cerveja sem álcool;;141;Cervejas Tradicionais;203;;;;
ncm:22029100|p0002|2026-09-16T00:44:24Z|03;ncm:22029100;22029100;2;3;2026-09-16T00:44:24Z;PILAR;CERVEJA LAGER PURO MALTE ZERO ÁLCOOL HEINEKEN LATA 350ML;7896045506064;https://cdn-cosmos.bluesoft.com.br/products/7896045506064;;;;;;2020-06-18T12:33:46.000-03:00;2026-08-30T10:10:27.000-03:00;;;;0.0;0.0;2;COSMOS;https://cosmos.bluesoft.com.br/products/barcode/766E2F51169495DDC42E22927F7CD371.png;HEINEKEN;https://cdn-cosmos.bluesoft.com.br/brands/brand_heineken;;;22029100;Cerveja sem álcool;Bebidas, líquidos alcoólicos e vinagres - Águas, incluindo as águas minerais e as águas gaseificadas, adicionadas de açúcar ou de outros edulcorantes ou aromatizadas e outras bebidas não alcoólicas, exceto sucos (sumos) de fruta ou de produtos hortícolas, da posição 20.09. - Cerveja sem álcool;;141;Cervejas Tradicionais;203;;;;
ncm:22029100|p0002|2026-09-16T00:44:24Z|04;ncm:22029100;22029100;2;4;2026-09-16T00:44:24Z;PILAR;CERVEJA PILSENER ZERO ÁLCOOL JEVER FUN GARRAFA 330ML;4008948093012;https://cdn-cosmos.bluesoft.com.br/products/4008948093012;;;;;;2020-06-22T10:20:27.000-03:00;2026-07-23T21:35:35.000-03:00;;;;0.0;0.0;1;COSMOS;https://cosmos.bluesoft.com.br/products/barcode/5653A762E561FAD536A096D2132DE328.png;JEVER;/assets/brand-placeholder-7080174fbd24025783105a607811edad.png;;;22029100;Cerveja sem álcool;Bebidas, líquidos alcoólicos e vinagres - Águas, incluindo as águas minerais e as águas gaseificadas, adicionadas de açúcar ou de outros edulcorantes ou aromatizadas e outras bebidas não alcoólicas, exceto sucos (sumos) de fruta ou de produtos hortícolas, da posição 20.09. - Cerveja sem álcool;;141;Cervejas Tradicionais;203;;;;
ncm:22029100|p0002|2026-09-16T00:44:24Z|05;ncm:22029100;22029100;2;5;2026-09-16T00:44:24Z;PILAR;CERVEJA SAGRES 0.0% ALCOOL LN 330ML;5601146010103;https://cdn-cosmos.bluesoft.com.br/products/5601146010103;;;;;;2020-08-12T18:31:22.000-03:00;2025-05-05T13:29:18.000-03:00;;;;0.0;0.0;1;COSMOS;https://cosmos.bluesoft.com.br/products/barcode/95EBAEE435929B28EDE54374130916D8.png;;;;;22029100;Cerveja sem álcool;Bebidas, líquidos alcoólicos e vinagres - Águas, incluindo as águas minerais e as águas gaseificadas, adicionadas de açúcar ou de outros edulcorantes ou aromatizadas e outras bebidas não alcoólicas, exceto sucos (sumos) de fruta ou de produtos hortícolas, da posição 20.09. - Cerveja sem álcool;;;;;;;;
ncm:22029100|p0002|2026-09-16T00:44:24Z|06;ncm:22029100;22029100;2;6;2026-09-16T00:44:24Z;PILAR;CERVEJA BRAHMA 300ML GF CHOPP ZERO;7891149105632;;;;;;;2020-08-13T07:22:25.000-03:00;2026-09-13T00:02:57.000-03:00;;;;0.0;0.0;1;COSMOS;https://cosmos.bluesoft.com.br/products/barcode/860926DA84AB789B55FE54EBF8290610.png;;;;;22029100;Cerveja sem álcool;Bebidas, líquidos alcoólicos e vinagres - Águas, incluindo as águas minerais e as águas gaseificadas, adicionadas de açúcar ou de outros edulcorantes ou aromatizadas e outras bebidas não alcoólicas, exceto sucos (sumos) de fruta ou de produtos hortícolas, da posição 20.09. - Cerveja sem álcool;;;;;;;;
ncm:22029100|p0002|2026-09-16T00:44:24Z|07;ncm:22029100;22029100;2;7;2026-09-16T00:44:24Z;PILAR;CERVEJA COLONIA ZERO ALCOOL 600ML;78934061;;0.0;0.0;0.0;600;600;2020-08-13T13:52:52.000-03:00;2026-06-10T01:16:36.000-03:00;;;;0.0;0.0;1;COSMOS;https://cosmos.bluesoft.com.br/products/barcode/C1AD871B285752D5D924FFF6C0F5CEFA.png;;;;;22029100;Cerveja sem álcool;Bebidas, líquidos alcoólicos e vinagres - Águas, incluindo as águas minerais e as águas gaseificadas, adicionadas de açúcar ou de outros edulcorantes ou aromatizadas e outras bebidas não alcoólicas, exceto sucos (sumos) de fruta ou de produtos hortícolas, da posição 20.09. - Cerveja sem álcool;;;;;;;;
ncm:22029100|p0002|2026-09-16T00:44:24Z|08;ncm:22029100;22029100;2;8;2026-09-16T00:44:24Z;PILAR;CERVEJA PILSEN PURO MALTE ZERO ÁLCOOL PLIER ZERO LATA 473ML;7896410503773;https://cdn-cosmos.bluesoft.com.br/products/7896410503773;;;;;;2020-08-14T09:13:54.000-03:00;2026-05-30T00:14:05.000-03:00;;;;0.0;0.0;1;COSMOS;https://cosmos.bluesoft.com.br/products/barcode/B993A75CD1DB874DF8BFB5B5B8529F66.png;;;;;22029100;Cerveja sem álcool;Bebidas, líquidos alcoólicos e vinagres - Águas, incluindo as águas minerais e as águas gaseificadas, adicionadas de açúcar ou de outros edulcorantes ou aromatizadas e outras bebidas não alcoólicas, exceto sucos (sumos) de fruta ou de produtos hortícolas, da posição 20.09. - Cerveja sem álcool;;141;Cervejas Tradicionais;203;;;;
ncm:22029100|p0002|2026-09-16T00:44:24Z|09;ncm:22029100;22029100;2;9;2026-09-16T00:44:24Z;PILAR;CERVEJA MALZBIER PURO MALTE ZERO ÁLCOOL PLIER ZERO LATA 473ML;7896410503780;https://cdn-cosmos.bluesoft.com.br/products/7896410503780;;;;;;2020-08-14T11:00:31.000-03:00;2026-05-30T00:14:09.000-03:00;;;;0.0;0.0;1;COSMOS;https://cosmos.bluesoft.com.br/products/barcode/B993A75CD1DB874D34BD650B4897A205.png;;;;;22029100;Cerveja sem álcool;Bebidas, líquidos alcoólicos e vinagres - Águas, incluindo as águas minerais e as águas gaseificadas, adicionadas de açúcar ou de outros edulcorantes ou aromatizadas e outras bebidas não alcoólicas, exceto sucos (sumos) de fruta ou de produtos hortícolas, da posição 20.09. - Cerveja sem álcool;;141;Cervejas Tradicionais;203;;;;
ncm:22029100|p0002|2026-09-16T00:44:24Z|10;ncm:22029100;22029100;2;10;2026-09-16T00:44:24Z;PILAR;CERVEJA MALTA S/ALCOOL 12X350ML;7896760400654;;;;;;;2020-08-14T11:13:08.000-03:00;2026-01-14T12:41:13.000-03:00;;;;0.0;0.0;1;COSMOS;https://cosmos.bluesoft.com.br/products/barcode/46466B32B40F7385C21E7BE1EB004E64.png;;;;;22029100;Cerveja sem álcool;Bebidas, líquidos alcoólicos e vinagres - Águas, incluindo as águas minerais e as águas gaseificadas, adicionadas de açúcar ou de outros edulcorantes ou aromatizadas e outras bebidas não alcoólicas, exceto sucos (sumos) de fruta ou de produtos hortícolas, da posição 20.09. - Cerveja sem álcool;;;;;;;;
ncm:22029100|p0002|2026-09-16T00:44:24Z|11;ncm:22029100;22029100;2;11;2026-09-16T00:44:24Z;PILAR;CERVEJA MALTA 473ML LT MALZBIER S/ALCOOL;7896760400623;;;;;;;2020-08-14T13:55:47.000-03:00;2026-09-10T09:25:39.000-03:00;;;;0.0;0.0;1;COSMOS;https://cosmos.bluesoft.com.br/products/barcode/46466B32B40F73859B384B9C2789EAF1.png;;;;;22029100;Cerveja sem álcool;Bebidas, líquidos alcoólicos e vinagres - Águas, incluindo as águas minerais e as águas gaseificadas, adicionadas de açúcar ou de outros edulcorantes ou aromatizadas e outras bebidas não alcoólicas, exceto sucos (sumos) de fruta ou de produtos hortícolas, da posição 20.09. - Cerveja sem álcool;;;;;;;;
ncm:22029100|p0002|2026-09-16T00:44:24Z|12;ncm:22029100;22029100;2;12;2026-09-16T00:44:24Z;PILAR;COLONIA MALZ S ALCO;7898032918157;https://cdn-cosmos.bluesoft.com.br/products/7898032918157;;;;;;2020-08-14T16:28:51.000-03:00;2026-08-28T12:38:46.000-03:00;;;;0.0;0.0;1;COSMOS;https://cosmos.bluesoft.com.br/products/barcode/44B7108C794BB3D24A0BD595BF516CEB.png;;;;;22029100;Cerveja sem álcool;Bebidas, líquidos alcoólicos e vinagres - Águas, incluindo as águas minerais e as águas gaseificadas, adicionadas de açúcar ou de outros edulcorantes ou aromatizadas e outras bebidas não alcoólicas, exceto sucos (sumos) de fruta ou de produtos hortícolas, da posição 20.09. - Cerveja sem álcool;;;;;;;;
ncm:22029100|p0002|2026-09-16T00:44:24Z|13;ncm:22029100;22029100;2;13;2026-09-16T00:44:24Z;PILAR;CERVEJA BRAHMA ZERO LT 350ML;7891149109616;;;;;;;2020-10-14T05:30:04.000-03:00;2026-04-07T15:58:29.000-03:00;;;;0.0;0.0;1;COSMOS;https://cosmos.bluesoft.com.br/products/barcode/860926DA84AB789BB63886A5C9B4F395.png;;;;;22029100;Cerveja sem álcool;Bebidas, líquidos alcoólicos e vinagres - Águas, incluindo as águas minerais e as águas gaseificadas, adicionadas de açúcar ou de outros edulcorantes ou aromatizadas e outras bebidas não alcoólicas, exceto sucos (sumos) de fruta ou de produtos hortícolas, da posição 20.09. - Cerveja sem álcool;;;;;;;;
ncm:22029100|p0002|2026-09-16T00:44:24Z|14;ncm:22029100;22029100;2;14;2026-09-16T00:44:24Z;PILAR;CERVEJA LAGER PURO MALTE ZERO ÁLCOOL HEINEKEN LATA 250ML;7896045506279;https://cdn-cosmos.bluesoft.com.br/products/7896045506279;;;;;;2020-10-23T15:39:31.000-03:00;2026-07-30T04:51:58.000-03:00;;;;0.0;0.0;1;COSMOS;https://cosmos.bluesoft.com.br/products/barcode/766E2F51169495DDE504A0DB4D113DB4.png;;;;;22029100;Cerveja sem álcool;Bebidas, líquidos alcoólicos e vinagres - Águas, incluindo as águas minerais e as águas gaseificadas, adicionadas de açúcar ou de outros edulcorantes ou aromatizadas e outras bebidas não alcoólicas, exceto sucos (sumos) de fruta ou de produtos hortícolas, da posição 20.09. - Cerveja sem álcool;;141;Cervejas Tradicionais;203;;;;
ncm:22029100|p0002|2026-09-16T00:44:24Z|15;ncm:22029100;22029100;2;15;2026-09-16T00:44:24Z;PILAR;CERVEJA MALZBIER PURO MALTE ZERO ÁLCOOL PLIER LATA 350ML;7896410503223;https://cdn-cosmos.bluesoft.com.br/products/7896410503223;;;;;;2020-11-19T12:29:35.000-03:00;2026-07-30T11:38:48.000-03:00;;;;0.0;0.0;1;COSMOS;https://cosmos.bluesoft.com.br/products/barcode/B993A75CD1DB874D2D209E6E8FE3DB34.png;;;;;22029100;Cerveja sem álcool;Bebidas, líquidos alcoólicos e vinagres - Águas, incluindo as águas minerais e as águas gaseificadas, adicionadas de açúcar ou de outros edulcorantes ou aromatizadas e outras bebidas não alcoólicas, exceto sucos (sumos) de fruta ou de produtos hortícolas, da posição 20.09. - Cerveja sem álcool;;141;Cervejas Tradicionais;203;;;;
ncm:22029100|p0002|2026-09-16T00:44:24Z|16;ncm:22029100;22029100;2;16;2026-09-16T00:44:24Z;PILAR;CERVEJA PILSEN PURO MALTE ZERO ÁLCOOL PLIER LATA 350ML;7896410503827;https://cdn-cosmos.bluesoft.com.br/products/7896410503827;;;;;;2020-11-22T12:44:48.000-03:00;2026-07-30T11:38:49.000-03:00;;;;0.0;0.0;1;COSMOS;https://cosmos.bluesoft.com.br/products/barcode/B993A75CD1DB874D46EE65535545E9EA.png;;;;;22029100;Cerveja sem álcool;Bebidas, líquidos alcoólicos e vinagres - Águas, incluindo as águas minerais e as águas gaseificadas, adicionadas de açúcar ou de outros edulcorantes ou aromatizadas e outras bebidas não alcoólicas, exceto sucos (sumos) de fruta ou de produtos hortícolas, da posição 20.09. - Cerveja sem álcool;;141;Cervejas Tradicionais;203;;;;
ncm:22029100|p0002|2026-09-16T00:44:24Z|17;ncm:22029100;22029100;2;17;2026-09-16T00:44:24Z;PILAR;CERVEJA PILSEN PURO MALTE ZERO ÁLCOOL PLIER GARRAFA 335ML;7896410501816;https://cdn-cosmos.bluesoft.com.br/products/7896410501816;;;;;;2020-11-22T13:19:29.000-03:00;2026-07-30T11:38:48.000-03:00;;;;0.0;0.0;1;COSMOS;https://cosmos.bluesoft.com.br/products/barcode/B993A75CD1DB874D5D77D85F719D7BEB.png;;;;;22029100;Cerveja sem álcool;Bebidas, líquidos alcoólicos e vinagres - Águas, incluindo as águas minerais e as águas gaseificadas, adicionadas de açúcar ou de outros edulcorantes ou aromatizadas e outras bebidas não alcoólicas, exceto sucos (sumos) de fruta ou de produtos hortícolas, da posição 20.09. - Cerveja sem álcool;;141;Cervejas Tradicionais;203;;;;
ncm:22029100|p0002|2026-09-16T00:44:24Z|18;ncm:22029100;22029100;2;18;2026-09-16T00:44:24Z;PILAR;CERVEJA MALZBIER PURO MALTE ZERO ÁLCOOL PLIER GARRAFA 335ML;7896410503322;https://cdn-cosmos.bluesoft.com.br/products/7896410503322;;;;;;2020-11-22T13:19:30.000-03:00;2026-07-30T11:38:48.000-03:00;;;;0.0;0.0;1;COSMOS;https://cosmos.bluesoft.com.br/products/barcode/B993A75CD1DB874D2D3FC3879F4DD5BF.png;;;;;22029100;Cerveja sem álcool;Bebidas, líquidos alcoólicos e vinagres - Águas, incluindo as águas minerais e as águas gaseificadas, adicionadas de açúcar ou de outros edulcorantes ou aromatizadas e outras bebidas não alcoólicas, exceto sucos (sumos) de fruta ou de produtos hortícolas, da posição 20.09. - Cerveja sem álcool;;141;Cervejas Tradicionais;203;;;;
ncm:22029100|p0002|2026-09-16T00:44:24Z|19;ncm:22029100;22029100;2;19;2026-09-16T00:44:24Z;PILAR;CERV GOLDEN PURO MALTE GF 600ML;7896760401255;;;;;;;2020-12-31T04:29:42.000-03:00;2025-09-03T23:38:20.000-03:00;;;;0.0;0.0;1;COSMOS;https://cosmos.bluesoft.com.br/products/barcode/46466B32B40F73850174AB034D7D8F22.png;;;;;22029100;Cerveja sem álcool;Bebidas, líquidos alcoólicos e vinagres - Águas, incluindo as águas minerais e as águas gaseificadas, adicionadas de açúcar ou de outros edulcorantes ou aromatizadas e outras bebidas não alcoólicas, exceto sucos (sumos) de fruta ou de produtos hortícolas, da posição 20.09. - Cerveja sem álcool;;;;;;;;
ncm:22029100|p0002|2026-09-16T00:44:24Z|20;ncm:22029100;22029100;2;20;2026-09-16T00:44:24Z;PILAR;CERVEJA TOSTADA ZERO ÁLCOOL ESTRELLA GALICIA GARRAFA 250ML;8412598005473;https://cdn-cosmos.bluesoft.com.br/products/8412598005473;;;;;;2021-04-11T09:42:31.000-03:00;2026-08-08T02:00:58.000-03:00;;;;0.0;0.0;2;COSMOS;https://cosmos.bluesoft.com.br/products/barcode/3F9D5126177067547B545FA368BEE1F0.png;;;;;22029100;Cerveja sem álcool;Bebidas, líquidos alcoólicos e vinagres - Águas, incluindo as águas minerais e as águas gaseificadas, adicionadas de açúcar ou de outros edulcorantes ou aromatizadas e outras bebidas não alcoólicas, exceto sucos (sumos) de fruta ou de produtos hortícolas, da posição 20.09. - Cerveja sem álcool;;141;Cervejas Tradicionais;203;;;;
ncm:22029100|p0002|2026-09-16T00:44:24Z|21;ncm:22029100;22029100;2;21;2026-09-16T00:44:24Z;PILAR;CERVEJA BLACK PURO MALTE ZERO ÁLCOOL ESTRELLA GALICIA GARRAFA 250ML;8412598005398;https://cdn-cosmos.bluesoft.com.br/products/8412598005398;;;;;;2021-04-11T09:42:31.000-03:00;2026-08-05T04:27:18.000-03:00;;;;0.0;0.0;2;COSMOS;https://cosmos.bluesoft.com.br/products/barcode/3F9D51261770675458A528869BBCD2A1.png;;;;;22029100;Cerveja sem álcool;Bebidas, líquidos alcoólicos e vinagres - Águas, incluindo as águas minerais e as águas gaseificadas, adicionadas de açúcar ou de outros edulcorantes ou aromatizadas e outras bebidas não alcoólicas, exceto sucos (sumos) de fruta ou de produtos hortícolas, da posição 20.09. - Cerveja sem álcool;;141;Cervejas Tradicionais;203;;;;
ncm:22029100|p0002|2026-09-16T00:44:24Z|22;ncm:22029100;22029100;2;22;2026-09-16T00:44:24Z;PILAR;EST GALICIA 0,0% TOSTADA LN 250ML;8412598005756;;;;;;;2021-12-17T15:03:46.000-03:00;2024-01-24T03:05:04.000-03:00;;;;0.0;0.0;1;COSMOS;https://cosmos.bluesoft.com.br/products/barcode/3F9D512617706754782C3CF439881305.png;;;;;22029100;Cerveja sem álcool;Bebidas, líquidos alcoólicos e vinagres - Águas, incluindo as águas minerais e as águas gaseificadas, adicionadas de açúcar ou de outros edulcorantes ou aromatizadas e outras bebidas não alcoólicas, exceto sucos (sumos) de fruta ou de produtos hortícolas, da posição 20.09. - Cerveja sem álcool;;;;;;;;
ncm:22029100|p0002|2026-09-16T00:44:24Z|23;ncm:22029100;22029100;2;23;2026-09-16T00:44:24Z;PILAR;ST GALICIA 0,0% BLACK LN 250ML;8412598005732;;;;;;;2021-12-17T15:04:55.000-03:00;2024-01-24T03:05:10.000-03:00;;;;0.0;0.0;1;COSMOS;https://cosmos.bluesoft.com.br/products/barcode/3F9D512617706754FD361302CF47A298.png;;;;;22029100;Cerveja sem álcool;Bebidas, líquidos alcoólicos e vinagres - Águas, incluindo as águas minerais e as águas gaseificadas, adicionadas de açúcar ou de outros edulcorantes ou aromatizadas e outras bebidas não alcoólicas, exceto sucos (sumos) de fruta ou de produtos hortícolas, da posição 20.09. - Cerveja sem álcool;;;;;;;;
ncm:22029100|p0002|2026-09-16T00:44:24Z|24;ncm:22029100;22029100;2;24;2026-09-16T00:44:24Z;PILAR;CERVEJA ZERO ÁLCOOL BUDWEISER LATA 350ML;7891991298407;https://cdn-cosmos.bluesoft.com.br/products/7891991298407;;;;;;2022-01-19T12:42:43.000-03:00;2026-09-15T16:18:44.000-03:00;;;;0.0;0.0;2;COSMOS;https://cosmos.bluesoft.com.br/products/barcode/5B1C0E92A31D1404128180BEDC4725E8.png;BUDWEISER;https://cdn-cosmos.bluesoft.com.br/brands/brand_budweiser;;;22029100;Cerveja sem álcool;Bebidas, líquidos alcoólicos e vinagres - Águas, incluindo as águas minerais e as águas gaseificadas, adicionadas de açúcar ou de outros edulcorantes ou aromatizadas e outras bebidas não alcoólicas, exceto sucos (sumos) de fruta ou de produtos hortícolas, da posição 20.09. - Cerveja sem álcool;;141;Cervejas Tradicionais;203;;;;
ncm:22029100|p0002|2026-09-16T00:44:24Z|25;ncm:22029100;22029100;2;25;2026-09-16T00:44:24Z;PILAR;CERV CAMP IPA ZERO LN 355ML;609963044146;;;;;;;2022-04-06T23:26:59.000-03:00;2026-07-21T09:00:54.000-03:00;;;;0.0;0.0;2;COSMOS;https://cosmos.bluesoft.com.br/products/barcode/1DF2D1A8F2F49642BC6E280736942990.png;;;;;22029100;Cerveja sem álcool;Bebidas, líquidos alcoólicos e vinagres - Águas, incluindo as águas minerais e as águas gaseificadas, adicionadas de açúcar ou de outros edulcorantes ou aromatizadas e outras bebidas não alcoólicas, exceto sucos (sumos) de fruta ou de produtos hortícolas, da posição 20.09. - Cerveja sem álcool;;;;;;;;
ncm:22029100|p0002|2026-09-16T00:44:24Z|26;ncm:22029100;22029100;2;26;2026-09-16T00:44:24Z;PILAR;CERVEJA PILSEN ZERO ÁLCOOL ITAIPAVA GARRAFA 330ML;7897395000882;https://cdn-cosmos.bluesoft.com.br/products/7897395000882;;;;;;2022-04-20T15:52:20.000-03:00;2026-08-17T20:47:16.000-03:00;;;;0.0;0.0;2;COSMOS;https://cosmos.bluesoft.com.br/products/barcode/07851663351B54ADCCA905CFAF63EBCD.png;;;;;22029100;Cerveja sem álcool;Bebidas, líquidos alcoólicos e vinagres - Águas, incluindo as águas minerais e as águas gaseificadas, adicionadas de açúcar ou de outros edulcorantes ou aromatizadas e outras bebidas não alcoólicas, exceto sucos (sumos) de fruta ou de produtos hortícolas, da posição 20.09. - Cerveja sem álcool;;141;Cervejas Tradicionais;203;;;;
ncm:22029100|p0002|2026-09-16T00:44:24Z|27;ncm:22029100;22029100;2;27;2026-09-16T00:44:24Z;PILAR;CERVEJA ZERO ÁLCOOL BUDWEISER GARRAFA 330ML;7891991298445;https://cdn-cosmos.bluesoft.com.br/products/7891991298445;;;;;;2022-05-19T08:56:25.000-03:00;2026-08-25T23:46:59.000-03:00;;;;0.0;0.0;3;COSMOS;https://cosmos.bluesoft.com.br/products/barcode/5B1C0E92A31D14044D5B587770F1EF09.png;;;;;22029100;Cerveja sem álcool;Bebidas, líquidos alcoólicos e vinagres - Águas, incluindo as águas minerais e as águas gaseificadas, adicionadas de açúcar ou de outros edulcorantes ou aromatizadas e outras bebidas não alcoólicas, exceto sucos (sumos) de fruta ou de produtos hortícolas, da posição 20.09. - Cerveja sem álcool;;141;Cervejas Tradicionais;203;;;;
ncm:22029100|p0002|2026-09-16T00:44:24Z|28;ncm:22029100;22029100;2;28;2026-09-16T00:44:24Z;PILAR;PUSH MATCHA 270ML;618341076792;;;;;;;2022-07-07T15:20:26.000-03:00;2022-07-07T15:20:26.000-03:00;;;;0.0;0.0;1;COSMOS;https://cosmos.bluesoft.com.br/products/barcode/04AA84DB3E2B089C62B8255E0A5AC446.png;;;;;22029100;Cerveja sem álcool;Bebidas, líquidos alcoólicos e vinagres - Águas, incluindo as águas minerais e as águas gaseificadas, adicionadas de açúcar ou de outros edulcorantes ou aromatizadas e outras bebidas não alcoólicas, exceto sucos (sumos) de fruta ou de produtos hortícolas, da posição 20.09. - Cerveja sem álcool;;;;;;;;
ncm:22029100|p0002|2026-09-16T00:44:24Z|29;ncm:22029100;22029100;2;29;2026-09-16T00:44:24Z;PILAR;CERVEJA LAGER PURO MALTE ZERO ÁLCOOL HEINEKEN LATA 269ML;7896045506859;https://cdn-cosmos.bluesoft.com.br/products/7896045506859;;;;;;2022-09-23T01:09:27.000-03:00;2026-09-12T07:41:45.000-03:00;;;;0.0;0.0;2;COSMOS;https://cosmos.bluesoft.com.br/products/barcode/766E2F51169495DD0FB756980409B77B.png;HEINEKEN;https://cdn-cosmos.bluesoft.com.br/brands/brand_heineken;;;22029100;Cerveja sem álcool;Bebidas, líquidos alcoólicos e vinagres - Águas, incluindo as águas minerais e as águas gaseificadas, adicionadas de açúcar ou de outros edulcorantes ou aromatizadas e outras bebidas não alcoólicas, exceto sucos (sumos) de fruta ou de produtos hortícolas, da posição 20.09. - Cerveja sem álcool;;141;Cervejas Tradicionais;203;;;;
ncm:22029100|p0002|2026-09-16T00:44:24Z|30;ncm:22029100;22029100;2;30;2026-09-16T00:44:24Z;PILAR;POW MATCHA BY PUSH - O GREEN ENERGY;7898996122508;https://cdn-cosmos.bluesoft.com.br/products/7898996122508;;;;;;2022-10-18T00:00:48.000-03:00;2026-04-23T20:02:03.000-03:00;;;;0.0;0.0;1;COSMOS;https://cosmos.bluesoft.com.br/products/barcode/CF435BCF1D6D805887C3EE9DD158C30A.png;PUSH MATCHA;/assets/brand-placeholder-7080174fbd24025783105a607811edad.png;;;22029100;Cerveja sem álcool;Bebidas, líquidos alcoólicos e vinagres - Águas, incluindo as águas minerais e as águas gaseificadas, adicionadas de açúcar ou de outros edulcorantes ou aromatizadas e outras bebidas não alcoólicas, exceto sucos (sumos) de fruta ou de produtos hortícolas, da posição 20.09. - Cerveja sem álcool;;;;;;;;
ncm:22029100|p0003|2026-09-16T00:44:24Z|01;ncm:22029100;22029100;3;1;2026-09-16T00:44:24Z;PILAR;CERVEJA CERO SUNBREW ZERO ÁLCOOL CORONA GARRAFA 330ML;7891991304184;https://cdn-cosmos.bluesoft.com.br/products/7891991304184;;;;;;2023-02-20T00:33:17.000-03:00;2026-09-15T05:30:10.000-03:00;;;;0.0;0.0;2;COSMOS;https://cosmos.bluesoft.com.br/products/barcode/0380311FDD99C28A487E006361982B90.png;CORONA EXTRA;/assets/brand-placeholder-7080174fbd24025783105a607811edad.png;;;22029100;Cerveja sem álcool;Bebidas, líquidos alcoólicos e vinagres - Águas, incluindo as águas minerais e as águas gaseificadas, adicionadas de açúcar ou de outros edulcorantes ou aromatizadas e outras bebidas não alcoólicas, exceto sucos (sumos) de fruta ou de produtos hortícolas, da posição 20.09. - Cerveja sem álcool;;141;Cervejas Tradicionais;203;;;;
ncm:22029100|p0003|2026-09-16T00:44:24Z|02;ncm:22029100;22029100;3;2;2026-09-16T00:44:24Z;PILAR;CERVEJA LAGER ZERO ÁLCOOL HEINEKEN LATA 350ML;7896045506910;https://cdn-cosmos.bluesoft.com.br/products/7896045506910;;;;;;2023-06-01T09:35:10.000-03:00;2026-09-15T16:18:27.000-03:00;;;;0.0;0.0;2;COSMOS;https://cosmos.bluesoft.com.br/products/barcode/766E2F51169495DD2EBFA76DD201F8B8.png;HEINEKEN;https://cdn-cosmos.bluesoft.com.br/brands/brand_heineken;;;22029100;Cerveja sem álcool;Bebidas, líquidos alcoólicos e vinagres - Águas, incluindo as águas minerais e as águas gaseificadas, adicionadas de açúcar ou de outros edulcorantes ou aromatizadas e outras bebidas não alcoólicas, exceto sucos (sumos) de fruta ou de produtos hortícolas, da posição 20.09. - Cerveja sem álcool;;141;Cervejas Tradicionais;203;;;;
ncm:22029100|p0003|2026-09-16T00:44:24Z|03;ncm:22029100;22029100;3;3;2026-09-16T00:44:24Z;PILAR;CERVEJA HEINEKEN 0,0% ALCOOL LT 350ML DATA;60008923;;;;;;;2023-06-21T15:51:19.000-03:00;2025-11-15T12:27:39.000-03:00;;;;0.0;0.0;1;COSMOS;https://cosmos.bluesoft.com.br/products/barcode/6C04B9C629CED61ED7503659992F2029.png;;;;;22029100;Cerveja sem álcool;Bebidas, líquidos alcoólicos e vinagres - Águas, incluindo as águas minerais e as águas gaseificadas, adicionadas de açúcar ou de outros edulcorantes ou aromatizadas e outras bebidas não alcoólicas, exceto sucos (sumos) de fruta ou de produtos hortícolas, da posição 20.09. - Cerveja sem álcool;;;;;;;;
ncm:22029100|p0003|2026-09-16T00:44:24Z|04;ncm:22029100;22029100;3;4;2026-09-16T00:44:24Z;PILAR;CERV HEINEKEN;7896045506927;;;;;;;2023-07-15T17:30:02.000-03:00;2026-08-30T10:09:59.000-03:00;;;;0.0;0.0;0;COSMOS;https://cosmos.bluesoft.com.br/products/barcode/766E2F51169495DDABBD8D7BD4FC63A6.png;;;;;22029100;Cerveja sem álcool;Bebidas, líquidos alcoólicos e vinagres - Águas, incluindo as águas minerais e as águas gaseificadas, adicionadas de açúcar ou de outros edulcorantes ou aromatizadas e outras bebidas não alcoólicas, exceto sucos (sumos) de fruta ou de produtos hortícolas, da posição 20.09. - Cerveja sem álcool;;;;;;;;
ncm:22029100|p0003|2026-09-16T00:44:24Z|05;ncm:22029100;22029100;3;5;2026-09-16T00:44:24Z;PILAR;CERVEJA CORONA ZERO LN 330ML;7891991304191;https://cdn-cosmos.bluesoft.com.br/products/7891991304191;;;;;;2023-08-13T14:10:48.000-03:00;2026-09-14T10:35:24.000-03:00;;;;0.0;0.0;1;COSMOS;https://cosmos.bluesoft.com.br/products/barcode/0380311FDD99C28A70E47D0B1D207487.png;;;;;22029100;Cerveja sem álcool;Bebidas, líquidos alcoólicos e vinagres - Águas, incluindo as águas minerais e as águas gaseificadas, adicionadas de açúcar ou de outros edulcorantes ou aromatizadas e outras bebidas não alcoólicas, exceto sucos (sumos) de fruta ou de produtos hortícolas, da posição 20.09. - Cerveja sem álcool;;204;Cervejas Especiais;203;;;;
ncm:22029100|p0003|2026-09-16T00:44:24Z|06;ncm:22029100;22029100;3;6;2026-09-16T00:44:24Z;PILAR;CHOPP DALLA PILSEN PET S/ALCOOL 1,5L;7908784000014;;0.0;0.0;0.0;;;2024-02-11T19:36:02.000-03:00;2025-10-15T11:14:27.000-03:00;;;;0.0;0.0;1;COSMOS;https://cosmos.bluesoft.com.br/products/barcode/9EC487E63B1A2A4767781AA684E9CDC3.png;;;;;22029100;Cerveja sem álcool;Bebidas, líquidos alcoólicos e vinagres - Águas, incluindo as águas minerais e as águas gaseificadas, adicionadas de açúcar ou de outros edulcorantes ou aromatizadas e outras bebidas não alcoólicas, exceto sucos (sumos) de fruta ou de produtos hortícolas, da posição 20.09. - Cerveja sem álcool;;;;;;;;
ncm:22029100|p0003|2026-09-16T00:44:24Z|07;ncm:22029100;22029100;3;7;2026-09-16T00:44:24Z;PILAR;CERVEJA PILSEN ZERO ÁLCOOL SOL GARRAFA 330ML;7896045507368;https://cdn-cosmos.bluesoft.com.br/products/7896045507368;;;;;;2024-06-26T01:07:44.000-03:00;2026-09-14T08:02:07.000-03:00;;;;0.0;0.0;1;COSMOS;https://cosmos.bluesoft.com.br/products/barcode/766E2F51169495DD80C12425F31C2CE2.png;;;;;22029100;Cerveja sem álcool;Bebidas, líquidos alcoólicos e vinagres - Águas, incluindo as águas minerais e as águas gaseificadas, adicionadas de açúcar ou de outros edulcorantes ou aromatizadas e outras bebidas não alcoólicas, exceto sucos (sumos) de fruta ou de produtos hortícolas, da posição 20.09. - Cerveja sem álcool;;204;Cervejas Especiais;203;;;;
ncm:22029100|p0003|2026-09-16T00:44:24Z|08;ncm:22029100;22029100;3;8;2026-09-16T00:44:24Z;PILAR;CERVEJA PLIER ZERO RADLER LEMON - 473 ML - LATA;7896410504572;;;;;;;2024-07-06T16:27:42.000-03:00;2026-05-30T00:14:44.000-03:00;;;;0.0;0.0;1;COSMOS;https://cosmos.bluesoft.com.br/products/barcode/B993A75CD1DB874D568A7A9A2E1D2E6E.png;;;;;22029100;Cerveja sem álcool;Bebidas, líquidos alcoólicos e vinagres - Águas, incluindo as águas minerais e as águas gaseificadas, adicionadas de açúcar ou de outros edulcorantes ou aromatizadas e outras bebidas não alcoólicas, exceto sucos (sumos) de fruta ou de produtos hortícolas, da posição 20.09. - Cerveja sem álcool;;;;;;;;
ncm:22029100|p0003|2026-09-16T00:44:24Z|09;ncm:22029100;22029100;3;9;2026-09-16T00:44:24Z;PILAR;SOL PREMIUM 0,0 LN 330ML 6UN CART;7896045507375;https://cdn-cosmos.bluesoft.com.br/products/7896045507375;;;;;;2024-10-07T18:21:13.000-03:00;2026-08-22T15:10:38.000-03:00;;;;0.0;0.0;1;COSMOS;https://cosmos.bluesoft.com.br/products/barcode/766E2F51169495DDFF0DFA7D637670E9.png;;;;;22029100;Cerveja sem álcool;Bebidas, líquidos alcoólicos e vinagres - Águas, incluindo as águas minerais e as águas gaseificadas, adicionadas de açúcar ou de outros edulcorantes ou aromatizadas e outras bebidas não alcoólicas, exceto sucos (sumos) de fruta ou de produtos hortícolas, da posição 20.09. - Cerveja sem álcool;;203;Cervejas;140;;;;
ncm:22029100|p0003|2026-09-16T00:44:24Z|10;ncm:22029100;22029100;3;10;2026-09-16T00:44:24Z;PILAR;CV CORONA 0.0 330ML;7891991305679;;;;;;;2025-01-09T21:47:23.000-03:00;2026-09-13T00:01:25.000-03:00;;;;0.0;0.0;1;COSMOS;https://cosmos.bluesoft.com.br/products/barcode/0380311FDD99C28A7EFF569DB81934C9.png;;;;;22029100;Cerveja sem álcool;Bebidas, líquidos alcoólicos e vinagres - Águas, incluindo as águas minerais e as águas gaseificadas, adicionadas de açúcar ou de outros edulcorantes ou aromatizadas e outras bebidas não alcoólicas, exceto sucos (sumos) de fruta ou de produtos hortícolas, da posição 20.09. - Cerveja sem álcool;;;;;;;;
ncm:22029100|p0003|2026-09-16T00:44:24Z|11;ncm:22029100;22029100;3;11;2026-09-16T00:44:24Z;PILAR;CERVEJA CERO SUNBREW ZERO ÁLCOOL CORONA LATA 350ML;7891991307505;https://cdn-cosmos.bluesoft.com.br/products/7891991307505;;;;;;2025-01-16T01:01:51.000-03:00;2026-09-15T05:30:12.000-03:00;;;;0.0;0.0;1;COSMOS;https://cosmos.bluesoft.com.br/products/barcode/0380311FDD99C28A4686CC93D3CE566A.png;;;;;22029100;Cerveja sem álcool;Bebidas, líquidos alcoólicos e vinagres - Águas, incluindo as águas minerais e as águas gaseificadas, adicionadas de açúcar ou de outros edulcorantes ou aromatizadas e outras bebidas não alcoólicas, exceto sucos (sumos) de fruta ou de produtos hortícolas, da posição 20.09. - Cerveja sem álcool;;204;Cervejas Especiais;203;;;;
ncm:22029100|p0003|2026-09-16T00:44:24Z|12;ncm:22029100;22029100;3;12;2026-09-16T00:44:24Z;PILAR;CORONA CERO SUNBREW N LT SLEEK 350ML C 8 CX CARTAO;7891991307512;https://cdn-cosmos.bluesoft.com.br/products/7891991307512;;;;;;2025-02-15T07:30:46.000-03:00;2026-09-06T16:44:01.000-03:00;;;;0.0;0.0;1;COSMOS;https://cosmos.bluesoft.com.br/products/barcode/0380311FDD99C28A1BE919C0F1F7ECB2.png;CORONA EXTRA;/assets/brand-placeholder-7080174fbd24025783105a607811edad.png;;;22029100;Cerveja sem álcool;Bebidas, líquidos alcoólicos e vinagres - Águas, incluindo as águas minerais e as águas gaseificadas, adicionadas de açúcar ou de outros edulcorantes ou aromatizadas e outras bebidas não alcoólicas, exceto sucos (sumos) de fruta ou de produtos hortícolas, da posição 20.09. - Cerveja sem álcool;;141;Cervejas Tradicionais;203;;;;
ncm:22029100|p0003|2026-09-16T00:44:24Z|13;ncm:22029100;22029100;3;13;2026-09-16T00:44:24Z;PILAR;CERV.SOL 0,0% ALC.L.NECK 330ML;78960455807368;;;;;;;2025-02-17T16:47:44.000-03:00;2025-09-09T01:21:11.000-03:00;;;;0.0;0.0;2;COSMOS;https://cosmos.bluesoft.com.br/products/barcode/766E2F51169495DD3C795F2B2B8AA260.png;;;;;22029100;Cerveja sem álcool;Bebidas, líquidos alcoólicos e vinagres - Águas, incluindo as águas minerais e as águas gaseificadas, adicionadas de açúcar ou de outros edulcorantes ou aromatizadas e outras bebidas não alcoólicas, exceto sucos (sumos) de fruta ou de produtos hortícolas, da posição 20.09. - Cerveja sem álcool;;;;;;;;
ncm:22029100|p0003|2026-09-16T00:44:24Z|14;ncm:22029100;22029100;3;14;2026-09-16T00:44:24Z;PILAR;CERVEJA TOSTADA ZERO ÁLCOOL ESTRELLA GALICIA GARRAFA 330ML;8412598009372;https://cdn-cosmos.bluesoft.com.br/products/8412598009372;;;;;;2025-02-22T01:02:11.000-03:00;2026-09-04T16:31:32.000-03:00;;;;0.0;0.0;1;COSMOS;https://cosmos.bluesoft.com.br/products/barcode/3F9D51261770675414574F3F16810844.png;;;;;22029100;Cerveja sem álcool;Bebidas, líquidos alcoólicos e vinagres - Águas, incluindo as águas minerais e as águas gaseificadas, adicionadas de açúcar ou de outros edulcorantes ou aromatizadas e outras bebidas não alcoólicas, exceto sucos (sumos) de fruta ou de produtos hortícolas, da posição 20.09. - Cerveja sem álcool;;208;Cerveja sem Alcóol;65;;;;
ncm:22029100|p0003|2026-09-16T00:44:24Z|15;ncm:22029100;22029100;3;15;2026-09-16T00:44:24Z;PILAR;CERVEJA COLOMBINA 355ML SESSION IPA S/ALCOOL;7898709700443;;;;;;;2025-04-04T11:01:32.000-03:00;2026-04-19T09:54:41.000-03:00;;;;0.0;0.0;1;COSMOS;https://cosmos.bluesoft.com.br/products/barcode/22BBA6938B8E4D3EB2C12B7F4808120F.png;;;;;22029100;Cerveja sem álcool;Bebidas, líquidos alcoólicos e vinagres - Águas, incluindo as águas minerais e as águas gaseificadas, adicionadas de açúcar ou de outros edulcorantes ou aromatizadas e outras bebidas não alcoólicas, exceto sucos (sumos) de fruta ou de produtos hortícolas, da posição 20.09. - Cerveja sem álcool;;;;;;;;
ncm:22029100|p0003|2026-09-16T00:44:24Z|16;ncm:22029100;22029100;3;16;2026-09-16T00:44:24Z;PILAR;CERVEJA GINGER SIM SEM ALCOOL LATA 350ML;70341601006;https://cdn-cosmos.bluesoft.com.br/products/70341601006;1400.0;2100.0;2800.0;4450;4600;2025-07-29T16:17:18.000-03:00;2025-07-29T16:17:18.000-03:00;;;;0.0;0.0;3;COSMOS;https://cosmos.bluesoft.com.br/products/barcode/4520EB0E209FFDA449A8DA55268AB3AD.png;;;;;22029100;Cerveja sem álcool;Bebidas, líquidos alcoólicos e vinagres - Águas, incluindo as águas minerais e as águas gaseificadas, adicionadas de açúcar ou de outros edulcorantes ou aromatizadas e outras bebidas não alcoólicas, exceto sucos (sumos) de fruta ou de produtos hortícolas, da posição 20.09. - Cerveja sem álcool;;;;;;;;
ncm:22029100|p0003|2026-09-16T00:44:24Z|17;ncm:22029100;22029100;3;17;2026-09-16T00:44:24Z;PILAR;CERVEJA SIM IPA SEM ALCOOL LATA 350ML;70341601013;;600.0;1250.0;600.0;350;383;2025-07-31T15:17:17.000-03:00;2025-07-31T15:17:17.000-03:00;;;;0.0;0.0;2;COSMOS;https://cosmos.bluesoft.com.br/products/barcode/4520EB0E209FFDA469183FBCFF9DF6C8.png;;;;;22029100;Cerveja sem álcool;Bebidas, líquidos alcoólicos e vinagres - Águas, incluindo as águas minerais e as águas gaseificadas, adicionadas de açúcar ou de outros edulcorantes ou aromatizadas e outras bebidas não alcoólicas, exceto sucos (sumos) de fruta ou de produtos hortícolas, da posição 20.09. - Cerveja sem álcool;;;;;;;;
ncm:22029100|p0003|2026-09-16T00:44:24Z|18;ncm:22029100;22029100;3;18;2026-09-16T00:44:24Z;PILAR;CHOPP DE VINHO DRAFT LINE ZERO ALCOOL 600ML;7896494211083;https://cdn-cosmos.bluesoft.com.br/products/7896494211083;0.0;0.0;0.0;;;2025-08-06T16:33:20.000-03:00;2026-06-06T12:42:06.000-03:00;;;;0.0;0.0;2;COSMOS;https://cosmos.bluesoft.com.br/products/barcode/819D7B2640F02CF245205ED514FB6FB6.png;;;;;22029100;Cerveja sem álcool;Bebidas, líquidos alcoólicos e vinagres - Águas, incluindo as águas minerais e as águas gaseificadas, adicionadas de açúcar ou de outros edulcorantes ou aromatizadas e outras bebidas não alcoólicas, exceto sucos (sumos) de fruta ou de produtos hortícolas, da posição 20.09. - Cerveja sem álcool;;74;Vinhos;65;;;;
ncm:22029100|p0003|2026-09-16T00:44:24Z|19;ncm:22029100;22029100;3;19;2026-09-16T00:44:24Z;PILAR;CERVEJA PRAYA PURO MALTE LN 355ML;7898694491494;;;;;;;2025-09-05T02:07:21.000-03:00;2026-01-14T15:20:56.000-03:00;;;;0.0;0.0;1;COSMOS;https://cosmos.bluesoft.com.br/products/barcode/D7893E720C98F06A7A1F127EC7C3ED4A.png;;;;;22029100;Cerveja sem álcool;Bebidas, líquidos alcoólicos e vinagres - Águas, incluindo as águas minerais e as águas gaseificadas, adicionadas de açúcar ou de outros edulcorantes ou aromatizadas e outras bebidas não alcoólicas, exceto sucos (sumos) de fruta ou de produtos hortícolas, da posição 20.09. - Cerveja sem álcool;;;;;;;;
ncm:22029100|p0003|2026-09-16T00:44:24Z|20;ncm:22029100;22029100;3;20;2026-09-16T00:44:24Z;PILAR;CERVEJA ESTRELLA GALICIA 0,0 ZERO ÁLCOOL LONG NECK 330ML;8412598004605;https://cdn-cosmos.bluesoft.com.br/products/8412598004605;;;;;;2025-09-11T11:25:07.000-03:00;2026-08-28T13:46:15.000-03:00;;;;0.0;0.0;2;COSMOS;https://cosmos.bluesoft.com.br/products/barcode/3F9D5126177067540270E8BC54ED0689.png;;;;;22029100;Cerveja sem álcool;Bebidas, líquidos alcoólicos e vinagres - Águas, incluindo as águas minerais e as águas gaseificadas, adicionadas de açúcar ou de outros edulcorantes ou aromatizadas e outras bebidas não alcoólicas, exceto sucos (sumos) de fruta ou de produtos hortícolas, da posição 20.09. - Cerveja sem álcool;;208;Cerveja sem Alcóol;65;;;;
ncm:22029100|p0003|2026-09-16T00:44:24Z|21;ncm:22029100;22029100;3;21;2026-09-16T00:44:24Z;PILAR;EST GALICIA 0,0% TOSTADA LN 330ML;8412598009389;;;;;;;2025-09-17T00:43:01.000-03:00;2026-03-21T08:09:21.000-03:00;;;;0.0;0.0;1;COSMOS;https://cosmos.bluesoft.com.br/products/barcode/3F9D512617706754CE57578922B4F929.png;;;;;22029100;Cerveja sem álcool;Bebidas, líquidos alcoólicos e vinagres - Águas, incluindo as águas minerais e as águas gaseificadas, adicionadas de açúcar ou de outros edulcorantes ou aromatizadas e outras bebidas não alcoólicas, exceto sucos (sumos) de fruta ou de produtos hortícolas, da posição 20.09. - Cerveja sem álcool;;;;;;;;
ncm:22029100|p0003|2026-09-16T00:44:24Z|22;ncm:22029100;22029100;3;22;2026-09-16T00:44:24Z;PILAR;CERVEJA SEM ALCOOL SIM! SOUR MELANCIA;70341601037;;;;;;;2025-09-19T17:57:25.000-03:00;2025-10-09T01:01:26.000-03:00;;;;0.0;0.0;1;COSMOS;https://cosmos.bluesoft.com.br/products/barcode/4520EB0E209FFDA44958D3C7BABD9F63.png;;;;;22029100;Cerveja sem álcool;Bebidas, líquidos alcoólicos e vinagres - Águas, incluindo as águas minerais e as águas gaseificadas, adicionadas de açúcar ou de outros edulcorantes ou aromatizadas e outras bebidas não alcoólicas, exceto sucos (sumos) de fruta ou de produtos hortícolas, da posição 20.09. - Cerveja sem álcool;;;;;;;;
ncm:22029100|p0003|2026-09-16T00:44:24Z|23;ncm:22029100;22029100;3;23;2026-09-16T00:44:24Z;PILAR;CERVEJA ERDINGER ZERO ALCOOL ALKOHOLFREI GARRAFA 500ML;4002103248286;;;;;500;500;2025-09-24T00:34:24.000-03:00;2026-08-31T00:29:29.000-03:00;;;;0.0;0.0;2;COSMOS;https://cosmos.bluesoft.com.br/products/barcode/D65BD7DC3C63AB76A55D606A6E1612DE.png;;;;;22029100;Cerveja sem álcool;Bebidas, líquidos alcoólicos e vinagres - Águas, incluindo as águas minerais e as águas gaseificadas, adicionadas de açúcar ou de outros edulcorantes ou aromatizadas e outras bebidas não alcoólicas, exceto sucos (sumos) de fruta ou de produtos hortícolas, da posição 20.09. - Cerveja sem álcool;;;;;;;;
ncm:22029100|p0003|2026-09-16T00:44:24Z|24;ncm:22029100;22029100;3;24;2026-09-16T00:44:24Z;PILAR;CERVEJA LN 330ML IMPERIO PURO MALTE ZERO ALCOOL;7898738660640;https://cdn-cosmos.bluesoft.com.br/products/7898738660640;;;;;;2025-09-29T17:24:52.000-03:00;2026-09-15T09:18:32.000-03:00;;;;0.0;0.0;4;COSMOS;https://cosmos.bluesoft.com.br/products/barcode/D64B3791CEE7CB05BF81647F1EBC405C.png;;;;;22029100;Cerveja sem álcool;Bebidas, líquidos alcoólicos e vinagres - Águas, incluindo as águas minerais e as águas gaseificadas, adicionadas de açúcar ou de outros edulcorantes ou aromatizadas e outras bebidas não alcoólicas, exceto sucos (sumos) de fruta ou de produtos hortícolas, da posição 20.09. - Cerveja sem álcool;;141;Cervejas Tradicionais;203;;;;
ncm:22029100|p0003|2026-09-16T00:44:24Z|25;ncm:22029100;22029100;3;25;2026-09-16T00:44:24Z;PILAR;CERVEJA IMPERIO ZERO ALCOOL LT 350ML;7898738660664;https://cdn-cosmos.bluesoft.com.br/products/7898738660664;;;;;;2025-10-02T23:02:59.000-03:00;2026-09-11T16:39:42.000-03:00;;;;0.0;0.0;2;COSMOS;https://cosmos.bluesoft.com.br/products/barcode/D64B3791CEE7CB05BB3E387AFE859DE5.png;;;;;22029100;Cerveja sem álcool;Bebidas, líquidos alcoólicos e vinagres - Águas, incluindo as águas minerais e as águas gaseificadas, adicionadas de açúcar ou de outros edulcorantes ou aromatizadas e outras bebidas não alcoólicas, exceto sucos (sumos) de fruta ou de produtos hortícolas, da posição 20.09. - Cerveja sem álcool;;204;Cervejas Especiais;203;;;;
ncm:22029100|p0003|2026-09-16T00:44:24Z|26;ncm:22029100;22029100;3;26;2026-09-16T00:44:24Z;PILAR;CERV IMIGRACAO 0 0% PILSEN 350ML;7899923609406;;;;;;;2025-12-14T04:05:14.000-03:00;2026-08-14T08:02:11.000-03:00;;;;0.0;0.0;1;COSMOS;https://cosmos.bluesoft.com.br/products/barcode/7104702859A8586C992A3BE2A45E4666.png;;;;;22029100;Cerveja sem álcool;Bebidas, líquidos alcoólicos e vinagres - Águas, incluindo as águas minerais e as águas gaseificadas, adicionadas de açúcar ou de outros edulcorantes ou aromatizadas e outras bebidas não alcoólicas, exceto sucos (sumos) de fruta ou de produtos hortícolas, da posição 20.09. - Cerveja sem álcool;;;;;;;;
ncm:22029100|p0003|2026-09-16T00:44:24Z|27;ncm:22029100;22029100;3;27;2026-09-16T00:44:24Z;PILAR;CERVEJA BUDWEISER ZERO LT 473ML;7891991307963;;0.0;0.0;0.0;470;450;2025-12-15T10:43:46.000-03:00;2026-07-09T07:35:36.000-03:00;;;;0.0;0.0;1;COSMOS;https://cosmos.bluesoft.com.br/products/barcode/0380311FDD99C28A4DFE6E38B3C85C10.png;;;;;22029100;Cerveja sem álcool;Bebidas, líquidos alcoólicos e vinagres - Águas, incluindo as águas minerais e as águas gaseificadas, adicionadas de açúcar ou de outros edulcorantes ou aromatizadas e outras bebidas não alcoólicas, exceto sucos (sumos) de fruta ou de produtos hortícolas, da posição 20.09. - Cerveja sem álcool;;;;;;;;
ncm:22029100|p0003|2026-09-16T00:44:24Z|28;ncm:22029100;22029100;3;28;2026-09-16T00:44:24Z;PILAR;CERVEJA KRUG 355ML LN ZERO ALC;7898641261569;;;;;;;2026-01-14T01:22:06.000-03:00;2026-07-10T13:34:19.000-03:00;;;;0.0;0.0;1;COSMOS;https://cosmos.bluesoft.com.br/products/barcode/09BF005ED5E2BA1FD291B9E88D197464.png;;;;;22029100;Cerveja sem álcool;Bebidas, líquidos alcoólicos e vinagres - Águas, incluindo as águas minerais e as águas gaseificadas, adicionadas de açúcar ou de outros edulcorantes ou aromatizadas e outras bebidas não alcoólicas, exceto sucos (sumos) de fruta ou de produtos hortícolas, da posição 20.09. - Cerveja sem álcool;;;;;;;;
ncm:22029100|p0003|2026-09-16T00:44:24Z|29;ncm:22029100;22029100;3;29;2026-09-16T00:44:24Z;PILAR;CERV SKOL 330ML ZERO LN;7891991308267;https://cdn-cosmos.bluesoft.com.br/products/7891991308267;200.0;120.0;270.0;3;4;2026-03-03T10:52:14.000-03:00;2026-09-15T14:36:27.000-03:00;;;;0.0;0.0;2;COSMOS;https://cosmos.bluesoft.com.br/products/barcode/0380311FDD99C28A7AD64FAF253552C9.png;;;;;22029100;Cerveja sem álcool;Bebidas, líquidos alcoólicos e vinagres - Águas, incluindo as águas minerais e as águas gaseificadas, adicionadas de açúcar ou de outros edulcorantes ou aromatizadas e outras bebidas não alcoólicas, exceto sucos (sumos) de fruta ou de produtos hortícolas, da posição 20.09. - Cerveja sem álcool;;141;Cervejas Tradicionais;203;;;;
ncm:22029100|p0003|2026-09-16T00:44:24Z|30;ncm:22029100;22029100;3;30;2026-09-16T00:44:24Z;PILAR;CERVEJA BLACK PRINCESS 330ML ZERO ALCOOL LONG NECK;7898377663101;https://cdn-cosmos.bluesoft.com.br/products/7898377663101;62.0;220.0;62.0;1000;625;2026-05-08T14:48:48.000-03:00;2026-08-29T18:50:48.000-03:00;;;;0.0;0.0;3;COSMOS;https://cosmos.bluesoft.com.br/products/barcode/4C917DA444004079160A41C5912EF518.png;;;;;22029100;Cerveja sem álcool;Bebidas, líquidos alcoólicos e vinagres - Águas, incluindo as águas minerais e as águas gaseificadas, adicionadas de açúcar ou de outros edulcorantes ou aromatizadas e outras bebidas não alcoólicas, exceto sucos (sumos) de fruta ou de produtos hortícolas, da posição 20.09. - Cerveja sem álcool;;141;Cervejas Tradicionais;203;;;;
ncm:22029100|p0004|2026-09-16T00:44:24Z|01;ncm:22029100;22029100;4;1;2026-09-16T00:44:24Z;PILAR;CERV HEINEKEN ULTIMATE S/GLUTEN LT 350ML;7896045507726;https://cdn-cosmos.bluesoft.com.br/products/7896045507726;66.0;122.0;66.0;350;380;2026-06-02T16:57:02.000-03:00;2026-09-15T16:38:13.000-03:00;;;;0.0;0.0;2;COSMOS;https://cosmos.bluesoft.com.br/products/barcode/766E2F51169495DD0C0D30354C33EF2B.png;;;;;22029100;Cerveja sem álcool;Bebidas, líquidos alcoólicos e vinagres - Águas, incluindo as águas minerais e as águas gaseificadas, adicionadas de açúcar ou de outros edulcorantes ou aromatizadas e outras bebidas não alcoólicas, exceto sucos (sumos) de fruta ou de produtos hortícolas, da posição 20.09. - Cerveja sem álcool;;141;Cervejas Tradicionais;203;;;;
ncm:22029100|p0004|2026-09-16T00:44:24Z|02;ncm:22029100;22029100;4;2;2026-09-16T00:44:24Z;PILAR;CERVEJA L.NECK HEINEKEN ZERO 250ML;7896045507429;;;;;;;2026-06-16T13:28:21.000-03:00;2026-09-05T07:15:50.000-03:00;;;;0.0;0.0;2;COSMOS;https://cosmos.bluesoft.com.br/products/barcode/766E2F51169495DD73372732236FE7D0.png;;;;;22029100;Cerveja sem álcool;Bebidas, líquidos alcoólicos e vinagres - Águas, incluindo as águas minerais e as águas gaseificadas, adicionadas de açúcar ou de outros edulcorantes ou aromatizadas e outras bebidas não alcoólicas, exceto sucos (sumos) de fruta ou de produtos hortícolas, da posição 20.09. - Cerveja sem álcool;;;;;;;;
ncm:22029100|p0004|2026-09-16T00:44:24Z|03;ncm:22029100;22029100;4;3;2026-09-16T00:44:24Z;PILAR;CERV BRAHMA LT 473ML CHOPP ZERO;7891991308625;;0.0;0.0;0.0;350;370;2026-06-21T20:36:25.000-03:00;2026-09-10T16:40:31.000-03:00;;;;0.0;0.0;1;COSMOS;https://cosmos.bluesoft.com.br/products/barcode/0380311FDD99C28A44A1BAC2F7BA9E67.png;;;;;22029100;Cerveja sem álcool;Bebidas, líquidos alcoólicos e vinagres - Águas, incluindo as águas minerais e as águas gaseificadas, adicionadas de açúcar ou de outros edulcorantes ou aromatizadas e outras bebidas não alcoólicas, exceto sucos (sumos) de fruta ou de produtos hortícolas, da posição 20.09. - Cerveja sem álcool;;;;;;;;
ncm:22029100|p0004|2026-09-16T00:44:24Z|04;ncm:22029100;22029100;4;4;2026-09-16T00:44:24Z;PILAR;CERVEJA SKOL ZERO ALCOOL 269ML;7891991308410;;;;;285;285;2026-07-22T09:50:58.000-03:00;2026-09-14T10:06:10.000-03:00;;;;0.0;0.0;1;COSMOS;https://cosmos.bluesoft.com.br/products/barcode/0380311FDD99C28A593163D0A0763A9D.png;;;;;22029100;Cerveja sem álcool;Bebidas, líquidos alcoólicos e vinagres - Águas, incluindo as águas minerais e as águas gaseificadas, adicionadas de açúcar ou de outros edulcorantes ou aromatizadas e outras bebidas não alcoólicas, exceto sucos (sumos) de fruta ou de produtos hortícolas, da posição 20.09. - Cerveja sem álcool;;203;Cervejas;140;;;;
ncm:22029100|p0004|2026-09-16T00:44:24Z|05;ncm:22029100;22029100;4;5;2026-09-16T00:44:24Z;PILAR;SKOL ZERO LT 269ML SH C/15;7891991308434;;;;;;;2026-07-25T08:32:03.000-03:00;2026-08-30T03:48:59.000-03:00;;;;0.0;0.0;1;COSMOS;https://cosmos.bluesoft.com.br/products/barcode/0380311FDD99C28ACB365198FB8CFE09.png;;;;;22029100;Cerveja sem álcool;Bebidas, líquidos alcoólicos e vinagres - Águas, incluindo as águas minerais e as águas gaseificadas, adicionadas de açúcar ou de outros edulcorantes ou aromatizadas e outras bebidas não alcoólicas, exceto sucos (sumos) de fruta ou de produtos hortícolas, da posição 20.09. - Cerveja sem álcool;;;;;;;;
